AÑO;TIPO;ESTADO;No. CONVOCATORIA;NOMBRE CONVOCATORIA;ENTIDAD;ROL UDFJC;ALIADO;PROGRAMA;MESES;GRUPOS DE INVESTIGACIÓN;VALOR PROYECTO;RECURSOS EN EFECTIVO FINANCIADO A UDFJC;VALOR PROYECTO EFECTIVO;VALOR PROYECTO ESPECIE;SOLICITADO A ENTIDAD;UDFJC EFECTIVO;UDFJC ESPECIE;"SOLICITADO ALIADO 1
EFECTIVO";"SOLICITADO ALIADO 1
ESPECIE";"SOLICITADO ALIADO 2
EFECTIVO";"SOLICITADO ALIADO 2
ESPECIE";"SOLICITADO ALIADO 3
EFECTIVO";"SOLICITADO ALIADO 3
ESPECIE";"SOLICITADO ALIADO 4
EFECTIVO";"SOLICITADO ALIADO 4
ESPECIE";RESULTADOS ESPERADOS;PRODUCTOS ESPERADOS;% Aportes Colciencias;% Aportes UDFJC;% Aportes UDFJC Efectivo;% Aportes UDFJC Especie;% Aportes Aliado 1;% Aportes Aliado 2;% Aportes Aliado 3;% Aportes Aliado 4
2021;Propuesta de Investigación Alianza Convenio;Contrato firmado;N/A;"Presentación propuesta al Proyecto de Inversión 1763 “Un nuevo contrato para mujeres cuidadoras en Fontibón”, 1782 ""Un nuevo contrato para la participación ciudadana en Fontibón"" y 1758 ""Un nuevo contrato para la Cultura en Fontibón""";Alcaldía de Fontibón;Ejecutor;Alcaldía de Fontibón;N/A;6;"UDFJC:
- Vivencias"; $ 440.000.000 ; $ 320.000.000 ; $ 384.000.000 ; $ 56.000.000 ; $ 320.000.000 ; $ 64.000.000 ; $ 56.000.000 ; $ -   ; $ -   ; $ -   ; $ -   ; $ -   ; $ -   ; $ -   ; $ -   ;"TALLERES:
1. ¿Cómo renovar el sentido de la participación social comunitaria en torno a los conceptos de lo común y la comunidad?
2. La cuestión de los derechos humanos, económicos sociales y culturales en la construcción de territorios de la participación
3. Participación, convivencia y noviolencia
4. Gestión cultural y gestión política
5. Formas económicas en la gestión cultural
6. Tejiendo desarrollo 
7. ¿Como pasar del sufrimiento y la enfermedad a la salud y la felicidad, a través del autocuidado?
8. Autocuidado y Desarrollo personal 
9. Cuidado personal y autoconocimiento
10. El auto cuidado y el cuidado de otr@s: Una propuesta de plenitud
11. El auto cuidado y la sanación: Una mirada integral cuerpo, mente y espiritualidad. ";"- Documento para ser publicado que enfatiza en elementos de orden político, ético, existencial, estético de los diferentes componentes que integran el convenio, abordando los componentes de cuidado, participación y cultura  
- Se deberá diseñar, elaborar y entregar una cartilla por cada uno de los componentes del proyecto; la descripción técnica tendrá un formato abierto de 22x30 cm y cerrada de 22 X15 cm, con terminado caballete
de 15 hojas tiro y retiro, impreso por las dos caras en dos tintas, con portada y contraportada en tres colores
- Se creará un artículo académico para difundir en revista con ISBN, por cada uno de los componentes trabajados en el proceso de investigación-formación
- Se desplegará un proceso de difusión y comunicación, a través del espacio radial, Voces y Devenires, el Doctorado en Estudios Sociales cuenta con un programa propio “Rizoma” en el cual se estarán transmitiendo noticias del proyecto “Fontibón como espacio cultural, democrático y del cuidado”, además de entrevistas a participantes del proceso investigativo-formativo.
- El documento deberá contener los testimonios e insumos testimoniales recogidos a lo largo del proceso de investigación formación 
- Desarrollo de un proceso de formación orientado a hombres y mujeres de la localidad de Fontibón. Se busca la profundización en la configuración de imaginarios, prácticas y acciones sobre el cuidado, cultura y participación, estableciendo un proceso reflexivo entre las dinámicas institucionales y las vivencias  de la ciudadanía de
Cuidado y en la interacción cuidado-autocuidado en diversos contextos
- Con el apoyo de un equipo de profesionales se trabajará con 30 cuidadores/as que estén participando en el proceso formativo e investigativo. Se impulsa una reflexión y un trabajo teórico y práctico que involucre   una concepción crítica de Cuidado y Autocuidado que transite más allá de los sesgos de género o sexo y que muestre sus claras implicaciones éticas, políticas y existenciales. 
- Desarrollo de cinco tipos de talleres dirigidos a hombres y mujeres que asisten al proceso formativo/investigativo. Estos talleres que enfatizan en aspectos vivenciales, existenciales, éticos y políticos, configuran aspectos que deben ser centrales en un cuidador/a. Son procesos de corte afectivo que le apuntan a la desubjetivación y, además, a formas mutantes que permitan tránsitos más allá de significados y representaciones que circulan sobre el Cuidado en un plano de organización. 
- Cartografías sociales";72,73%;27,27%;53,33%;46,67%;0,00%;0,00%;0,00%;0,00%
2018;Propuesta de Investigación Convocatoria;No Avalada;802;N/A;MinCiencias;Co-ejecutor;"1- Universidad Minuto de Dios
2- Corporación Centauro Bacatá


Alcaldía de Choachí - Alcaldía de Fómeque ";N/A;18;N/A; $ 547.842.614 ; $ -   ; $ 442.541.614 ; $ 105.301.000 ; $ 349.991.614 ; $ 52.650.000 ; $ 24.301.000 ; $ 39.900.000 ; $ 81.000.000 ; $ -   ; $ -   ; $ -   ; $ -   ; $ -   ; $ -   ;"* Participación ciudadana en productos CTel
* Alianza con el municipio para promover la apropiación social del conocimiento por parte de la población.
* Promover la creación de dos (2) comités de vigilancia, cuidado y recuperación de los acuíferos existentes en el área de influencia del estudio
* Formación de 4 estudiantes de pregrado
* Formación de 2 estudiantes de maestría
";"* Mapa geomorfológico que identifique los acuíferos presentes en el área de estudio y su interrelación.
* Cartilla de cuidado y uso de los acuíferos
* Un libro
* Un artículo
";63,89%;14,05%;68,42%;31,58%;22,07%;0,00%;0,00%;0,00%
2018;Propuesta de Investigación Convocatoria;No Avalada;802;N/A;MinCiencias;Co-ejecutor;"1- Universidad Minuto de Dios
2- Corporación Centauro Bacatá

Beneficiarios:
I.E.D IGNACIO PESCADOR DE CHOACHI
I.E.D MONSEÑOR AGUSTIN GUTIERREZ DE FOMEQUE
";N/A;18;N/A; $ 507.842.614 ; $ -   ; $ 402.641.614 ; $ 105.201.000 ; $ 349.991.614 ; $ 52.650.000 ; $ 8.101.000 ; $ -   ; $ 97.100.000 ; $ -   ; $ -   ; $ -   ; $ -   ; $ -   ; $ -   ;"* Participación ciudadana en productos Ctel
* Alianza con centro dedicado a la apropiación social del conocimiento
* Formación de 4 estudiantes de pregrado
* Formación de dos estudiantes de maestría";"* Mapa de cobertura vegetal
* Un libro
* Un articulo
* Guía de cuidado, uso de especies vegetales";68,92%;11,96%;86,67%;13,33%;19,12%;0,00%;0,00%;0,00%
2018;Propuesta de Investigación Convocatoria;No Avalada;806;N/A;MinCiencias;Ejecutor;Programa ECOSNORD Francia;N/A;36;N/A; $ 78.000.000 ; $ -   ; $ -   ; $ 78.000.000 ; $ -   ; $ -   ; $ 78.000.000 ; $ -   ; $ -   ; $ -   ; $ -   ; $ -   ; $ -   ; $ -   ; $ -   ;"* Proyecto de documental UVED Parque Chingaza (equivalente del proyecto UVED Reerva de la Biosfera Mapimí) 
* Publicaciones (VIA revista sobre el ecosistema, Geocarrefour, …)
* Coordinación de un Simposio en el 9º Congreso Internacional del Consejo Europeo de Investigaciones Sociales de América Latina (CEISAL) Alvaro Gutiérrez/Teresa Alarcón 2019
* Coordinación de un número de la revista ORDA 2021";0;0,00%;100,00%;0,00%;100,00%;0,00%;0,00%;0,00%;0,00%
2018;Propuesta de Investigación Convocatoria;No Avalada;806;N/A;MinCiencias;Ejecutor;Programa ECOSNORD Alemania;N/A;24;N/A; $ 108.915.069 ; $ -   ; $ 69.657.534 ; $ 39.257.535 ; $ 69.657.534 ; $ -   ; $ 39.257.535 ; $ -   ; $ -   ; $ -   ; $ -   ; $ -   ; $ -   ; $ -   ; $ -   ;0;0;63,96%;36,04%;0,00%;100,00%;0,00%;0,00%;0,00%;0,00%
2018;Propuesta de Investigación Convocatoria;No Avalada;807;N/A;MinCiencias;Ejecutor;HOME ROBOTIK SAS;N/A;24;N/A; $ 774.423.518 ; $ -   ; $ 599.623.518 ; $ 174.800.000 ; $ 528.252.518 ; $ 51.371.000 ; $ 124.400.000 ; $ 20.000.000 ; $ 50.400.000 ; $ -   ; $ -   ; $ -   ; $ -   ; $ -   ; $ -   ;"* PROTOTIPO FUNCIONAL DE UN
SISTEMA SUMERGIBLE DE _VISIÓN ARTIFICIAL PARA LA MEDICIÓN Y PROCESAMÍENTO
BIOMECÁNICO DEL TREN INFERIOR HUMANO DURANTE LA REHABILITACIÓN EN PISCINA PARA
ENFERMEDADES NEUROMUSCULARES
* Sistema de Visión Artificial Sumergible
* Sistema de Seguimiento Automático del Objetivo
* Sistema de Procesamiento y Visualización de Datos.
* Sistema de Telemedicina
";"* Artículo de investigación
* Libro resultado de investigación
* Ejemplar del libro resultado de la investigación o carta de aceptación de publicación del libro expedida por el comité
editorial
* Producto tecnológico 
patentado o en proceso de solicitud de patente
* Prototipo de sistema
* Registro de Software";68,21%;22,70%;29,23%;70,77%;9,09%;0,00%;0,00%;0,00%
2018;Propuesta de Investigación Convocatoria;No Avalada;808;N/A;MinCiencias;Ejecutor;N/A;N/A;30;N/A; $ 439.445.398 ; $ -   ; $ 259.271.998 ; $ 180.173.400 ; $ 241.989.411 ; $ 17.282.587 ; $ 180.173.400 ; $ -   ; $ -   ; $ -   ; $ -   ; $ -   ; $ -   ; $ -   ; $ -   ;"* Formación culminada del estudiante de
doctorado en el marco del proyecto.
* Vinculación del joven investigador al
proyecto
* Formación culminada del estudiante de
pregrado al proyecto
* Tesis de maestría en ejecución,
enmarcada en el proyecto financiado
* Organización de eventos especializados
* Presentación de los resultados ante las autoridades competentes
* Documento sobre la patente y/o Registro de propiedad intelectual";"* Dos (2) artículos publicados en revistas A de PUBLINDEX (Q1 o Q2).
* Dos (2) artículos publicados en revistas B de PUBLINDEX (Q3)
* Libro - documento final tesis Doctoral
";55,07%;44,93%;8,75%;91,25%;0,00%;0,00%;0,00%;0,00%
2018;Propuesta de Investigación Convocatoria;No Avalada;804;N/A;MinCiencias;Co-ejecutor;"1- Konrad Lorenz - Ejecutor
2- Universidad Católica de Oriente - Coejecutor
3- Log On Colombia";N/A;18;N/A; $ 862.558.827 ; $ -   ; $ 536.553.394 ; $ 326.005.433 ; $ 536.553.394 ; $ -   ; $ 131.800.000 ; $ -   ; $ 174.405.433 ; $ -   ; $ -   ; $ -   ; $ 19.800.000 ; $ -   ; $ -   ;"* Perfil sociodemográfico y psicográfico de los estudiantes de educación virtual de dos zonas de Antioquia, identificando su perfil tecnológico, su historia de interacción con entornos virtuales y sus competencias de autorregulación
* Evidencia, a partir de las actividades de investigación y la metodología descrita, de los componentes pedagógicos necesarios para la implementación del programa.";"* Dos artículos sometidos a revistas de impacto (Q1-Q2).
* Informe final sobre el diseño, construcción y validación del programa de intervención pedagógica para la prevención de la deserción y aumento del éxito estudiantil.
* Mundo virtual 3D para la implementación y uso del programa de intervención pedagógica para la prevención de la deserción y aumento del éxito estudiantil.
* Informe final sobre las recomendaciones para el uso del programa de intervención pedagógica para la prevención de la deserción y aumento del éxito estudiantil.
* Participación en dos eventos científicos.
";62,20%;15,28%;0,00%;100,00%;20,22%;0,00%;2,30%;0,00%
2018;Propuesta de Investigación Convocatoria;No Avalada;807;N/A;MinCiencias;Ejecutor;"1- Empresa ING - Elkin Yamith Gualteros Vanegas
2- Hospital Central de la Policia Nacional HOCEN";N/A;34;N/A; $ 355.285.227 ; $ -   ; $ 288.285.227 ; $ 67.000.000 ; $ 229.335.227 ; $ 23.000.000 ; $ 42.000.000 ; $ 26.200.000 ; $ -   ; $ -   ; $ -   ; $ 9.750.000 ; $ 25.000.000 ; $ -   ; $ -   ;"* Tener un protocolo indicador de los pacientes con neumon  a adquirida en comunidad que
pueden acceder en el sistema hospitalizaci on domiciliaria.
 * Dispositivos biom etricos basados en el IoT que obtengan constantemente los signos vitales del paciente.
* Un software que se encargue de registrar y administrar la evoluci on del paciente teniendo
en cuenta la monitorizaci on constante de los dispositivos conectados a la red y que el
centro asistencial pueda observar los datos recogidos.
* Documento que gestione la parte administrativa de los instrumentos y sirva de guía para
respuesta inmediata en caso de emergencia u otra eventualidad.
* Evidencia de una prueba piloto en el que se especi que la evoluci on de los pacientes, los
gastos y la viabilidad del proyecto a una escala mayor.";"PONENCIAS: Participacion congresos internacionales para la divulgaci on de resultados.
PONENCIAS: Participacion en congresos nacionales para la divulgaci on de resultados.
ARTICULO ORIGINAL EN REVISTA INDEXADA:Articulo original publicado en cualquier
revista clasi cadas como A1, A2, B, C.
PRODUCTOS TECNOL OGICOS CERTIFICADOS O VALIDADOS: Plataforma virtual (software)
de conexi on paciente-centro asistencial.
PRODUCTOS TECNOL OGICOS CERTIFICADOS O VALIDADOS : Validaci on de los dispositivos
de monitorizaci on de signos vitales a pacientes con neumonia adquirida en comunidad.
CARTILLA: Elaboraci on y divulgaci on de una cartilla donde se evidencie la propuesta de
un nuevo modelo de hospitalizaci on domiciliaria con sus respectivos protocolos y normas.
REALIZACI  ON DE CURSOS DE CAPACITACI  ON, SEMINARIOS Y TALLERES : Realizar
una capacitaci on al personal de la salud de acuerdo a la investigaci on y procedimientos de
nuestro proyecto.
PRESENTACI  ON DE LOS RESULTADOS A LAS AUTORIDADES LOCALES, NACIONALES
Y SECTORIALES: Presentar resultados del estudio acerca de la viabilidad de un modelo de";64,55%;18,30%;35,38%;64,62%;7,37%;0,00%;9,78%;0,00%
2018;Propuesta de Investigación Convocatoria;No Avalada;808;N/A;MinCiencias;Ejecutor;"Grupos de investigación UDFJC: 
1- GCEM
2- LIFAE
3- GITUD";N/A;24;N/A; $ 387.714.048 ; $ -   ; $ 239.984.850 ; $ 147.729.198 ; $ 239.984.850 ; $ -   ; $ 147.729.198 ; $ -   ; $ -   ; $ -   ; $ -   ; $ -   ; $ -   ; $ -   ; $ -   ;"* Profundo conocimiento de las funciones de diseño, construcción e implementación de sistemas de registro inteligentes, al igual que un procedimiento técnico  ara la selección del hardware y software requerido en el proyecto
* Validación y mejora de los sistemas de apantallamiento y aislamiento gracias a las pruebas en laboratorio, simulación a través de herramientas  computacionales. Identificación de los sistemas de conexión y la metodología de montaje óptima.
* El estudio preliminar de mercado permitirá realizar la búsqueda de principales actores de mercado, fortalezas, debilidades y diferencias con los competidores. Se realizará un análisis de la distribución geográfica, temporal y tipología del mercado. Por último, se realizará la búsqueda de competidores
* Se conseguirá identificar los procesos y requisitos necesarios para realizar la protección intelectual del conocimiento generado";"* Formación culminada del estudiante de maestría (2)
* Participación en eventos especializados, presentando los resultados de la investigación (2)
* Se dictará un curso de diseño de PCBs de veinte (20) horas
* Artículos de investigación A2 (2)
* SOFTWARE: Código fuente o manual de instalación. Registro de software ante entidades competentes
* PROTOTIPO: Planos de diseño o sus fotografías o demás soportes de existencia";61,90%;38,10%;0,00%;100,00%;0,00%;0,00%;0,00%;0,00%
2018;Propuesta de Investigación Convocatoria;No Avalada;807;N/A;MinCiencias;Ejecutor;"1- Grupo GITEM++
2- Laboratorio de Investigación en Fuentes Alternativas de Energía (LIFAE)";N/A;36;N/A; $ 386.200.000 ; $ -   ; $ 285.400.000 ; $ 100.800.000 ; $ 257.400.000 ; $ 28.000.000 ; $ 100.800.000 ; $ -   ; $ -   ; $ -   ; $ -   ; $ -   ; $ -   ; $ -   ; $ -   ;"1- Criterios de diagnóstico que propendan por disminución de la probabilidad de falsos negativos.
2- Nueva técnica matemática que permita extraer la información relevante para el diagnóstico desde la imagen medica de la retina.
3- Software que permita modelar un vaso sanguíneo desde el modelo matemático producto del segundo objetivo y a su vez permita verificar
dicho modelo matemático como herramienta de diagnóstico de la retinopatía diabética.
4- Modelo matemático del comportamiento dinámico de la irrigación sanguínea en cercanías de la retina, que permita determinar el estadio
patológico actual de la retinopatía diabética y que permita predecir la evolución de la patología en un paciente particular.
5- Software que permita verificar el modelo obtenido.";"1-  Formación de estudiante de doctorado: Formación culminada de estudiante de doctorado en el marco del proyecto.
2-  Ponencias: Se realizará dos ponencias de presentación de resultados de la investigación en sendos eventos académicos internacionales.
3- Participación en eventos científicos: Se participará en por lo menos un evento científicos internacional del área de la salud ocular, donde se presentarán
resultados de la investigación.
4- Articulo original en revista indexada: Se presentará artículo en categoría A2 y articulo en categoría Al.
5- Capítulo en libro resultado de investigación: Se entregará capítulo de libro o borrador sometido a evaluación.";66,65%;33,35%;21,74%;78,26%;0,00%;0,00%;0,00%;0,00%
2018;Propuesta de Investigación Convocatoria;No Avalada;807;N/A;MinCiencias;Ejecutor;"1- Universidad del Valle
2- Hospital Universitario del Valle Evaristo García ESE
3- Universidad de la Rioja";N/A;36;N/A; $ 1.694.823.566 ; $ -   ; $ 555.364.566 ; $ 1.139.459.000 ; $ 539.364.566 ; $ -   ; $ 494.102.000 ; $ -   ; $ 339.597.000 ; $ -   ; $ 193.440.000 ; $ 16.000.000 ; $ 112.320.000 ; $ -   ; $ -   ;"1. Vinculación 2 Jóvenes Investigadores (UDISTRITAL Y UNIVALLE)
2.Vinculación Estudiante de Maestría
3. Formación Culminada Estudiante de Pregrado
4. Participación en eventos científicos, presentando los resultados de la investigación CUATRO (4) 
5. Dos cursos de capacitación, seminarios o talleres realizados.
6. Artículo Original en Revista Indexada A1 
7. Artículo Original en Revista Indexada A2
8. DOS Artículos Original en Revista Indexada B
9.Registro de Software
10. Empresas de base tecnológica (spin-off),";"1. Contrato de vinculación del joven investigador e informe de las actividades desarrolladas en el marco del proyecto.
2.Documento que certifique que el trabajo de grado se realiza en el marco del proyecto, emitido por la autoridad en investigación de la institución educativa e informe de actividades realizadas.
3. Documento que certifique el trabajo de grado realizado por el estudiante de pregrado en el marco del proyecto y el acta de grado.
4. Producto: Certificado como de participación como ponente y soporte del trabajo presentado (memorias, programa de los eventos).
5. Programa del curso, capacitación, seminario o taller; intensidad horaria, duración y lista de asistencia.
6. Copia del artículo original aceptado en revista categorizada o la carta de aceptación del artículo.
7. Copia del artículo original aceptado en revista categorizada o la carta de aceptación del artículo.
8.Copia del artículo original aceptado en revista categorizada o la carta de aceptación del artículo.
9.Certificación de registro
aprobado por la institución otorgante.
10. Registro del producto o de la empresa ante la entidad competente, certificación institucional firmada por el representante legal que declare la implementación de la innovación en pequeñas, medianas y grandes empresas.";31,82%;29,15%;0,00%;100,00%;20,04%;11,41%;7,57%;0,00%
2018;Propuesta de Investigación Convocatoria;No Avalada;808;N/A;MinCiencias;Ejecutor;"1- Grupo GIIRA
2- Grupo GITUD";N/A;36;N/A; $ 477.567.000 ; $ -   ; $ 241.535.000 ; $ 236.032.000 ; $ 241.535.000 ; $ -   ; $ 236.032.000 ; $ -   ; $ -   ; $ -   ; $ -   ; $ -   ; $ -   ; $ -   ; $ -   ;"1- Modelo conceptual de representación del información espacial y espectral basado en una adecuada captura de datos considerando las propiedades físicas y temporales de la vegetación a evaluar. 
2- Modelos digitales de elevación y ortofotomosaicos con un muestreo
hiper-temporal para su análisis,
3- Identificación de los índices espectrales con una relación influyente para una estimación cuantitativa en la condición de la vegetación. 
4- Metodología adecuada para el procesamiento de la información, que generen índices de calidad y permitan realizar detecciones de cambio en la condición de la vegetación.
5- Documento que contenga los lineamientos metodológicos para la captura, análisis y evaluación de la condición vegetal en sistemas agroecológicos mediante imágenes obtenidas con vehículos aéreos no tripulados.";"1- Formación de estudiantes de Maestría (2)
2- Vinculación de estudiante de doctorado
3- Ponencias (2): Participación en eventos científicos
4- Seminarios (2)
5- ARTICULO ORIGINAL EN REVISTA INDEXADA tipo top (A1 o A2)
6- ARTICULO ORIGINAL EN REVISTA INDEXADA tipo A (B o C)
7- Libro o borrador de libro sometido a evaluación.";50,58%;49,42%;0,00%;100,00%;0,00%;0,00%;0,00%;0,00%
2018;Propuesta de Investigación Convocatoria;No Avalada;808;N/A;MinCiencias;Co-ejecutor;1- TECSOL;N/A;24;N/A; $ 416.335.317 ; $ -   ; $ 313.585.317 ; $ 102.750.000 ; $ 313.585.317 ; $ -   ; $ 60.750.000 ; $ -   ; $ 42.000.000 ; $ -   ; $ -   ; $ -   ; $ -   ; $ -   ; $ -   ;"1- Tesis de doctorado
2- Trabajo de grado de pregrado";"1- Artículo en revista indexada (2)
2- Ponencia en evento científico  (2)
3- Informe técnico Final
4- Taller de divulgación con industriales (a los 10 meses de inicio)  
5- Taller de socialización con industriales y búsqueda de financiación (a los 22meses de inicio)  ";75,32%;14,59%;0,00%;100,00%;10,09%;0,00%;0,00%;0,00%
2018;Propuesta de Investigación Convocatoria;No Avalada;808;N/A;MinCiencias;Ejecutor;"1- Grupo LIDER
2- Grupo LASER";N/A;36;N/A; $ 376.834.000 ; $ -   ; $ 241.834.000 ; $ 135.000.000 ; $ 241.834.000 ; $ -   ; $ 135.000.000 ; $ -   ; $ -   ; $ -   ; $ -   ; $ -   ; $ -   ; $ -   ; $ -   ;"1- Vinculación de un (1) estudiante de doctorado
2- Formación de dos (2) Magister
3- Formación de dos (2) profesionales
4- Dos (2) ponencias internacionales
5- Participación en tres (3) eventos científicos
6- Organización de un (1) evento científico";"1- Dos (2) artículos categoría A1, A2, B y C.
2- Publicación de un libro o borrador sometido a evaluación
";64,18%;35,82%;0,00%;100,00%;0,00%;0,00%;0,00%;0,00%
2018;Propuesta de Investigación Alianza Convenio;Contrato firmado;N/A;N/A;Fuerza Aérea Colombiana FAC;Ejecutor;"Fuerza Aérea Colombiana 
FAC";N/A;17;N/A; $ 948.000.000 ; $ -   ; $ -   ; $ 948.000.000 ; $ -   ; $ -   ; $ 298.000.000 ; $ -   ; $ 650.000.000 ; $ -   ; $ -   ; $ -   ; $ -   ; $ -   ; $ -   ;"Dominio Institucional
• Tanto la Universidad como la Fuerza Aérea Colombiana desarrollan su misionalidad generando y difundiendo saberes con vocación hacia el desarrollo sociocultural en defensa de la soberanía e integridad del territorio desde una perspectiva de sostenibilidad ambiental.
• Se consolidan procesos de investigación interinstitucionales que fortalecen los ámbitos académicos y tecnológicos en la búsqueda mancomunada del desarrollo social como fin primordial del Estado.
• Se afianza el compromiso de la Fuerza Aérea Colombiana en el despliegue de proyectos de protección ambiental que procuran una mayor producción de oxígeno, no sólo para la nación de la que hace parte de su defensa, sino para beneficio global.
Dominio lnvestigativo
• Fomento del cambio de perspectiva en el abordaje de problemáticas complejas que requieren la articulación de equipos de trabajo multidisciplinarios.
• Integración de la óptica civil a los proyectos de defensa de la soberanía e integridad del territorio, a partir de núcleos comunes de trabajo.
• Generación de nuevas narrativas de interpretación de la problemática del deterioro ambiental causado por estrategias mineras no planificadas.
• Explotación inteligente de bancos de datos del territorio nacional para garantizar el derecho y obligación del Estado y de las personas de proteger las riquezas y naturales de la Nación
• Divulgación de resultados y experiencias en eventos nacionales e internacionales.
Dominio Tecnológico
• Se dota a la nación de una federación de herramientas para el análisis de datos multifuente, multi-formato; con capacidad de ser utilizada en los estudios de afectación ambiental con una perspectiva multimedia!.
• Se fomenta la estandarización de datos y procesos (ambiente común de datos) para su visualización multitemporal y multidimensional en entornos Web (4D y SD).
• Se propicia el enriquecimiento semántico de la metadata a partir de la definición de una ontología específica que permita la representación del conocimiento del dominio de afectación ambiental de lechos fluviales.
• Al estar centrado en la arquitectura, se obtiene el beneficio de establecer un modelo base sobre el cual se integrarán los componentes en un ecosistema orientado a servicios.";"* Generación de conocimiento: Un artículo indexado, Una ponencia, un registro de
software.
*Nuevos desarrollos tecnológicos: Un modelo y sistema de predicción
* Fortalecimiento de la capacidad científica: Formación de Un Magíster, Formación de
un Ingeniero
* Fortalecimiento de la capacidad institucional: Futuros trabajos en alianza y
colaboración, reconocimientos por parte del estado.
* Apropiación social del conocimiento: Informes manuales, y transferencia al sector
productivo.";0,00%;31,43%;0,00%;100,00%;68,57%;0,00%;0,00%;0,00%
2018;Propuesta de Investigación Convocatoria;No Avalada;816;N/A;MinCiencias;Co-ejecutor;GIM Ingeniería Eléctrica LTDA;N/A;12;N/A; $ 770.564.675 ; $ -   ; $ 599.046.915 ; $ 171.517.760 ; $ 599.046.915 ; $ -   ; $ 44.843.496 ; $ -   ; $ 126.674.264 ; $ -   ; $ -   ; $ -   ; $ -   ; $ -   ; $ -   ;"1- Levantamiento de Requerimientos: Informe con necesidades, Diagrama de Procesos, Documento de análisis de funcionamiento de la línea de producción, Fichas de equipos documentados, Fichas de puestos de trabajo.
2- Diseño global del sistema de seguimiento y los requerimientos
monitoreo inteligente: Documento con el levantamiento de los requerimientos, URL con acceso a las funciones de
la arquitectura de software
3- Adquisición de equipos software y servicios tecnológicos: Informe con las especificaciones de los requerimientos para el diseño de software, Manual de procesos de adquisiciones
4- Instalación de elementos adquiridos: Documentos con las
especificaciones técnicas de los sensores, Informe con los detalles de la implementación y el estado del sistema
5- Evaluación: Tablas de evaluación del nivel de satisfacción de las adquisiciones, Informe técnico con las variables implementadas en la base de datos, Interfaz gráfica del sistema.";"Sistema de seguimiento y monitoreo inteligente implementado correctamente,
Documento con linea de producción caracterizada
Sistema con módulo de verificación de cada variable indicando en comportamiento
individual y registro de mediciones que registre tiempo.
Protocolo de validación del sistema de seguimiento y monitoreo propuesto desarrollado y probado";77,74%;5,82%;0,00%;100,00%;16,44%;0,00%;0,00%;0,00%
2018;Propuesta de Investigación Convocatoria;No Avalada;816;N/A;MinCiencias;Co-ejecutor;"1- FIREFLY ENERGY SAS
2- Universidad de Cundinamarca";N/A;12;N/A; $ 339.886.600 ; $ -   ; $ 251.886.600 ; $ 88.000.000 ; $ 191.886.600 ; $ -   ; $ 48.000.000 ; $ 60.000.000 ; $ -   ; $ -   ; $ 40.000.000 ; $ -   ; $ -   ; $ -   ; $ -   ;"1- Análisis de patrones y correlaciones en los reportes de emergencias.
2- Uso de Modelo de inteligencia de máquina y BigData en la predicción de emergencias, y que permita asistir en la coordinación y optimización
de equipos de respuesta a emergencias
3- Informe técnico del resultado de análisis de BigData sobre los datos recibidos de reportes de emergencias.
4- Sistema que permita recepción análisis y predicciones por medio de aprendizaje de máquina, encaminado a mejorar la respuesta de
equipos de emergencia.
5- Datos estadísticos y anóminos de libre consulta acerca de la geolocalización, frecuencia, clasificación y ocurrencia de reporte de
emergencias en la ciudad de Facatativa
6- Diseño de estaciones de monitoreo climático y de otros tipos que se conecten con sistemas de IOT basados en protocolo MQTT";"1- Publicación Revista Internacional Machine Learning y Big data
2- Ponencia Internacional Machine Learning y Big data aplicado a ciudades inteligentes";56,46%;14,12%;0,00%;100,00%;17,65%;11,77%;0,00%;0,00%
2020;Propuesta de Investigación Alianza Convenio;Contrato firmado;N/A;N/A;N/A;Aliado;"1- Corporación Universitaria Iberoamericana
2- Fundación Zemillah
3- Saber Colombia Languages Research and Development";N/A;12;"UDFJC:
-Grupo de Investigación Interdisciplinaria en Pedagogía del Lenguaje y las Matemáticas-GIIPLyM.
-Grupo de Investigación - Literatura, Educación y Comunicación (LEC)

IBERO:
- Grupo en Investigación y Escenarios de Educación Pedagógica - GIEEP.
"; $ 101.651.661 ; $ -   ; $ 7.000.000 ; $ 94.651.661 ; $ -   ; $ -   ; $ 51.500.000 ; $ 7.000.000 ; $ 25.783.661 ; $ -   ; $ 8.354.000 ; $ -   ; $ 9.014.000 ; $ -   ; $ -   ;"- Identificación de presencia o no de tópicos de formación relacionados y en lo posible de metodologías y orientaciones metodológicas.
- Base conceptual de las categorías.
- Formulación de primera versión tipo Artículo con categorías
- Talleres para la formación de profesores en experiencia estética en artes y en lenguaje y acogimiento a la diversidad.";"- Un artículo postulado a revista indexada A1, A, B, C y D
- Tres prototipos de talleres para formación de estudiantes para profesor.
- Un informe de análisis de potencialidades de recursos tecnológicos
- Estudiantes vinculados al proyecto como población en formación:
- Nueve estudiantes en formación: - Cuatro pasantes de la UDFJC, Facultad de Ciencias y Educación: mediante convocatoria, de los proyectos curriculares Licenciatura Artística (danza), LEBEHLC (literatura y lenguaje), y NEES para diseño, población diversa. - Tres estudiantes asistentes de investigación de la IBERO, convocados por el GIEEP: Ma. de Jesús Blanco: Ibero de los programas de Educación infantil y de Educación especial (uno para población sordas y uno para población ciega y 2 de educación infantil). - Estudiantes de la Facultad Tecnológica, UDFJC vinculados al Módulo innova del CADEP Acacia.
- Tres trabajos de grado de estudiantes de pregrado de programas Licenciatura Artística (danza), LEBEHLC (literatura y lenguaje), y NEES de la FCE-UDFJC y estudiantes para profesor en general.";0,00%;50,66%;0,00%;100,00%;32,25%;8,22%;8,87%;0,00%
2018;Propuesta de Investigación Convocatoria;No Avalada;816;N/A;MinCiencias;Co-ejecutor;1- Praxis IT Colombia LTDA;N/A;12;N/A; $ 599.696.552 ; $ -   ; $ 560.629.662 ; $ 39.066.890 ; $ 400.280.763 ; $ 5.200.000 ; $ -   ; $ 155.148.899 ; $ 39.066.890 ; $ -   ; $ -   ; $ -   ; $ -   ; $ -   ; $ -   ;0;"Documento o informe de la consultoría en: 
- Diseño de la Arquitectura 
- Aseguramiento de la calidad para la implantación 
- Diseño e implementación de modelos analíticos en la plataforma 
- Generación de modelos analíticos
- Protección de Datos";66,75%;0,87%;100,00%;0,00%;32,39%;0,00%;0,00%;0,00%
2021;Propuesta de Investigación Alianza Convenio;Contrato firmado;N/A;N/A;Universidad Pedagógica Nacional - UPN;Aliado;"1- Universidad Pedagógica Nacional (Colombia)
2- Universidad Alberto Hurtado (Chile)
3- Centro de Investigación y Estudios Avanzados del IPN (CINVESTAV, México
4- Universidade Federal de Santa Catarina (Brasil)";N/A;42;"UDFJC:
- Biología, Enseñanza y Realidades
UPN:
- Biología, Enseñanza y Realidades
CINVESTAV:
- Educación en Biología
UFSC:
- Discursos da Ciência e da Tecnologia na Educação"; $ 698.127.195 ; $ -   ; $ 156.069.919 ; $ 542.057.276 ; $ -   ; $ 135.004.531 ; $ 81.038.638 ; $ 14.065.388 ; $ 209.570.394 ; $ 7.000.000 ; $ 67.994.644 ; $ -   ; $ 91.928.000 ; $ -   ; $ 91.525.600 ;"FASE I:
- De dos a cuatro artículos que presenten los resultados del análisis bibliométrico y del discurso (contenido)
- Dos ponencias, presentadas en congresos en enseñanza De las ciencias, formación De profesores y educación en general.
- Tres trabajos De grado De pregrado

FASE II:
- Un artículo de comparación de los resultados obtenidos de los países participantes en relación con las políticas públicas en educación en ciencias y su articulación con la construcción de ciudadanías.
- Dos ponencias sobre la relación planteada en esta fase
- Simposio

FASE III:
- Diseño colectivo de ocho propuestas de educación en biología en clave de construcción de ciudadanías
- Edición de un libro que sistematice la implementación de las ocho propuestas
- Dos trabajos de grado de pregrado
- Dos ponencias para la presentación de los resultados de investigación
- 5 trabajos de grado de posgrado
- Un artículo de investigación";"- De dos a cuatro Artículos de investigación A1, A2, B y C
- Un Libro resultado de investigación
- Creación de la red Latinoamérica de enseñanza de la biología y construcción de ciudadanías
- Organización de dos simposios que permitan reflexionar sobre la relación del proyecto
- Participación como ponentes en seis eventos especializados
- Dirección de cinco trabajo de grado de maestría en asociación directa al proyecto de investigación de las fases II y III
- Dirección de cinco trabajo de grado de pregrado en asociación directa al proyecto de investigación de las fases I y II";0,00%;30,95%;62,49%;37,51%;32,03%;10,74%;13,17%;13,11%
2018;Propuesta de Investigación Convocatoria;No Avalada;825;N/A;MinCiencias;Co-ejecutor;"Entidad Ejecutora:
1- Konrad Lorenz 
Entidad Co-ejecutora:
2- Universidad Católica de Oriente

Entidad Sector TIC:
3- Log On Colombia";N/A;15;N/A; $ 1.010.143.357 ; $ -   ; $ 698.408.645 ; $ 311.734.712 ; $ 698.408.645 ; $ -   ; $ 131.800.000 ; $ -   ; $ 132.522.292 ; $ -   ; $ 39.600.000 ; $ -   ; $ 7.812.420 ; $ -   ; $ -   ;"* Perfil sociodemográfico y psicográfico de los estudiantes de educación virtual de dos zonas de Antioquia, identificando su perfil tecnológico, su historia de interacción con entornos virtuales y sus competencias de autorregulación
* Evidencia, a partir de las actividades de investigación y la metodología descrita, de los componentes pedagógicos necesarios para la implementación del programa.";"* Dos artículos sometidos a revistas de impacto (Q1-Q2).
* Informe final sobre el diseño, construcción y validación del programa de intervención pedagógica para la prevención de la deserción y aumento del éxito estudiantil.
* Plataforma para la implementación y uso del programa de intervención pedagógica para la prevención de la deserción y aumento del éxito estudiantil.
* Informe final sobre las recomendaciones para el uso del programa de intervención pedagógica para la prevención de la deserción y aumento del éxito estudiantil.
* Participación en dos eventos científicos.
";69,14%;13,05%;0,00%;100,00%;13,12%;3,92%;0,77%;0,00%
2021;Propuesta de Investigación Alianza Convenio;Contrato firmado;N/A;N/A;EAN - ICC;Aliado;"1- Universidad EAN
2- Instituto Caro y Cuervo";N/A;15;"UDFJC:
- ESTUPOLI
EAN:
- Lingüística aplicada y comunicación organizacional
ICC:
- Linguistica"; $ 49.779.000 ; $ -   ; $ -   ; $ 49.779.000 ; $ -   ; $ -   ; $ 18.456.000 ; $ -   ; $ 7.640.000 ; $ -   ; $ 23.683.000 ; $ -   ; $ -   ; $ -   ; $ -   ;"- 10 participantes, profesores entre los que están 5 de inglés y 5 de español
- El protocolo de las entrevistas
- Grabaciones de las entrevistas
- Transcripción y codificación de transcripción de las entrevistas
- Una recolección de propuestas metodológicas sistematizadas por temáticas, objetivos y metodologías
- Instrumento en forma de matriz para análisis de propuestas
- Propuestas insertadas en las matrices diseñadas
- Informe de análisis";0;0,00%;37,08%;0,00%;100,00%;15,35%;47,58%;0,00%;0,00%
2018;Propuesta de Investigación Convocatoria;No Avalada;Convocatoria de investigaciones 2018 para presentar proyectos de CT+I en temáticas relacionadas con la planeación, gestión eficiente, atribución, vigilancia y control del espectro radioeléctrico en Colombia;N/A;Agencia Nacional del Espectro - ANE;Ejecutor;N/A;N/A;11;N/A; $ 363.820.662 ; $ -   ; $ 248.389.600 ; $ 115.431.062 ; $ 248.389.600 ; $ -   ; $ 115.431.062 ; $ -   ; $ -   ; $ -   ; $ -   ; $ -   ; $ -   ; $ -   ; $ -   ;0;"1- El resultado esperado de esta fase del proyecto es un informe de los métodos de planificación utilizados actualmente por los diferentes operadores de televisión, así mismo una clasificación de dichos modelos eleccionando los índices de gestión de recursos en el espectro radioeléctrico, para así buscar una comparación pertinente para realizar de forma adecuada y eficiente la puesta en funcionamiento de la metodología que es el objetivo de este proyecto.
2- El resultado esperado de esta fase del proyecto se compone de un informe que unifique los criterios y procedimientos necesarios en la planificación de redes de televisión digital terrestre, incluyendo una sección de pruebas de campo y/o laboratorio, se seleccionaran los lugares más representativos de la región rural de Cundinamarca para realizar las mediciones. Aquí se busca tener un componente comparativo de los comportamientos de los modelos en entornos rurales. La
redacción de un documento de socialización para estudiantes de la Facultad de Ingeniería de la Universidad Distrital permitirá mostrar los avances logrados en esta fase, de igual forma la presentación de los mismos en un evento nacional/internacional en el formato ponencia o poster.
3- El resultado esperado de esta fase del proyecto se compone de un documento de análisis de todo lo relacionado con la gestión del modelo para la parametrización de coberturas y asignación eficiente del espectro radioeléctrico, a través de análisis pertinentes y verificación de campo para generar la metodología propuesta. Así mismo de los análisis de coberturas, interferencias, eficiencia de frecuencias en entornos rurales y su respectiva validación de campo. En esta fase se preparará un documento tipo artículo para presentar en revista internacional indexada. 
4- En esta etapa se recopilará la información obtenida con las fases anteriores. Esta documentación tiene el objeto de describir claramente la metodología para la planificación de redes de televisión digital terrestre en el entorno rural de Cundinamarca, así mismo la integración de los procesos que se seleccionaron para
posteriores trabajos y/o desarrollos. Se postulará el artículo redactado en la fase anterior en una revista internacional indexada.";68,27%;31,73%;0,00%;100,00%;0,00%;0,00%;0,00%;0,00%
2018;Propuesta de Investigación Convocatoria;No Avalada;828;N/A;MinCiencias;Co-ejecutor;"1- Ejecutor:TECSOL
2- Aliado Institucional: Alcaldía de Guacheta";N/A;18;N/A; $ 417.331.506 ; $ -   ; $ 287.770.013 ; $ 129.561.493 ; $ 287.770.013 ; $ -   ; $ 40.162.098 ; $ -   ; $ 89.399.395 ; $ -   ; $ -   ; $ -   ; $ -   ; $ -   ; $ -   ;"* Implementar cuatro sistemas generadores de biogás y bioabono cuyo funcionamiento permite dar uso a los residuos orgánicos resultantes de los procesos productivos agropecuarios y domiciliarios con el fin de generar biogás y bioabono para su reutilización en el proceso productivo, como acercamiento a un ciclo de economía circular.
* Agremiar inicialmente a veinte hogares de siete veredas del municipio de Guachetá para capacitarlos acerca de diversos aspectos que rodean la valorización energética de sus residuos orgánicos.
* Desarrollar una aplicación móvil para la recolección de datos obtenidos durante los procesos de digestión anaerobia, entre otras experiencias y resultados que se puedan dar de este proyecto, con el fin de garantizar la construcción colectiva del conocimiento.
* Generar una caracterización de la zona geográfica que sirva para futuras investigaciones en el área de los biodigestores.
* Estimar la reducción de uso de recursos energéticos en los procesos productivos al usar el producto de los biodigestores, además de materia orgánica que deja de ser arrojada a los vertederos.";"1. Productos resultados de actividades de generación de nuevo conocimiento.
- 1 Artículo de investigación
2. Productos resultados de actividades de desarrollo tecnológico e innovación.
- 1 Producto tecnológico certificado o validado: c.Software (aplicación móvil).
3. Productos resultados de actividades de apropiación social del conocimiento.
- Participación ciudadana en CTeI: b. Espacios de participación ciudadana en CTeI.
- Circulación de conocimiento especializado: a. Participaciones u organizaciones de
eventos científicos, tecnológicos y de innovación (congresos, seminarios, foros,
conversatorios, talleres, entre otros).
4. Productos de actividades relacionadas con la formación de recurso humano
para CTeI.
- Estudiante de 1 pregrado y 1 maestría: b. Vinculación de estudiantes de pregrado y
maestría.";68,95%;9,62%;0,00%;100,00%;21,42%;0,00%;0,00%;0,00%
2018;Propuesta de Investigación Convocatoria;No Avalada;829;N/A;MinCiencias;Co-ejecutor;"1- Ejecutor:TECSOL
2- Aliado Institucional: Alcaldía de Guacheta";N/A;18;N/A; $ 417.331.506 ; $ -   ; $ 287.770.013 ; $ 129.561.493 ; $ 287.770.013 ; $ -   ; $ 40.162.098 ; $ -   ; $ 89.399.395 ; $ -   ; $ -   ; $ -   ; $ -   ; $ -   ; $ -   ;"* Implementar cuatro sistemas generadores de biogás y bioabono cuyo funcionamiento permite dar uso a los residuos orgánicos resultantes de los procesos productivos agropecuarios y domiciliarios con el fin de generar biogás y bioabono para su reutilización en el proceso productivo, como acercamiento a un ciclo de economía circular.
* Agremiar inicialmente a veinte hogares de siete veredas del municipio de Guachetá para capacitarlos acerca de diversos aspectos que rodean la valorización energética de sus residuos orgánicos.
* Desarrollar una aplicación móvil para la recolección de datos obtenidos durante los procesos de digestión anaerobia, entre otras experiencias y resultados que se puedan dar de este proyecto, con el fin de garantizar la construcción colectiva del conocimiento.
* Generar una caracterización de la zona geográfica que sirva para futuras investigaciones en el área de los biodigestores.
* Estimar la reducción de uso de recursos energéticos en los procesos productivos al usar el producto de los biodigestores, además de materia orgánica que deja de ser arrojada a los vertederos.";"1. Productos resultados de actividades de generación de nuevo conocimiento.
- 1 Artículo de investigación
2. Productos resultados de actividades de desarrollo tecnológico e innovación.
- 1 Producto tecnológico certificado o validado: c.Software (aplicación móvil).
3. Productos resultados de actividades de apropiación social del conocimiento.
- Participación ciudadana en CTeI: b. Espacios de participación ciudadana en CTeI.
- Circulación de conocimiento especializado: a. Participaciones u organizaciones de
eventos científicos, tecnológicos y de innovación (congresos, seminarios, foros,
conversatorios, talleres, entre otros).
4. Productos de actividades relacionadas con la formación de recurso humano
para CTeI.
- Estudiante de 1 pregrado y 1 maestría: b. Vinculación de estudiantes de pregrado y
maestría.";68,95%;9,62%;0,00%;100,00%;21,42%;0,00%;0,00%;0,00%
2018;Propuesta de Investigación Convocatoria;No Avalada;829;N/A;MinCiencias;Co-ejecutor;"1- Ejecutor: Corporación Universitaria Minuto de Dios
2- Aliado: Corporación Centauro Bacata";N/A;18;N/A; $ 509.627.362 ; $ -   ; $ 381.426.362 ; $ 128.201.000 ; $ 349.676.362 ; $ 31.750.000 ; $ 45.100.000 ; $ -   ; $ 83.101.000 ; $ -   ; $ -   ; $ -   ; $ -   ; $ -   ; $ -   ;"Se espera obtener los siguientes resultados:
1- Actividades de Nuevo conocimiento: Libro, Un articulo.
2- Actividades Desarrollo tecnológico e innovación: Mapa de la cobertera vegetal, Guía de cuidado y uso de especies vegetales.
3- Actividades de Apropiación social del conocimiento: Participación ciudadana en productos CTel, Alianza con centro dedicado a la apropiación social del conocimiento.
4- Actividades de formación del recurso humano: Formación de 4 estudiantes de pregrado, Formación de dos estudiantes de maestría.";"* Cartilla guia para identificar, cuidadar y aprovechar las especies vegetales presentes en la zona.
* Libro Publicación con los resultados obtenidos y la metodología desarrollada
* Mapa de la cobertera vegetal del área investigada
* Alianza con los centros educativos de los municipios de Choachí, Ubaque y Fómeque
* Tesis de grado de maestría, trabajo de campo e instruirán a los estudiantes.
* Vinculación estudiantes de pregrado Apoyarán todo el proceso de la investigación y trabajarán en campo e instruirán a los estudiantes
* Formación estudiantes de pregrado";68,61%;15,08%;41,31%;58,69%;16,31%;0,00%;0,00%;0,00%
2018;Propuesta de Investigación Convocatoria;No Avalada;829;N/A;MinCiencias;Co-ejecutor;"1- Ejecutor: Corporación Universitaria Minuto de Dios
2- Aliado: Corporación Centauro Bacata";N/A;18;N/A; $ 509.627.362 ; $ -   ; $ 381.426.362 ; $ 128.201.000 ; $ 349.676.362 ; $ 31.750.000 ; $ 45.100.000 ; $ -   ; $ 83.101.000 ; $ -   ; $ -   ; $ -   ; $ -   ; $ -   ; $ -   ;"Se espera obtener los siguientes resultados: 
1- Actividades de desarrollo tecnológico: Mapa geomorfológico: Información obtenida como resultado de la transformación de imágenes pares
estereoscópicas paralelas, en un modelo digital del relieve y su deriva con clasificación de la superficie sobre la base de indicadores dinámicos y parámetro
hidrogeológicos, con los cuales se ajusta el algoritmo de interpretación de la imagen. Permite el conocimiento de estructuras regionales, el lineamiento de las áreas que presentan las fallas tectónicas, las cuales no se observan con otros algoritmos. Las estructuras definidas en este mapa permiten observar la presencia de acuíferos. Incrementar el conocimiento de los acuíferos existentes en el área de estudio y socializarlo entre la comunidad.
2- Actividades de apropiación del conocimiento: Metas: Capacitar al 10% de la pob]ación del área de estudio en el proyecto, en el nuevo
conocimiento. Promover la creación de dos (2) comités de vigilancia, cuidado y recuperación de Jos acuíferos existentes en el área de influencia del estudio.
3- Actividades de Nuevo conocimiento: Un libro, un articulo 
4- Actividades Desarrollo tecnológico e innovación: Guía de cuidado, uso y recuperación de acuíferos
5- Actividades de formación del recurso humano: Formación de 6 estudiantes de pregrado Formación de dos estudiantes de maestría.";"* Libro con resultado de la investigación, metodología y propuestas
* Guia de cuidado, uso y recuperación de acuíferos
* Mapa.geomorfológico del corredor Choachi - Fómeque 25 km2
* Alianza con las alcaldías de los municipios de Choachi y Fómeque
* Vinculación de estudiantes de pregrado, para apoyo de la investigación en campo y oficina
* Vinculación estudiantes de Maestría que trabajarán en todo el proyecto, incluido el trabajo de campo e instruirán a los estudiantes.";68,61%;15,08%;41,31%;58,69%;16,31%;0,00%;0,00%;0,00%
2021;Propuesta de Investigación Alianza Convenio;Contrato firmado;N/A;N/A;Secretaria de Educación Distrital - Dirección de formación de docentes e Innovaciones Pedagógicas;Aliado;Secretaria de Educación Distrital - Dirección de formación de docentes e Innovaciones Pedagógicas;N/A;4 ó hasta el 28 de diciembre de 2021;"UDFJC:
- Vivencias"; $ 508.000.000 ; $ 350.000.000 ; $ 440.000.000 ; $ 68.000.000 ; $ -   ; $ 90.000.000 ; $ 68.000.000 ; $ 350.000.000 ; $ -   ; $ -   ; $ -   ; $ -   ; $ -   ; $ -   ; $ -   ;" Documento que incluya propuesta conceptual, metodológica y plan de trabajo detallado de los cuatro componentes: 1. Formación de maestras y maestros. 2. Investigación y configuración de nuevo conocimiento. 3. Comunicación: Circulación, apropiación y divulgación pública del conocimiento. 4.Configuración de comunidad de saber pedagógico

- Informe que presente el avance por cada uno de los cuatro componentes: 1. Formación de maestras y maestros. 2. Investigación y configuración de nuevo conocimiento. 3. Comunicación: Circulación, apropiación y divulgación pública del conocimiento. 4.Configuración de comunidad de saber pedagógico

- Informe final que incluya: 1. Documento que dé cuenta de los resultados del proceso de formación e investigación con 140 maestras y maestros de Bogotá y su aporte en la comprensión crítica del acontecimiento pandémico en el contexto educativo y cultural del Distrito Capital. 2. Documento editado con el archivo sobre testimonios de vida de maestras y maestros de Bogotá, a partir de veinte (20) entrevistas realizadas. 3.  Carpeta con las versiones finales del siguiente material digital editado: a. Diez (10) entrevistas radiales. b. Treinta (30) podcast. c.Diez (10) materiales en videoclip. d. Un (1) libro álbum de póster e ilustraciones de recorrido por 12 experiencias seleccionadas. e. Un (1) video de 10 minutos de duración que recoja el proceso realizado. 4. Documento que dé cuenta del proceso realizado en la configuración de comunidad de saber pedagógico (redes y colectivos): a. Caracterización de redes y colectivos. b. Sistematización del proceso realizado con redes y colectivos. 5. Informe final publicable de las actividades desarrolladas durante el proceso de formación/investigación sobre el tema Afro (Componente 5 - Acciones afirmativas y escuela). Este documento estará organizado en cuatro partes: a. Introducción que presente los componentes centrales del diplomado. b. 	Referentes conceptuales establecidos en la serie interculturalidad-intraculturalidad-arte-cultura-escuela-pamdemia que recojan los aportes de los maestros y maestras.
c. Testimonios, crónicas, entrevistas de los docentes. d.Conclusiones";"El macroproyecto de investigación maestros y maestras de Bogotá: Tránsitos por el acontecimiento pandémico y configuración de redes y comunidades de saber pedagógico plantea un conjunto de impactos esperados encabezados por aspectos de orden socio-económico que se complementan con las dimensiones tecnológica, técnica y ambiental que surgen a partir de los procesos de formación docente, investigación, configuración de comunidades de saber, comunicación y acciones pedagógicas en el marco de la reflexión crítica frente a las condiciones generadas por el COVID 19 en maestros, maestras y docentes directivos de Bogotá. Se trata, en consecuencia, de una serie de efectos que redundan tanto en la construcción de diversos conocimientos en conjunto con los grupos de trabajo participantes en el macropoyecto como también en posibilidades de generación de condiciones para el desarrollo de procesos investigativos y críticos en los campos de lo social y lo pedagógico a nivel del Distrito Capital. 
En primera instancia, el impacto socio-económico que se espera obtener como resultado del desarrollo del marcoproyecto tiene que ver con la consolidación de acciones de empoderamiento de grupos docentes, comunidades de saber y colectivos sociales en comunidades afrodescendientes, de manera que, en conjunto con el proceso de reflexión acerca de la práctica educativa, también se construyan los elementos para el manejo de elementos de producción comunicativa, técnicas de investigación y procesos formativos en relación con la reflexión del acontecimiento pandémico. El trabajo en estas dimensiones permitirá que los sujetos participantes en el macroproyecto refuercen sus saberes y manejo de elementos investigativos, lo que redunda en la cualificación de sus labores diarias y con ello permiten un desarrollo humano, pero también la creación de condiciones para aportar a un crecimiento económico en términos de la producción de posibles recursos intangibles asociados al conocimiento adquirido. En otras palabras, el macroproyecto permite posicionar el proceso investigativo y formativo como el punto de partida para el crecimiento económico y social teniéndose el conocimiento como elemento fundamental para la producción de recursos a futuro. 
De igual modo, a nivel de lo propiamente social, la construcción de comunidad de saber, permite el posicionamiento de procesos de trabajo en red, lo que permite establecer como impacto la transformación significativa de los modos en los que se configuran procesos de reflexión educativa y social que, adicionalmente, al ubicar sus reflexiones en el acontecimiento pandémico, posibilitan la creación de condiciones para asumir los retos que plantean los escenarios de la postpandemia, la inclusión de las diferencias y la recomposición de tejidos sociales. De esta manera, el impacto del macroproyecto radica en la posibilidad de generar interacciones significativas al interior de los grupos de docentes a nivel nacional, lo que redunda en la creación de asociaciones y, al mismo tiempo el reconocimiento y posicionamiento de diferentes grupos sociales en términos de convergencia e integración entre distintos, dando cabida así a la inclusión y la apertura a un escenario reflexivo desde la multiplicidad.  
Ahora bien, estos impactos se complementan con los que son producidos en el ámbito técnico y tecnológico y que se refieren a las posibilidades de apropiación y uso significativo de diferentes recursos tanto teóricos como metodológicos para la realización de reflexiones sobre el acontecimiento pandémico, la cuestión de la diferencia y la posibilidad de construcción de procesos comunicativos significativos a nivel audiovisual. Es así como se cuenta con la consolidación de una comunidad de saber que maneja de forma adecuada técnicas de investigación y reflexión critica susceptibles de ser aplicadas en sus entornos pedagógicos en la transformación de sus prácticas educativas y, al mismo tiempo, cuenta con la formación para poder hacer uso de recursos digitales a nivel comunicativo. Así, el proceso formativo y de comunicación no solamente arroja como impacto la interiorización de técnicas investigativas, sino también el acercamiento a herramientas tecnológicas para la producción de contenidos, lo que redunda en un impacto mediado por el conocimiento de dispositivos, elementos y posibilidades de uso de recursos tanto para investigar como para crear tanto en aspectos de orden estético como la pintura y el relato, como en elementos comunicativos tales como el podcast y el video. 

A nivel ambiental, el macroproyecto genera un impacto positivo en términos del uso principalmente de recursos digitales para su desarrollo, de manera que se reduzcan al máximo las afectaciones en términos de medioambiente que podría tener, por ejemplo, el uso de papel u otros recursos en el proceso investigativo. En esta medida, en el macroproyecto, si bien aparecen diferentes actividades que implican la participación de grupos, la elaboración de productos audiovisuales y la interacción permanente al interior de la comunidad de saber, definitivamente se propenderá por el uso de mecanismos virtuales y digitales preferiblemente, velándose así por un uso moderado de los recursos disponibles. 

Finalmente, y en adición a los impactos expresados anteriormente, es preciso señalar los modos en los que el macroproyecto impacta directamente a nivel de la formación de maestros a nivel del Distrito Capital y la reflexión que emerge sobre el acontecimiento pandémico como un elemento fundamental para pensar incluso en procesos de política pública ante contingencias semejantes a la vivida con el COVID 19. Este impacto se da tanto por el proceso formativo como por los espacios de divulgación y producción comunicativa en tanto que posibilita una reflexión desde la educación a nivel distrital sobre las transformaciones sociales y pedagógicas fruto de la coyuntura dada por la emergencia sanitaria y, al mismo tiempo permite que las experiencias y reflexiones resultado del macroproyecto puedan constituirse como referente en términos incluso de política pública en el sector educativo.";0,00%;31,10%;56,96%;43,04%;68,90%;0,00%;0,00%;0,00%
2018;Propuesta de Investigación Convocatoria;No Avalada;829;N/A;MinCiencias;Co-ejecutor;"1- Ejecutor: Corporación Universidad Piloto de Colombia - Seccional Girardot
2- Aliada: Alcaldía de Guachetá";N/A;18;N/A; $ 504.658.699 ; $ -   ; $ 349.229.442 ; $ 155.429.257 ; $ 349.229.442 ; $ -   ; $ 58.608.566 ; $ -   ; $ 96.820.691 ; $ -   ; $ -   ; $ -   ; $ -   ; $ -   ; $ -   ;"* Estudio del potencial energético y aprovechamiento del residuo orgánico para la generación de biogás y biofertilizantes.
* Creación de una base de datos de la caracterización y potencial de biomasa residual disponible y un inventario de las capacidades técnicas actuales de la OMATAA.
* Sistematización del proceso de diseño, construcción e implementación de biodigestores en condiciones climáticas del municipio de Guachetá Cundinamarca
* Implementar una estrategia de clasificación de residuos y plan de sostenibilidad del CERBÍO que cuente con la participación activa de la población de Guachetá.
* Implementar estrategias para la apropiación social del conocimiento que beneficien a la población de Guachetá, la OMATAA y la comunidad académica y científica de las Universidades Piloto de Colombia y Distrital Francisco José de Caldas.
* Desarrollar un aplicativo móvil para el fortalecimiento de capacidades en la producción y comercialización del biogás y biofertilizante.
* Implementación de un Centro de Experiencia Rural Bioambiental –CERBÍO-, para la biodigestión de residuos orgánicos y el fortalecimiento de capacidades en la producción agrícola del municipio de Guachetá.
* A partir de las lecciones aprendidas del proyecto, ser un referente para replicar el Centro de Experiencia Rural Bioambiental –CERBÍO- en otras poblaciones del departamento de Cundinamarca y del resto del país.
* Generar productos de nuevo conocimiento que sean publicados en revistas indexadas internacionales y/o nacionales.";"* Artículo Categoría ""B"" Optimización de biodigestores según condiciones climáticas en municipios de Cundinamarca, a partir de los resultados alcanzados en el objetivo
2: Diseñar e implementar un biodigestor piloto para generar biogás y biofertilizante a partir de los residuos orgánicos acopiados por Oficina Municipal de Asistencia Técnica Agropecuaria y Ambiental -OMATAA- del municipio de Guachetá.
* Artículo Categpría ""A2"" Un artículo en revista indexada de categoría A2 de acuerdo al objetivo 5 Documentar la experiencia y las lecciones aprendidas del
proyecto para la posible replicabilidad del - CERBÍO- en otras poblaciones del departamento de Cundinamarca.
* Informe técnico que describa los avances y logros alcanzados en el proyecto, así como las técnicas y estrategias implementadas por el Centro de Experiencia Rural Bioambiental -CERBÍO-, para la biodigestión de residuos orgánicos y el fortalecimiento de capacidades en la producción agrícola del municipio de Guachetá.
* Software Aplicativo móvil para el fortalecimiento de capacidades en la producción y comercialización del biogás y biofertilizante, de acuerdo al objetivo
4 Desarrollar una estrategia para la apropiación social del conocimiento del Centro de Experiencia Rural Bioambiental -CERBÍO-.
* Trabajo conjunto con comunidades del municipio en el desarrollo de actividades orientadas al mejoramiento de las condiciones del territorio, buscando una construcción colectiva de saberes.
* Diseño y ejecución de una estrategia pedagógica y didáctica que facilite el aprendizaje y uso de los potenciales de biomasa, clasificación de residuos
municipales e industriales
* Organización del Seminario de Bioenergía 
* Ponencia 1: Participación con ponencia o póster Seminario de Bioenergía Ponencia 2: Participación con ponencia en evento internacional
* Divulgación de las experiencias y las lecciones aprendidas del proyecto para la posible replicabilidad del -CERBÍO- en otros territorios de Cundinamarca a través de emisiones radiales y/o videos
* Modelo y estrategias para la creación de Centros de Experiencia Rural Bioambiental -CERBÍO-, para la biodigestión de residuos orgánicos y el fortalecimiento de capacidades en producción agrícola.
* Vinculación de estudiante de maestría";69,20%;11,61%;0,00%;100,00%;19,19%;0,00%;0,00%;0,00%
2018;Propuesta de Investigación Convocatoria;No Avalada;Convocatoria de estímulos 2018;N/A;MinCultura;Ejecutor;N/A;N/A;6,5;N/A; $ 180.000.000 ; $ -   ; $ 180.000.000 ; $ -   ; $ 180.000.000 ; $ -   ; $ -   ; $ -   ; $ -   ; $ -   ; $ -   ; $ -   ; $ -   ; $ -   ; $ -   ;0;"* Cinco capítulos de siete minutos cada uno en las temáticas:
- Ambiente, basuras, mitigación y Control.
- Energías alternas en la cotidianidad
- Dispositivos para tratamientos DIY del agua
- Prácticas ancestrales y sonido
- Alimentación huertas urbanas y rurales sistematizadas";100,00%;0,00%;0,00%;0,00%;0,00%;0,00%;0,00%;0,00%
2018;Propuesta de Investigación Alianza Convenio;Desistio;N/A;N/A;Universidad de Sucre;Ejecutor;Universidad de Sucre;N/A;18;N/A; $ 194.254.513 ; $ -   ; $ 111.000.913 ; $ 83.253.600 ; $ -   ; $ 83.222.913 ; $ 67.500.000 ; $ 27.778.000 ; $ 15.753.600 ; $ -   ; $ -   ; $ -   ; $ -   ; $ -   ; $ -   ;"* Generación de conocimiento para entender el potencial hidrico (calidad y cantidad) de un cuerpo de aqua lentico
* Mejoramiento en las condiciones de tratabilidad del agua para consumo humano
* Participación de un evento científico
* Establecer el índice de calidad del agua del cuerpo del agua lentico
* Socialización de resultados ante la Autoridad Ambiental en la Jurisdicción";"* Cuatro (4) artículos científicos Número de artículos resultados de la investigación en publicados en revista indexadas por Colciencias
* Dos libros resultados de investigación
* Formación de cuatro (4) estudiantes de pregrado en investigación formativa: 2 estudiantes de la Tecnología en Saneamiento Ambiental y/o Ingeniería Sanitaria de la Universidad Distrital y 2 estudiantes de Ingeniería Civil de la Universidad de Sucre
* Ocho (8) ponencias en Congresos y/o Seminarios especializados";0,00%;77,59%;55,22%;44,78%;22,41%;0,00%;0,00%;0,00%
2022;Propuesta de Investigación Alianza Convenio;Contrato firmado;N/A;N/A;N/A;Aliado;UPN;N/A;18;"UDFJC
Representación, Discurso y Poder

UPN
Filosofía y enseñanza de la filosofía"; $ 367.001.920 ; $ -   ; $ 10.000.000 ; $ 357.001.920 ; $ -   ; $ 10.000.000 ; $ 166.651.200 ; $ -   ; $ 190.350.720 ; $ -   ; $ -   ; $ -   ; $ -   ; $ -   ; $ -   ;"1. Elaborar dos Informes de avance del proyecto (mes 6 y 12) y un informe final de la Investigación.
2. Capítulo de libro resultados de investigación o artículo de revista.
3. Diseño , aprobación y desarrollo (transferencia) de un seminario dirigido a estudiantes de posgrado.
4. Organización de un evento de carácter académico.
5. Adjuntar Certificación de participación en espacios de socialización en eventos internos institucionales";"1. Un documento en revista indexada o un capítulo de libro que recoja los hallazgos de la investigación. 
2. Diseño y aprobación de un curso dirigido a estudiantes de posgrado.
3. Organización de un evento de carácter académico.
4. Vinculación de un estudiante de Maestría en Educación, que organice su trabajo de grado en el marco de la discusión que el proyecto propone.";0,00%;48,13%;5,66%;94,34%;51,87%;0,00%;0,00%;0,00%
2018;Propuesta de Investigación Alianza Convenio;Desistio;N/A;N/A;Secretaria de Gobierno Bogotá;Ejecutor;Secretaria de Gobierno Bogotá;N/A;3;N/A; $ 529.900.000 ; $ -   ; $ 508.900.000 ; $ 21.000.000 ; $ -   ; $ 82.000.000 ; $ 21.000.000 ; $ 426.900.000 ; $ -   ; $ -   ; $ -   ; $ -   ; $ -   ; $ -   ; $ -   ;La Secretaría Distrital de Gobierno a través de la Subsecretaría de Gestión Local liderará una campaña de investigación, formación, sensibilización y socialización dirigida a las Juntas de Acción Comunal (JAC) que sean priorizadas con el fin de fortalecer la apropiación del Código Nacional de Policía y Convivencia en las comunidades que sirva a su vez como mecanismo de prevención de contravenciones, mejoramiento de la convivencia, desarrollo activo del control social informal, apropiación de valores, entre otros.;"* Documento sobre análisis de percepción con los actores del proceso de formación sobre el estado de la convivencia y la seguridad ciudadana en los territorios de Bogotá.
* Un documento de análisis sobre algunas alternativas a la seguridad, basado en las opiniones y propuestas de los actores del proceso de formación
";0,00%;19,44%;79,61%;20,39%;80,56%;0,00%;0,00%;0,00%
2019;Propuesta de Investigación Convocatoria;No Avalada;VIII UNIMINUTO;N/A;UNIMINUTO;Co-ejecutor;N/A;N/A;12;N/A; $ 29.000.000 ; $ -   ; $ 29.000.000 ; $ -   ; $ 29.000.000 ; $ -   ; $ -   ; $ -   ; $ -   ; $ -   ; $ -   ; $ -   ; $ -   ; $ -   ; $ -   ;"* Memorias de participación en eventos de investigación institucionales internos y externos a nivel nacional donde se presenten las conclusiones del ejercicio de investigación realizada.
* Ponencia en evento internacional con memorias indexables en WOS, Scimago o Scopus donde se presenten las conclusiones del ejercicio de investigación realizada, tales como:
1. EUROSCICON LTD, Ocupational Health and Safety 2019, London, UK
2. V Congreso Internacional de Seguridad y Salud en el Trabajo – Osalan 2019
http://www.osalan.euskadi.eus/evento/-/evento/iv-congreso-internacional-de-seguridad-y-salud-en-el-trabajo-osalan-y-la-prevencion-de-riesgos-una-trayectoria-de-25-anos/ ";"* Artículo de investigación sometido en revista indexada internacional, en el cual se plasme el proceso investigativo desarrollado y los resultados obtenidos.
1. AIHA journal : a journal for the science of occupational and environmental health and safety UK
2. Safety and Health at Work, South Korea
* Libro resultado de investigación, donde desde la seguridad y salud en el trabajo se plasmen condiciones y estrategias para el mejoramiento d ela calidad d evida y la formalizaciones de quienes trabajan en la informalidad
";100,00%;0,00%;0,00%;0,00%;0,00%;0,00%;0,00%;0,00%
2019;Propuesta de Investigación Convocatoria;No Avalada;No es una convocatoria;N/A;Fundación para la Promoción de la Investigación y la Tecnología del Banco de la República;Ejecutor;N/A;N/A;12;N/A; $ 20.408.000 ; $ -   ; $ 17.629.000 ; $ 2.779.000 ; $ 17.629.000 ; $ -   ; $ 2.779.000 ; $ -   ; $ -   ; $ -   ; $ -   ; $ -   ; $ -   ; $ -   ; $ -   ;0;0;86,38%;13,62%;0,00%;100,00%;0,00%;0,00%;0,00%;0,00%
2019;Propuesta de Investigación Convocatoria;No Avalada;844;CONVOCATORIA PACTO PARA LA GENERACIÓN DE NUEVO CONOCIMIENTO A TRAVÉS DE PROYECTOS DE INVESTIGACIÓN CIENTÍFICA EN CIENCIAS MÉDICAS Y DE LA SALUD.;MinCiencias;Co-ejecutor;"1- Universidad Manuela Beltrán
2- Universidad Pedagógica y Tecnológica de Colombia UPTC";N/A;36;"UDFJC:
- DIGITI - SISTEMAS DIGITALES INTELIGENTES

UPTC:
- GENTE
- DITMAV- Diseño, Innovación y Asistencia Técnica para Materiales Avanzados

UMB:
- Ingeniería Biomédica - GIIB_UMB
"; $ 714.242.718 ; $ -   ; $ 365.376.204 ; $ 348.866.514 ; $ 349.776.204 ; $ 8.200.000 ; $ 97.906.724 ; $ 4.200.000 ; $ 142.308.752 ; $ 3.200.000 ; $ 108.651.038 ; $ -   ; $ -   ; $ -   ; $ -   ;"• Identificación de variables biomecánicas determinantes en la alineación en condiciones estáticas y dinámicas de una persona que utiliza prótesis transtibial.
• Protocolo de medición para la obtención de las variables biomecánicas de los sujetos amputados transtibiales.
• Identificación de los factores y/o parámetros que utilizan los médicos o técnicos protesistas para realizar la alineación de las prótesis transtibiales.
• Identificación de las características y parámetros que los usuarios de prótesis transtibiales tienen sobre las prótesis.
• Caracterización de la población que usan prótesis transtibiales.
• Caracterización de las variables biomecánicas obtenidas durante las pruebas de estabilidad estática y dinámica.
• Análisis estadístico de las variables biomecánicas obtenidas durante las pruebas de estabilidad estática y dinámica.
• Identificación por significancia estadística, de las variables biomecánicas determinantes en la alineación en condiciones estáticas y dinámicas de una persona que utiliza prótesis transtibial
• Diseño de un prototipo para obtener las variables biomecánicas determinantes en la alineación de prótesis transtibiales en condiciones estáticas y dinámicas.
• Conocimiento en las diferentes técnicas que se deben realizar para la validación del prototipo.
• Desarrollo de un software que indique las características con la óptima alineación de la prótesis transtibial de acuerdo a unos parámetros de entrada.
• Conocimiento sobre las diversas teorías de información para el desarrollo del sistema para la alineación.
• Desarrollo de un protocolo para la validación del sistema contrastando la información obtenida sobre las técnicas y parámetros que usan los médicos y técnicos protesistas para la alineación de las prótesis transtibiales, así como los registrados por los usuarios.
• Conocimiento en el desarrollo del protocolo final para realizar la alineación de la prótesis transtibial usando el sistema diseñado en la presente investigación.
• Conocimiento en el desarrollo de manuales de usuario para el buen uso y funcionamiento del sistema de alineación para prótesis transtibiale";"- Dos (2) artículos categoría A1
- Un (1) artículo categoría B
- Un (1) libro de investigación
- Informes técnicos
- Software
- Protótipo Industrial 
- Protocolo para realizar la alineación de las prótesis transtibiales
- Asistencia a dos (2) ponencias
- Asistencia a dos (2) eventos científicos
- Vinculación de cuatro (4) estudiantes de pregrado (UD-UMB-UPTC)
- Vinculación un (1) estudiante de maestría (UD)";48,97%;14,86%;7,73%;92,27%;20,51%;15,66%;0,00%;0,00%
2019;Propuesta de Investigación Convocatoria;No Avalada;849;CONVOCATORIA DE PROYECTOS DE I+D+i PARA EL FORTALECIMIENTO DEL PLANEAMIENTO MINERO ENERGÉTICO;MinCiencias;Ejecutor;"1- Universidad de Sevilla
2- Universidad de Cádiz
3- Universidad Nacional de Manizales";N/A;10;"UDFJC:
- GIEAUD
- GRINSAUD

Universidad de Sevilla:
- Termotecnia

Universidad de Cádiz:
- Ingeniería Térmica"; $ 482.142.000 ; $ -   ; $ 399.324.000 ; $ 82.818.000 ; $ 399.324.000 ; $ -   ; $ 82.818.000 ; $ -   ; $ -   ; $ -   ; $ -   ; $ -   ; $ -   ; $ -   ; $ -   ;"Se espera crear una referencia que hasta el momento no se puede encontrará de manera gratuita ni formal por parte del estado, esta referencia se compondrá de archivos climáticos representativitos de varios municipios del país. Adicionalmente al adquirir el Meteonorm, el Grupo de investigación y Así la universidad misma, tendrán una herramienta para generar archivos climáticos particulares para evaluación, fomentando la generación de convenios de cooperación con otras instituciones o entidades.
Se podrá sustentar que los archivos climáticos anteriores son correspondientes a los datos entregados por el IDEAM, no en valor sino en tendencia.

Se generará un producto de fácil visualización de la extensa información que presentan estos archivos climáticos.

Se concluye un modelo de severidad climática en Colombia para el análisis de la demanda energética en la edificación que también soporta el consumo de los equipos, así como la determinación de la eficiencia energética en la edificación, una de las razones por las cuales Colombia aún no presenta dichos parámetros.

Se establecen ciudades representativas para la severidad climática las cuales pueden ser usadas para conclusiones en comportamientos de sistemas  

La tipología de la construcción en Colombia establece la forma como se construye, pero no su relación en cuanto al impacto energético de la construcción, esto debería sustentar los beneficios de la edificación “Vernácula” 

Se pretende concluir con datos de propiedades térmicas y de transporte de los materiales que se usan en la construcción, información fundamental para el análisis del comportamiento energético del edifico en función de la demanda

Se espera comprobar el comportamiento energético del edificio mediante pruebas de termografía

Obtendrá una referencia específica que hasta el momento no existe específicamente para el país, por lo que no se sabe la relación entre archivos climáticos oficiales, comportamiento energético de la edificación en función de la demanda y su relación con el confort adaptativo.

Este rango es primordial para la definición de la eficiencia energética en la edificación, si este no se obtiene no es posible definirla de manera concreta.

";"Vinculación de estudiante de maestría en el marco del proyecto
Vinculación de estudiante de ingeniería en el marco del proyecto
Vinculación de estudiante de tecnología en el marco del proyecto
Formación de estudiante de maestría en el marco del proyecto
Participación en 2 ponencias 
Dos (2) Red creada o articulación en una red a nivel nacional o internacional
Presentación de los resultados ante las autoridades competentesIDEAM, constructores, proveedores de materiales de construcción y Academia
Publicación de dos (2) Artículos de investigación A1, A2, B y C";82,82%;17,18%;0,00%;100,00%;0,00%;0,00%;0,00%;0,00%
2019;Propuesta de Investigación Convocatoria;No Avalada;849;CONVOCATORIA DE PROYECTOS DE I+D+i PARA EL FORTALECIMIENTO DEL PLANEAMIENTO MINERO ENERGÉTICO;MinCiencias;Ejecutor;N/A;N/A;10;"UDFJC:
- GESETIC
- Grupo de Compatibilidad e Interferencia Electromagnética GCEM
- Grupo de Investigación Internacional en Informática, Comunicación y Gestión del Conocimiento ""GICOGE"""; $ 249.600.005 ; $ -   ; $ 172.700.000 ; $ 76.900.005 ; $ 172.700.000 ; $ -   ; $ 76.900.005 ; $ -   ; $ -   ; $ -   ; $ -   ; $ -   ; $ -   ; $ -   ; $ -   ;"- Vinculación 2 estudiantes de pregrado
- Vinculación 1 estudiante de doctorado
- Dos trabajos de pregrado de estudiantes del programa de Ingeniería Eléctrica";"- Dos Artículos de categoría A2
- Informe parcial y final del proyecto de investigación
- Una ponencia nacional y una ponencia internacional en Congresos de alto impacto
- Curso corto de modelamiento de aplicaciones de software para la integración de recursos energéticos distribuidos de energía y gestión de redes eléctricas de distribución (duración de 20 horas)
- Desarrollo de tesis de alumno de pregrado en el marco del desarrollo del proyecto de investigación
- Elaboración de propuesta de investigación doctoral dentro del marco de desarrollo del proyecto
- Un trabajo de pregrado de estudiantes del programa de Ingeniería Eléctrica";69,19%;30,81%;0,00%;100,00%;0,00%;0,00%;0,00%;0,00%
2019;Propuesta de Investigación Convocatoria;No Avalada;852;CONVOCATORIA CONECTANDO CONOCIMIENTO 2019;MinCiencias;Co-ejecutor;"1- Universidad Cooperativa de Colombia (ejecutora)

2- Institución universitaria Politécnico Grancolombiano (co-ejecutora)";N/A;24;"UDFJC:
- GIIRA

UCC:
- INGENIO INDUSPYMES

IUPG:
- FICB-PG"; $ 897.805.227 ; $ -   ; $ 359.570.757 ; $ 538.234.470 ; $ 335.721.015 ; $ -   ; $ 184.320.000 ; $ 11.924.871 ; $ 236.429.670 ; $ 11.924.871 ; $ 117.484.800 ; $ -   ; $ -   ; $ -   ; $ -   ;"- Evaluar la producción de ácidos grasos volátiles AGV’s, bajo distintos valores de carga orgánica, tiempo de retención hidráulica y temperatura mediante pruebas a escala de laboratorio.
- Desarrollar una metodología a escala de laboratorio para el enriquecimiento de biomasa con el propósito de producir polihidroxialcanoatos PHA’s a partir de cultivos mixtos.
- Establecer las condiciones de operación a escala de laboratorio y pruebas piloto que permitan la producción de polihidroxialcanoatos PHA’s, con los mejores rendimientos.
- Evaluar las variables y parámetros del proceso de producción de polihidroxialcanoatos PHA’s a partir de cultivos mixtos y fuentes de carbono renovables mediante una técnica de análisis visual.
- Calcular el potencial económico y los impactos ambientales del proceso de producción de polihidroxialcanoatos PHA´s propuesto a escala industrial, empleando software de simulación.";"- Artículos de investigación: Dos (2) categoría A2 y uno (1) categoría B
- Dos (2) ponencias internacionales
- Vinculación de un (1) estudiante de doctorado
- Vinculación de un (1) estudiante de maestría
- Formación de cuatro (4) estudiantes de pregrado";37,39%;20,53%;0,00%;100,00%;27,66%;14,41%;0,00%;0,00%
2023;Propuesta de Investigación Alianza Convenio;Contrato firmado;N/A;N/A;IDEP;Aliado;1- INSTITUTO PARA LA INVESTIGACIÓN EDUCATIVA Y EL DESARROLLO PEDAGÓGICO - IDEP;N/A;8;"UDFJC: 
- Vivencias"; $ 180.000.000 ; $ 100.000.000 ; $ 130.000.000 ; $ 50.000.000 ; $ 100.000.000 ; $ 30.000.000 ; $ 50.000.000 ; $ -   ; $ -   ; $ -   ; $ -   ; $ -   ; $ -   ; $ -   ; $ -   ;0;"- Informe de investigación  
- Artículos Académicos en revistas con ISSN o Indexadas
- Dos Cartillas
- Evento académico
- Micrositio 
- Proceso formativo/investigativo ";55,56%;44,44%;37,50%;62,50%;0,00%;0,00%;0,00%;0,00%
2019;Propuesta de Investigación Convocatoria;Contrato firmado;Invitación InvestigARTE;Invitación a presentar proyectos de investigación + Creación en Artes InvestigARTE;MinCiencias;Co-ejecutor;"1- Universidad de Antioquia
2- Corporación Artística ImaginEros
3- Casa Benet Domingo (Brasil)";N/A;24;"UDFJC:
- Investigación para la creación artística

UdeA:
Teoría e Historia del Arte en Colombia"; $ 305.161.000 ; $ -   ; $ 212.000.000 ; $ 93.161.000 ; $ 210.000.000 ; $ -   ; $ 27.720.000 ; $ 2.000.000 ; $ 40.551.000 ; $ -   ; $ 13.640.000 ; $ -   ; $ 11.250.000 ; $ -   ; $ -   ;"El proyecto presentado no configura un objeto de investigación cerrado, por el contrario se expande hacia diferentes escenarios, y se espera generar impactos que conciernen a la incitación del pensamiento crítico en la comunidad, estudiantes, profesores y creadores; despertar en ellos una inquietud por construir saberes en consonancia con sus contextos de vida, la detonación de afectos y perceptos en sus prácticas cotidianas, laborales, académicas y de creación, que permitan expandir sus referentes y apuestas estéticas, éticas y políticas en el arte.Por ello se trabajará desde la investigación-creación para generar una reflexión en torno a la importancia de esta práctica y cómo ello repercute en espacios sociales y políticos. Se espera entonces que haya un despliegue en este campo que permita a grupos artísticos, entidades culturales e instituciones educativas tener un panorama expandido de sus alcances y significación para que se convierta en un material de consulta para la sociedad. Se ampliará el estado del arte de la investigación-creación dentro del marco de la investigación en Colombia y cómo desde este lugar se proporcionan maneras y estrategias que pueden alimentar los procesos científicos, sociales y humanos.
Se espera realizar un marco teórico amplio que dé elementos de discusión en torno al arte contemporáneo, a las prácticas pedagógicas y sociales y muy especialmente a la performance, lo cual lleve a nuevas preguntas, ampliar los debates, generar posibilidades para estudiantes de arte o de otras disciplinas, integrar saberes y producir espacios de discusión y creación como seminarios, talleres, nuevas asignaturas, intercambios, asesorías en pregrados, posgrados e inferir en las políticas culturales locales, nacionales e internacionales. Para ello se desplegarán conceptos que hasta ahora no han sido trabajados de manera muy profunda en el ámbito artístico como la fabulación, el acontecimiento artístico, la performance, la cartografía, la construcción de subjetividades, la resistencia.
La escritura como práctica permite una apropiación del conocimiento y el ejercicio argumental para la publicación en revistas, periódicos, libros, en fin, una posibilidad de creación y ampliación de conceptos y términos desde diversas áreas: filosofía, antropología, sociología, arte, incluso otros saberes más exactos. Se espera crear, revisar y publicar artículos en revistas indexadas, en otras revistas, en periódicos y sistematizar la investigación en un libro que pueda ser material de consulta y de referencia, para ello es preciso actualizar los referentes artísticos y conceptuales, indagar, hacer analogías, cruzar saberes y experiencias con otras ciudades y otros actores.
Se intenta así mismo crear una puesta en escena performática que tenga un impacto social dentro de las ciudades en las cuales se hará esta investigación, en la que se recoja la experiencia de todo el proceso en una acción fabuladora para la configuración de nuevos mundos, la cual pueda itinerar por diferentes escenarios del país y el mundo y se convierta en una propuesta innovadora enmarcada en un acto comunitario, producto de una convocatoria amplia que genere puntos de fuga como resistencia frente a la muerte y la violencia que vive nuestro país. Una acción de grandes alcances para no olvidar el horror. Ello implica un entrenamiento constante tanto físico como intelectual, encuentros para diseñar, experimentar, debatir y crear; un reconocimiento del cuerpo y de las capacidades ante el reto de la creación, un trabajo interdisciplinario y un diálogo de saberes, así como la posibilidad de estar juntos en un pacto por la vida.
Un proceso de largo aliento también presenta momentos difíciles y sea esta la oportunidad para diseñar estrategias que nos ayuden a permanecer y resistir, entender que el malestar y el disensoson partes fundamentales de un trabajo colectivo y es necesario atender a estos momentos para crecer en colectividad y ver cómo la resolución de los diferentes conflictos que se presenten, puede resonar en los ámbitos educativos, sociales y artísticos en que nos movemos.
Los viajes e intercambios tanto virtuales (redes sociales) como presenciales, abren posibilidades de entender otras maneras de apropiación del conocimiento, la variedad de prácticas culturales, formas de vestir, hablar, comer, bailar, en fin, todo un universo que abre oportunidades y genera acciones que repercuten en las dinámicas vitales de cada uno y de todo el equipo, lo que tiene consecuencias en la construcción de propuestas artísticas, pedagógicas y políticas que posibiliten el acercamiento a la invitación de Foucault de hacer de la vida una obra de arte.";"1. Generación de nuevo conocimiento
● Un artículo de nuevo conocimiento para publicar en revista indexada A1.
● 3 Publicaciones en otras revistas de circulación nacional o internacional.
● Realización de una propuesta artística (performance) con la comunidad que evidencie los hallazgos de la investigación que hará una itinerancia por las ciudades beneficiarias del proyecto.
● Un libro resultado de la investigación.
● Implementación de una estrategia de investigación cartográfica que permita expandir los hallazgos en relación con la vida.
● La apertura de nuevos conceptos que sirvan para la ampliación de referentes artísticos, pedagógicos, éticos, estéticos y políticos.
2. Apropiación social del conocimiento
● Creación de un seminario en el cual participen los investigadores, estudiantes en formación de pregrado y posgrado e invitados académicos que dialoguen con las búsquedas de la investigación.
● Ponencia y socialización del proceso de investigación y los hallazgos encontrados en las diferentes ciudades en que se realice el proyecto.
● Presentación de un registro audiovisual que condense las propuestas artísticas, talleres, seminarios e intervenciones con la comunidad.
● Afianzamiento de la participación en Redes de conocimiento nacionales e internacionales, que permitan una constante retroalimentación e intercambio de saberes sobre la investigación creación.
● Resignificación de las redes sociales como un espacio para el intercambio de información, generación de conocimiento, invitación a la participación, retroalimentación y contacto con la comunidad.
● Se espera la participación de 100 artistas en el diseño, realización y presentación de la performance y más de 2.000 personas que sean los intercesores (espectadores) delproceso en las diferentes ciudades.
● Devolución del proceso a las comunidades que permita el diálogo de saberes, la retroalimentación con las diferentes entidades culturales, educativas y pedagógicas en que nos movemos.
● Realización de encuentros entre comunidades que permita emplazar a la comunidad como protagonista del proceso.
3. Formación de Recurso Humano en el CTel
● Formación estudiante de Doctorado. Doctorado en Artes.
● Formación estudiante de Maestría. Maestría en Estética.
● Formación estudiante de Maestría. Maestría en Educación y Derechos Humanos.
● Formación de estudiantes de pregrado en diferentes áreas del conocimiento.
● Fortalecimiento en las estrategias de trabajo entre los grupos de Investigación participantes, la Corporación Artística ImaginEros y su semillero de creación y la Casa Benet Domingo.
● Apertura de una nueva asignatura en forma de seminario en Medellín y Cartagena dividido en módulos para generar un intercambio de experiencias y saberes.
● Asesoría de tesis de pregrado y posgrado que se formulen dentro de la investigación-creación o escenarios afines.";68,82%;9,08%;0,00%;100,00%;13,94%;4,47%;3,69%;0,00%
2019;Propuesta de Investigación Convocatoria;No Avalada;852;CONVOCATORIA CONECTANDO CONOCIMIENTO 2019;MinCiencias;Ejecutor;N/A;N/A;24;N/A; $ 441.624.352 ; $ -   ; $ 322.624.352 ; $ 119.000.000 ; $ 294.774.610 ; $ 27.849.742 ; $ 119.000.000 ; $ -   ; $ -   ; $ -   ; $ -   ; $ -   ; $ -   ; $ -   ; $ -   ;"Esta propuesta de investigación puede arrojar como resultados:
- La generación de nuevo conocimiento en el ámbito de los estudios sociales contemporáneos disciplinares y
transdiciplinares que pueden impactar a las comunidades  académicas y a las poblaciones beneficiarias, protagonistas en la producción de los lenguajes culturales.
- Agenciamiento de centros de pensamiento propio desde las acciones y prácticas de las comunidades a manera de capacidad instalada con los territorios. De manera que se fortalezcan los territorios de impacto.";"- Galería itinerante del proceso de investigación realizado en el territorio
- Un artículo categoría A1
- Dos artículos categoría C
- Un libro categoría A
- Un libro categoría A1
- Un capítulo de libro categoría B
- Informe de línea de base que sirva como insumo para el desarrollo de futuros proyectos de investigación
- Tres ponencias en Eventos Internacionales
- Realización de tres programas de radio sobre el proceso de investigación
- Tres Ponencias en Eventos Nacionales
- Vinculación de dos Jóvenes Investigadores
- Formación tres estudiantes de maestria";66,75%;33,25%;18,96%;81,04%;0,00%;0,00%;0,00%;0,00%
2019;Propuesta de Investigación Convocatoria;No Avalada;852;CONVOCATORIA CONECTANDO CONOCIMIENTO 2019;MinCiencias;Ejecutor;"1- Universidad de los Llanos (Ull)
2- Universidad Surcolombiana (USC)
3- Universidad de la Amazonía (UA)
4- Universidad Santo Tomás (UST)";CAPACIDADES COMUNITARIAS EN ZONAS RURALES DE POSACUERDO: OPORTUNIDADES PARA DISMINUIR DESIGUALDADES;24;"UDFJC:
- MORALIA

UII:
- GRITOX

USC:
- CRECER

UA:
- ANAKEKO

UST:
- ABA"; $ 2.116.363.764 ; $ -   ; $ 1.476.363.764 ; $ 640.000.000 ; $ 1.294.814.538 ; $ 63.849.742 ; $ 340.000.000 ; $ 11.924.871 ; $ 160.000.000 ; $ 46.924.871 ; $ 60.000.000 ; $ 21.924.871 ; $ 80.000.000 ; $ 36.924.871 ; $ -   ;"- Vinculación de seis (6) jóvenes investigadores al programa de investigación
- Vinculación de seis (6) estudiantes del pregrado en temas relacionados con el programa.
- Formación de cinco (5)estudiantes del pregrado en temas relacionados con el programa.
- Formación de seis (6) estudiantes de maestría en el marco del programa de investigación.
- Formación de un (1) estudiante de doctorado en el marco del programa de investigación
- Participación en veinte (20) eventos socializando los resultados de investigación del programa.
- Participación o realización de veinte (20) eventos académicos orientados a la presentación de los resultados de investigación del programa
- Presentación de cinco (5) resultados de investigación a través de diferentes estrategias (piezas comunicativas)
- Desarrollo de diez (10) talleres, o seminarios, o cursos, entre otros espacios para la retroalimentación y divulgación de los resultados de investigación del programa a la comunidad civil
- Desarrollo de diez (10) talleres, o seminarios, o cursos, entre otros espacios para la retroalimentación y divulgación de los resultados de investigación del programa a la comunidad científica
- Creación o participación en cinco (5) redes de conocimiento, nacional o internacional, que trabaje temas relacionados con los proyectos que involucra el programa de investigación.";"- Cuatro (4) artículos publicados en revistas indexadas.
- Dos (2) libros publicados con los resultados de la investigación.
- Cinco (5) capítulos de libro publicados";61,18%;19,08%;15,81%;84,19%;8,12%;5,05%;4,82%;1,74%
2019;Propuesta de Investigación Convocatoria;No Avalada;852;CONVOCATORIA CONECTANDO CONOCIMIENTO 2019;MinCiencias;Ejecutor;N/A;Pertenence a un programa;24;N/A; $ 444.812.175 ; $ -   ; $ 274.812.175 ; $ 170.000.000 ; $ 237.887.305 ; $ 36.924.870 ; $ 170.000.000 ; $ -   ; $ -   ; $ -   ; $ -   ; $ -   ; $ -   ; $ -   ; $ -   ;"- Vinculación de un (1) joven investigador al programa de investigación
- Formación de dos (2) estudiantes de maestría en el marco del programa de investigación.
- Formación de un (1) estudiante de doctorado en el marco del programa de investigación
- Participación en cuatro (4) eventos socializando los resultados de investigación del programa.
- Participación o realización de cuatro (4) eventos académicos orientados a la presentación de los resultados de investigación del programa
- Presentación de un (1) resultados de investigación a través de diferentes estrategias (piezas comunicativas)
- Desarrollo de dos (2) talleres, o seminarios, o cursos, entre otros espacios para la retroalimentación y divulgación de los resultados de investigación del programa a la comunidad civil
- Desarrollo de dos (2) talleres, o seminarios, o cursos, entre otros espacios para la retroalimentación y divulgación de los resultados de investigación del programa a la comunidad científica
- Creación o participación en una (1) red de conocimiento, nacional o internacional, que trabaje temas relacionados con los proyectos que involucra el programa de investigación.";"- Un (1) artículo publicado en revistas indexadas.
- Un (1) libro publicado con los resultados de la investigación.
- Un (1) capítulo de libro publicado";53,48%;46,52%;17,84%;82,16%;0,00%;0,00%;0,00%;0,00%
2020;Propuesta de Investigación Convocatoria;Contrato firmado;872;Hacia una mayor comprensión del conflicto armado, las víctimas y la historia reciente de Colombia;MinCiencias;Ejecutor;"1- Universidad SurColombiana USC
2- Universidad de la Amazonía UA
3- Fundación para el desarrollo de la educación en la Orinoquía";N/A;18;"UDFJC
- Moralia
UA
- Ananeko
USTV
- humanidades digitales, formación y coonstrucción de paz territorial - ABA
"; $ 962.086.576 ; $ 325.727.305 ; $ 409.812.176 ; $ 552.274.400 ; $ 357.887.305 ; $ 11.924.871 ; $ 260.000.000 ; $ 35.000.000 ; $ 93.000.000 ; $ -   ; $ 84.274.400 ; $ 5.000.000 ; $ 115.000.000 ; $ -   ; $ -   ;"- Producción de narrativas (expresiones ilocutivas) acerca de los
procesos de subordinación en los territorios rurales, la
presencia de hechos bélicos y su impacto en los ambientes
escolares. (Instrumentos aplicados: entrevistas narrativas)
- Producción de narrativas presentes en memorias del pasado
reciente acerca de emociones asociadas a modos de
menosprecio y agravios, pero también a formas de resistencia.
(Instrumentos aplicados: Foto-biografías territoriales)
- Producción de narrativas relacionadas con prácticas en
educación para la paz realizadas por los maestros rurales para
promover la reconciliación y la reparación simbólica.
(Instrumentos aplicados: Estético- analógico, multimodal, digital)
- Sistematización de la información.
Recolección y organización de la información recogida en los
instrumentos de recolección de información (entrevistas
narrativas, foto-biografías territoriales y estético –analógico)
- Elaboración de piezas comunicativas para dar a conocer la
información recolectada en los instrumentos.
- Registros audiovisuales para la elaboración de piezas
comunicativas.
- Documento comprensivo interpretativo con perspectiva
interseccional que da cuenta de las aristas de interpretación
(subordinación, humillación y comprensión) de la investigación
en su componente cualitativo.
- Rutas territoriales que visibilicen las prácticas y saberes de los
docentes que contribuyen a la construcción del pasado reciente
en el territorio.
- Material didáctico para la enseñanza del pasado reciente en los
territorios.
- Dinámicas de vulneración de derechos en clave territorial .
Dan cuenta de las condiciones geográficas, características
culturales e históricas del territorio, condiciones estatales de
abandono, presencia y acciones de organizaciones sociales,
entre otros factores.
- Identificación de aspectos relacionados con género .
Reconociendo las dimensiones plurales y diferenciales del
impacto del conflicto armado, en relación con patrones de
violencia basados en género: mujeres, jóvenes, adultos, niños,
niñas, comunidades LGTBIQ+.
- Reconocimiento de aspectos étnicos presentes en cada
territorio. Atendiendo a las dimensiones plurales y
diferenciadas de patrones de violencia, atendiendo a una
perspectiva étnica y cultural para determinar: formas
diferenciadas de violencias contra pueblos indígenas,
comunidades campesinas, maestros y maestras, poblaciones
afrocolombianas, entre otros.
- Matriz de subordinación. En tramas narrativas de memorias
del pasado, que aportan a la identificación de categorías
analíticas para reconocer los atributos estables y recoger
información de las características específicas y relativas al
fenómeno o realidad.
- Matriz de modos de resistencia . En tramas narrativas de
memorias del pasado reciente que permiten la identificación de
categorías analíticas para develar los fenómenos comunes y
discrepantes en el territorio con perspectiva interseccional.
- Informe descriptivo analítico.
- Categorías (matrices de subordinación y modos de resistencia)
Subcategorías, Propiedades, Dimensiones, Indicadores.";"- Un libro de investigación publicado categoría B
- Un capítulo de libro publicado categoría B
- Un artículo de investigación categoría A1
- Evento de participación ciudadana o de comunidades relacionado con la CTeI
- Una cartilla o folleto de divulgación de resultados
- Tres cursos de capacitación, seminarios o talleres
- Presentación de resultados ante las autoridades competentes.
- Una red creada o articulación en una red a nivel nacional o internacional 
- Generación de contenidos
- Vinculación de un joven investigador";37,20%;28,26%;4,39%;95,61%;13,30%;8,76%;12,47%;0,00%
2021;Propuesta de Investigación Convocatoria;Contrato firmado;N/A;Development of Integrated Techniques for Induced Genetic Diversity and Improvement of Vegetatively Propagated and Horticultural Tree Crops;International Atomic  Energy Agency - IAEA;Ejecutor;AGROSAVIA;N/A;60;Grupo de investigación biología molecular; € 423.000,00 ; € 50.000,00 ; € 50.000,00 ; € 373.000,00 ; € 50.000,00 ; $ -   ; € 373.000,00 ; $ -   ; $ -   ; $ -   ; $ -   ; $ -   ; $ -   ; $ -   ; $ -   ;"Harmonize protocols for in vitro regenerants.
Determination of mutated characters as an effect of irradiation
Agromorphological, physicochemical and nutritional characterization of the tuber of the genetic variants obtained.
Agronomic evaluation tests of mutants obtained
Mass production of high quality microtubers / tubers
Training in potato genetic improvement processes";0;11,82%;88,18%;0,00%;100,00%;0,00%;0,00%;0,00%;0,00%
2019;Propuesta de Investigación Convocatoria;No Avalada;852;CONVOCATORIA CONECTANDO CONOCIMIENTO 2019;MinCiencias;N/A;1- Universidad Pontificia Javeriana;N/A;12;N/A; $ -   ; $ -   ; $ -   ; $ -   ; $ -   ; $ -   ; $ -   ; $ -   ; $ -   ; $ -   ; $ -   ; $ -   ; $ -   ; $ -   ; $ -   ;"- Fabricación de una celda solar basada en materiales orgánicos con microestructura y eficiencia de conversión.
- 1 Articulo revista internacional
- Participación en Congresos/Ponencias/Conferencias/Workshops/Conversatorios Internacionales
- Participación de dos jóvenes investigadores en la elaboración de la investigación";"- Artículo original aceptado o publicado en revista  categorizada o la carta de aceptación del artículo.
- Certificado como de participación como ponente y soporte del trabajo presentado (memorias, programa de los eventos).
- Certificado como de participación en calidad de póster y soporte del trabajo presentado (memorias, programa de los eventos).
- Contrato de vinculación del joven investigador e informe de las actividades desarrolladas en el marco de proyecto";0,00%;0,00%;0,00%;0,00%;0,00%;0,00%;0,00%;0,00%
2019;Propuesta de Investigación Convocatoria;No Avalada;852;CONVOCATORIA CONECTANDO CONOCIMIENTO 2019;MinCiencias;Co-ejecutor;1- Universidad Nacional de Colombia UNAL (Ejecutor);N/A;24;"UDFJC:
- Grupo de Instrumentación Cientifica & Didáctica

UNAL:
- Grupo de Óptica e Información Cuántica"; $ 557.030.051 ; $ -   ; $ 327.673.411 ; $ 229.356.640 ; $ 303.823.669 ; $ 11.924.871 ; $ 65.500.000 ; $ 11.924.871 ; $ 163.856.640 ; $ -   ; $ -   ; $ -   ; $ -   ; $ -   ; $ -   ;"- Evaluación, comprensión y síntesis de las propiedades ópticas, estructurales y composicionales de los biomateriales analizados.
- Modelo de los biomateriales como cristales fotónicos 1D que permita evaluar y predecir respuestas ópticas pasivas como la iridiscencia.
- Modelo de los biomateriales fotónicos con características de sistemas 1D como filtros ópticos angulares.
- Comprensión de los procesos de transporte y localización de la luz en sistemas no ideales y que presenten desorden en sus parámetros estructurales.";"- Un Artículo categoría A1
- Un Artículo categoría A2
- Un Artículo categoría B
- Un Artículo categoría C
- Dos ponencias en eventos científicos nacionales o internacionales
- Dos presentaciones de trabajos en modalidad poster en eventos científicos nacionales o internacionales
- Coorganización de un evento especializado en el área
- Vinculación de dos jovenes investigadores
- Vinculacion y formacion de cuatro estudiantes de pregrado
- Vinculacion de un estudiante de maestria";54,54%;13,90%;15,40%;84,60%;31,56%;0,00%;0,00%;0,00%
2019;Propuesta de Investigación Convocatoria;No Avalada;852;CONVOCATORIA CONECTANDO CONOCIMIENTO 2019;MinCiencias;Co-ejecutor;"1- Universidad Católica de Colombia UCC (ejecutor)
2- Fundación Universitaria Konrad Lorenz FUKL (co-ejecutor)
3- Lifesense SAS (co-ejecutor)";PROGRAMA DE ENTRENAMIENTO COGNITIVO BASADO EN LA PRÁCTICA DEL AJEDREZ PARA ESTIMULAR LAS FUNCIONES EJECUTIVAS IMPLICADAS EN EL PENSAMIENTO LÓGICO MATEMÁTICO. DIRIGIDO A ESTUDIANTES DEL PRIMER CICLO DE EDUCACIÓN BÁSICA ;24;"UDFJC:
- GIIRA

UCC:
- ENLACE
- Grupo de Investigación en Aplicaciones de Estadística Multivariantes GAEM
- Grupo de Investigación en Software Inteligente y Convergencia Tecnológica - GISIC

FUKL:
- PROMENTE-KONRAD
"; $ 1.128.785.882 ; $ -   ; $ 746.152.450 ; $ 382.633.432 ; $ 636.587.224 ; $ 23.849.742 ; $ 161.016.280 ; $ 47.699.484 ; $ 191.617.152 ; $ 38.016.000 ; $ -   ; $ -   ; $ 30.000.000 ; $ -   ; $ -   ;"- Una batería de pruebas neuropsicológicas informatizadas.
- Evidencia objetiva sobre los efectos de la práctica de ajedrez como una actividad curricular en el desarrollo de las funciones ejecutivas
- Evidencia objetiva sobre los efectos de la práctica de ajedrez como una actividad curricular en el desarrollo del pensamiento lógico matemático.
- Evidencia objetiva sobre las relaciones existentes entre las funciones ejecutivas y el pensamiento lógico matemático a fin de impactar el diseño curricular";"- Seis Artículos categoría C
- Dos Artículos categoría A2
- Un Artículo categoría A1
- Un libro de investigación categoría A1
- Un software
- Seis Ponencias en Congreso Internacional
- Formación de un estudiante de maestria (Tesis)
- Vinculación de un estudiante de doctorado
- Vinculación seis jóvenes investigadores
- Formación de cuatro estudiantes de pregrado";56,40%;16,38%;12,90%;87,10%;21,20%;3,37%;2,66%;0,00%
2019;Propuesta de Investigación Convocatoria;No Avalada;852;CONVOCATORIA CONECTANDO CONOCIMIENTO 2019;MinCiencias;Co-ejecutor;"1- Universidad de los Andes UniAndes (ejecutor)
2- Universidad Nacional de Colombia UNAL (co-ejecutor)";NANOMATERIALES Y DISPOSITIVOS OPTOELECTRÓNICOS;36;"UDFJC:
- Grupo de Instrumentación Cientifica & Didáctica

UniANDES:
- Grupo de Fisica Teorica de la Materia Condensada
- GRUPO DE FISICA DE ALTAS ENERGIAS DE LA
UNIVERSIDAD DE LOS ANDES

UNAL:
- Grupo de Ciencia de Materiales y Superficies
- GRUPO DE INVESTIGACIÓN EN CORROSIÓN, TRIBOLOGIA Y ENERGÍA
- GRUPO DE INVESTIGACIÓN AFIS  (ANÁLISIS DE FALLAS, INTEGRIDAD Y SUPERFICIES)"; $ 2.897.791.859 ; $ -   ; $ 1.378.750.876 ; $ 1.519.040.983 ; $ 1.307.201.650 ; $ 11.924.871 ; $ 64.000.000 ; $ 35.774.613 ; $ 932.402.903 ; $ 23.849.742 ; $ 522.638.080 ; $ -   ; $ -   ; $ -   ; $ -   ;"- Creación de controladores de Software para análisis de parámetros de fabricación (espesor, diámetro, material) de nanodiscos plasmónicos.
- Montaje para caracterización espectral de nanodiscos magnetoplasmónicos en función de la temperatura.
- Modelo teóricos que incluyan los mecanismos físicos fundamentales que expliquen cualitativa y cuantitativamente las observaciones realizadas en el laboratorio y permitan hacer predicciones correspondientes.
- Desarrollo de dispositivo para medición de propiedades ópticas de materiales heteroestructurados en función de la temperatura.";"- Dos Artículos categoría A2
- Dos Artículos categoría A1
- Solicitud patente provisional sobre un dispositivo plasmónico diseñado y fabricado por medio de este programa de investigación.
- Un software
- Cinco Ponencias a nivel Nacional
- Vinculación de tres estudiantes de maestria
- Vinculación de un estudiante de doctorado
- Vinculación seis jóvenes investigadores";45,11%;2,62%;15,71%;84,29%;33,41%;18,86%;0,00%;0,00%
2019;Propuesta de Investigación Convocatoria;No Avalada;852;CONVOCATORIA CONECTANDO CONOCIMIENTO 2019;MinCiencias;Ejecutor;1- Universidad de Nariño;Configuración de categorías mediante procesos de innovación para la inclusión y el reconocimiento de la diversidad y diferencia cultural en la educación científica: Estudios de caso en los niveles educativos Básico y Universitario;36;"UDFJC:
- INTERCITEC (Interculturalidad, ciencia y tecnología)"; $ 1.520.035.721 ; $ -   ; $ 1.095.641.480 ; $ 424.394.241 ; $ 1.024.092.254 ; $ 47.699.484 ; $ 304.036.331 ; $ 23.849.742 ; $ 120.357.910 ; $ -   ; $ -   ; $ -   ; $ -   ; $ -   ; $ -   ;"- Las comunidades de practica interculturales vinculan a sabedores locales al desarrollo de la innovación educativa, este caso los pobladores que acogen a las instituciones educativas
- Se plantea como estrategia de comunicación del conocimiento, la generación de contenidos vía radial, por medio de la emisora de las Universidades en Convenio
- Se plantea como estrategia de comunicación del conocimiento, la generación de contenidos virtual, por medio de los diferentes
portales de las Universidades en Convenio";"- Cinco (5) libros categoría B
- Cuatro (4) capítulos de libro categoría B
- Dos (2) Artículos categoría A2
- Cuatro (4) artículos categoría B
- Cuatro Informes técnicos realizados en el marco del proyecto
- Vídeo donde se expone el desarrollo del proceso y la participación de las comunidades
- Participación en cuatro (4) Eventos Científicos Internacionales
- Participación ciudadana en el evento generado por parte de las Universidades en Convenio
- Se realizará un evento con invitados académicos especializados del campo, participantes de las  comunidades. Igualmente en dicho evento se realizará una validación de los resultados
- Se participará en cuatro (4) Congresos Nacionales especializados en la Enseñanza de las Ciencias EDUCYT con ponencia aprobada.
- Se participará en el IX Congreso Internacional de Formación Profesores de Ciencias
- Seminario de Investigación a nivel doctoral sobre el desarrollo de la investigación
- Vinculación de cuatro (4) estudiantes de doctorado
- Vinculación de ocho (8) jóvenes investigadores
mediante becas-pasantías a las actividades de CTeI
- Tesis de doctorado en desarrollo: Innovaciones educativas, en el nivel de Básica Primaria
- Tesis en desarrollo: Innovación educativa en Básica Primaria vinculante con practicas nutricionales.
- Culminación de Tesis de Doctorado Claudia Patricia Orjuela
- Seminario de Maestría orientado a la formación de profesores de Ciencias
- Curso de formación inicial de profesores de ciencias, en la
Universidad Distrital y la Universida de Nariño";67,37%;23,14%;13,56%;86,44%;9,49%;0,00%;0,00%;0,00%
2019;Propuesta de Investigación Convocatoria;No Avalada;852;CONVOCATORIA CONECTANDO CONOCIMIENTO 2019;MinCiencias;Co-ejecutor;1- Fundación Universidad Central FUC;N/A;24;"UDFJC:
- Grupo de Instrumentación Cientifica & Didáctica

UNAL:
- BioMat: Ciencias Biológicas y Nuevos Materiales"; $ 828.807.869 ; $ -   ; $ 356.405.933 ; $ 472.401.936 ; $ 332.556.191 ; $ 11.924.871 ; $ 226.780.000 ; $ 11.924.871 ; $ 245.621.936 ; $ -   ; $ -   ; $ -   ; $ -   ; $ -   ; $ -   ;"1- Generación de nuevo conocimiento:
* Dos publicación en revista indexada A1 A2
* Dos publicaciones en revistas de menor impacto
2- Apropiación social del conocimiento:
* Dos ponencias en eventos nacionales
* Dos ponencias en eventos internacionales
* Dos ponencias en Encuentro Regional de Semilleros de Investigación
3- Formación de recurso humano:
* Dos trabajo de grado de pregrado
* Un trabajo de grado de maestría
* Vinculaciones de dos jóvenes investigadores";"- Un Artículos categoría A1
- Un Artículos categoría A2
- Dos Artículos categoría D
- Dos ponencias en eventos internacionales
- Cuatro trabajos de grado de estudiantes de pregrado
- Vinculación dos jóvenes investigadores";40,12%;28,80%;5,00%;95,00%;31,07%;0,00%;0,00%;0,00%
2021;Propuesta de Investigación Convocatoria;Contrato firmado;N/A;CONVOCATORIA TRAMPOLIN “T-AmSud”;Embajada de Francia en Colombia;Ejecutor;"1- Centre National de la Recherche Scientifique - CNRS

2- Universidad Nacional de la Plata - UNP";N/A;0,25;"UDFJC:
ITI: Innovación en Tecnologías de Información

UNP:
GEMIS: Grupo de Estudio de Metodologías para
Ingeniería en Software y Sistemas de Información"; $ 5.675.900 ; $ 5.675.900 ; $ 5.675.900 ; $ -   ; $ 5.675.900 ; $ -   ; $ -   ; $ -   ; $ -   ; $ -   ; $ -   ; $ -   ; $ -   ; $ -   ; $ -   ;Diseñar y desarrollar un proyecto en el contexto de ciencia de datos que permita hacer predicción del comportamiento de la enfermedad, usando la información histórica oficial de la enfermedad ofrecida por la organización mundial de la salud. De esta manera, en este proyecto estudiaremos diferentes técnicas de aprendizaje computacional para usar aquellas que son idóneas para el desarrollo de predicción de información que incluye registros temporales diarios por cada país del mundo. Este proyecto se desarrollará en lenguaje Python con análisis y visualización de datos usando los componentes Pandas, Scikit-learn, Dash y Plotly.;"Diseño de un proyecto de investigación entre los aliados
- Preparación a la aplicación de este proyecto a la próxima convocatoria de los programas AMSUD en el 2022.";100,00%;0,00%;0,00%;0,00%;0,00%;0,00%;0,00%;0,00%
2019;Propuesta de Investigación Convocatoria;Contrato firmado;848;CONVOCATORIA PROGRAMA DE ESTANCIAS POSTDOCTORALES EN ENTIDADES DEL SNCTeI 2019;MinCiencias;Ejecutor;N/A;N/A;12;"UDFJC:
- Grupo de Investigación Uso y Conservación de la Diversidad Forestal"; $ 147.752.000 ; $ 96.000.000 ; $ 128.800.000 ; $ 18.952.000 ; $ 96.000.000 ; $ 7.000.000 ; $ 18.952.000 ; $ 25.800.000 ; $ -   ; $ -   ; $ -   ; $ -   ; $ -   ; $ -   ; $ -   ;"- Línea base con la composición y abundancia de flora y  macrofauna del suelo a lo largo del gradiente altitudinal
- Modelo basado en datos que relacione las variables hidro-meteorológicas con parámetros de composición de especies y abundancias de flora y macrofauna del suelo, y permita la
proyección de efectos de cambio climático en la flora y macrofauna.
- Matriz de relación entre la macrofauna del suelo y su aproximación a los servicios ecosistémicos.
- Una estrategia de comunicación y apropiación social del conocimiento derivado de esta investigación
- Un plan de monitoreo hidro-meteorológico y ecológico a 10 años";"- Un artículo científico sometido a revista indexada
- Dirección de una tesis de maestría
- Dirección de un trabajo de pregrado
- Ponencia en un evento científico
- Una charla magistral
- Plan de monitoreo hidro-meteorológico y ecológico a
10 años
- Dos eventos de comunicación y apropiación social en la zona de estudio
- Organizar un simposio sobre ecología e hidrología de bosques andino
";64,97%;17,56%;26,97%;73,03%;17,46%;0,00%;0,00%;0,00%
2019;Propuesta de Investigación Convocatoria;No Avalada;863;CONVOCATORIA PARA EL APOYO DE PROYECTOS DE DESARROLLO Y VALIDACIÓN PRECOMERCIAL Y COMERCIAL DE PROTOTIPOS FUNCIONALES DE TECNOLOGÍAS DE ALTO RIESGO TECNOLÓGICO Y ALTO POTENCIAL COMERCIAL;MinCiencias;Co-ejecutor;"1. Industrias TECSOL LTDA (Ejecutor).
2. Cooperación Verde SAS (Acompañante).";N/A;20;"UDFJC:
- Grupo de investigacion en energias alternativas -
GIEAUD
- ARMOS - Arquitecturas Modernas para Sistemas
de Alimentación

TECSOL:
- Centro de Desarrollo Industrial Tecsol"; $ 935.707.049 ; $ -   ; $ 797.780.894 ; $ 137.926.155 ; $ 523.818.458 ; $ 73.962.436 ; $ 79.900.000 ; $ -   ; $ 38.026.155 ; $ 200.000.000 ; $ 20.000.000 ; $ -   ; $ -   ; $ -   ; $ -   ;"- Contar con un producto de desarrollo tecnológico a nivel de prototipo para la cogeneración (electricidad –calor) con biomasa residual de podas.
- Hacer pruebas de cogeneración en las instalaciones de la Cooperación Verde
- Establecer el potencial de generación eléctrica con la biomasa residual de podas
- Establecer el potencial de secar madera con calor residual de la generación eléctrica con biomasa residual de podas.
- Establecer los beneficios ambientales y económicos del proceso desarrollado
- Desarrollar un informe de panorama tecnológico sobre co-generación energía-calor, hornos y aprovechamiento de
biomasa residual
- Desarrollar un sistema de control automático de la operación del prototipo
- Modelo de negocio o gestión para el aprovechamiento del prototipo";"- Artículos de investigación: Dos (2) categoría B
- Acuerdo de licencia para la explotación comercial del prototipo resultado de la investigación
- Informe que describan los métodos y procedimientos empleados para la estimación y caracterización de los residuos forestales y su potencial energético.
- Informe con la memoria de la ingeniería conceptual y básica de la planta de cogeneración.
- Informe con la evaluación técnica, económica y ambiental de la tecnología de cogeneración en procesos de transformación primaria de la madera.
- Informe de panorama tecnológico sobre sistemas de co-generación, hornos de secado.
- Informe de modelo de negocio o gestión para el aprovechamiento del prototipo.
- Planta de cogeneración de energía e integración con los procesos de secado y aserrío
- Participación en dos (2) eventos nacionales o internacionales en los que se presenten los avances o resultados del proyecto de investigación
- Vinculación un (1) jóven investigador";55,98%;16,44%;48,07%;51,93%;4,06%;23,51%;0,00%;0,00%
2019;Propuesta de Investigación Convocatoria;No Avalada;Convocatoria de Proyectos de Investigación en Paz y Pos-acuerdo SUE 2019;CONVOCATORIA DE PROYECTOS DE INVESTIGACIÓN EN PAZ Y POS-ACUERDO. SUE 2019;SUE Distrito Capital;Co-ejecutor;1. Universidad Militar Nueva Granada - UMNG;N/A;12;"UDFJC:
- GICALYT - Grupo de Investigación en Cadenas de Abastecimiento, logística y Trazabilidad

UMNG:
- Grupo de estudios contemporáneos en contabilidad, gestión y organizaciones - GECCGO"; $ 49.493.245 ; $ -   ; $ 39.428.000 ; $ 10.065.245 ; $ 39.428.000 ; $ -   ; $ 4.125.000 ; $ -   ; $ 5.940.245 ; $ -   ; $ -   ; $ -   ; $ -   ; $ -   ; $ -   ;"Los impactos esperados se listan a continuación:
i) Transferencia de conocimiento a asociaciones y organizaciones públicas y privadas del sector agroindustrial.
ii) Generación de Nuevo Conocimiento en revista de alto impacto que contribuyen a los grupos de investigación de la alianza del SUE.
iii) Formación de estudiante de posgrado a nivel de Maestría en investigación y modelado.
iv) Difusión de conocimiento en conferencias especializadas en el tema. 
v) Diseño de alternativas de política para instituciones públicas (Ministerio de Agricultura y Desarrollo entre otros).
vi) Diseño de estrategias basada en el modelado y simulación para instituciones privadas.";"- Dos (2) artículos sometidos en revista científica Nacional y/o Internacional (Q3)
- Un avance de tesis de maestría relacionadas con el tema de investigación
- Una participación en evento internacional y/o nacional para la difusión de resultados
- Realizar un (1) evento académico para divulgar los avances alcanzados en el proyecto y/o los resultados del mismo y así como para promover la posible conformación de redes de investigación y alianzas institucionales
- Avance de una (1) tesis de pregrado relacionadas con el tema de investigación";79,66%;8,33%;0,00%;100,00%;12,00%;0,00%;0,00%;0,00%
2021;Propuesta de Investigación Convocatoria;Contrato firmado;897;"CONVOCATORIA PARA LA FINANCIACIÓN DE PROYECTOS DE CTeI EN SALUD QUE PROMUEVAN LA MEDICINA
PERSONALIZADA Y LA INVESTIGACIÓN TRASLACIONAL - Modalidad 1: Proyectos de CTeI basados en Investigación traslacional.
";MinCiencias;Co-ejecutor;"1- Universidad Pontificia Javeriana - UPJ (Ejecutor)

2- Universidad Nacional de Colombia - UNAL (Co-ejecutor)

3- Hospital Universitario San Ignacio - HUSI (Co-ejecutor)";N/A;36;"UDFJC:
- Grupo de Investigación en Ingeniería Ambiental - GIIAUD

UPJ:
- INSTITUTO DE GENETICA HUMANA - FACULTAD
DE MEDICINA - PONTIF

UNAL:
- Grupo de Investigación en Bioinformática y Biología
de Sistemas

HUSI:
- Enfermedades Crónicas del Adulto"; $ 1.345.071.944 ; $ -   ; $ 929.956.223 ; $ 415.115.721 ; $ 925.356.223 ; $ -   ; $ 57.564.288 ; $ 4.600.000 ; $ 287.515.785 ; $ -   ; $ 30.950.880 ; $ -   ; $ 39.084.768 ; $ -   ; $ -   ;"-Teniendo como referencia los artículos publicados en relación con esta temática, se esperan encontrar diferencias significativas en los niveles de enriquecimiento de H3K9Ac entre sujetos sanos de las localidades muestreadas; y pacientes con diagnóstico de asma grave. Estas diferencias esperan ser cuantificadas por la metodología de ChIPseq y se espera construir asociaciones entre los patrones epigenéticos detectados en habitantes de las localidades más contaminadas con los  patrones exhibidos por pacientes con diagnóstico de asma grave 
-Se identificarán las regiones promotoras, enhancer, cuerpo del gen con mayor enriquecimiento de H 3K9Ac, en los grupos de investigación seleccionados. Teniendo en cuenta los reportes de la literatura, esperamos reportar que los genes que muestran patrones aberrantes de modificación de histonas están involucrados en estrés oxidativo, inflamación y modulación del sistema inmune. Específicamente esperamos encontrar activación aberrante de genes relacionados con la diferenciación de linfocitos Th2, los cuales han sido descritos en pacientes con asma y alergias.
-Se esperan obtener datos precisos de las concentraciones de PM 2.5 en las localidades seleccionadas. Se obtendrá también un análisis espacio-temporal de la variación de las concentraciones de PM2.5. Se obtendrán resultados sobre la percepción ciudadana en relación con la calidad del aire de las áreas en estudio. Por último, se evaluará preliminarmente la posible asociación entre las concentraciones de PM2.5 y las tasas de morbilidad asociadas.
-Con los datos obtenidos anteriormente se espera encontrar incrementos en los niveles de H 3K9Ac en sujetos de investigación que habitan localidades con mayor índice de material particulado PM2.5. ";"- Un Artículo de investigación categoría A1
- Dos Artículos de investigación categoría B
- Participación en dos congresos científicos nacionales y uno internacional
- Realización de Seminario de Impacto de la calidad de aire en la salud humana
- Elaboración de 1 Cartilla o folleto como medio de divulgación referente a la importancia de la calidad de aire en la salud humana.
- Dos estudiantes especialización en medicina interna o neumología
- Formación de un estudiante de Doctorado en Ciencias, Facultad de Ciencias, Pontificia Universidad Javeriana
- Estudiante de maestría en Bioestadística y maestría en Desarrollo sustentable y ambiental
- POLICY BRIEF. Documento técnico que sintetiza la evidencia sobre un tema particular de política., presenta los hallazgos de una investigación o proyecto a los actores políticos o público no especial
- Contenidos multimedia y virtuales. Generación de videos de máximo 10 minutos donde se muestre el estado de avance del proyecto y el impacto esperado.";68,80%;4,28%;0,00%;100,00%;21,72%;2,30%;2,91%;0,00%
2019;Propuesta de Investigación Convocatoria;No Avalada;6;"006-2019 CONVOCATORIA DE PROYECTOS ELEGIBLES DE INVESTIGACIÓN Y DESARROLLO - SGR - FONDO DE
CTI";MinCiencias;Ejecutor;"1- CORPORACIÓN UNIVERSITARIA IBEROAMERICANA - CPI
2- UNIVERSIDAD DE ANTOFAGASTA - UATFG
3- ZEMILLAH";N/A;30;GIIPLyM; $ 2.052.784.848 ; $ -   ; $ 1.420.935.298 ; $ 631.849.550 ; $ 1.420.935.298 ; $ -   ; $ 359.074.286 ; $ -   ; $ 80.330.440 ; $ -   ; $ 139.036.009 ; $ -   ; $ 53.408.815 ; $ -   ; $ -   ;"Formulación de primera versión tipo Artículo que define categorías: experiencias estéticas en lenguaje y comunicación y en artes y criterios para su incorporación en el diseño de AAAA.

(Generación de Nuevo conocimiento)
- Primera versión de ambientes de aprendizaje para el desarrollo de experiencias estéticas en lenguaje y comunicación y en artes, en la formación de profesores.
- Juegos y materiales diseñados para el desarrollo de experiencia estética en lenguaje y comunicación y en artes.

(Formación de Recurso Humano) - (Apropiación Social del Conocimiento).
- Documentos teóricos resultado grupos focales con propuesta de AAAA para las diversas poblaciones. 

(Generación de Nuevo Conocimiento Conocimiento)
- Repositorio AAAA diseñados y validados tanto en formación de profesores como contextos educativos de distintos niveles y áreas con informe de evolución y de validación. 

(Apropiación Social del conocimiento).
- Artículos postulados a revistas indexadas 

(Generación de Nuevo Conocimiento)
- Cartillas para profesores
(Apropiación Social del conocimiento -";"- Cuatro (4) obras y/o productos de investigación, creación en artes, arquitectura y diseño
- Doce (12) Libros y/o capítulos de libros resultados de investigación
- Tres (3) Artículos publicados en revistas indexadas nacionales e internacionales
- Diseño de primeros talleres para los grupos focales incorporando las cuatro categorías.
- Preparación y participación en Congresos (mínimo dos en lenguaje y comunicación, dos en artes y uno en tecnología y uno en ingeniería
- Dos cartillas para profesores uno en lenguaje y uno en
artes";69,22%;17,49%;0,00%;100,00%;3,91%;6,77%;2,60%;0,00%
2019;Propuesta de Investigación Alianza Convenio;No Avalada;N/A;N/A;Universidad de América;Aliado;Universidad de América;N/A;12;N/A; $ 178.895.903 ; $ -   ; $ 50.872.223 ; $ 128.023.680 ; $ -   ; $ 45.872.223 ; $ 60.125.000 ; $ 5.000.000 ; $ 67.898.680 ; $ -   ; $ -   ; $ -   ; $ -   ; $ -   ; $ -   ;"* Formación de dos (2) estudiantes de pregrado en investigación formativa de la Universidad America.
* Dos (2) estudiantes de la Tecnología en Saneamiento Ambiental y/o Ingeniería Sanitaria de la Universidad Distrital.
* Formación de un (1) estudiante de maestría.
* Asistencia a tres (3) ponencias en Congresos y/o Seminarios especializados";"* Tres (3) artículos científicos resultados de la investigación en revistas indexadas por Colciencias
* Un (1) Libro de resultado de investigación ";0,00%;59,25%;43,28%;56,72%;40,75%;0,00%;0,00%;0,00%
2020;Propuesta de Investigación Convocatoria;No Avalada;Solución COVID-19;INVITACIÓN A PRESENTAR PROYECTOS QUE CONTRIBUYAN A LA SOLUCIÓN DE PROBLEMÁTICAS ACTUALES DE SALUD RELACIONADAS CON LA PANDEMIA DE COVID-19;MinCiencias;Ejecutor;N/A;N/A;8;"- GIIRA
- AQUAFORMAT"; $ 1.452.705.021 ; $ -   ; $ 932.705.021 ; $ 520.000.000 ; $ 932.705.021 ; $ -   ; $ 520.000.000 ; $ -   ; $ -   ; $ -   ; $ -   ; $ -   ; $ -   ; $ -   ; $ -   ;"- Formación de cinco (5) estudiantes de pregrado en investigación formativa (Tecnología en Saneamiento Ambiental, Ingeniería Sanitaria, Ingeniería de Sistemas e Ingeniería Electrónica de la Universidad Distrital Francisco José de Caldas)
- Dos (2) ponencias en Congresos y/o Seminarios especializados, uno nacional y otro internacional.
- Socialización de resultados ante el Gobierno Nacional, Autoridad Sanitaria y Autoridad Ambiental Jurisdicción.";"- Dos (2) artículos científicos resultados de la investigación en revistas indexadas por Colciencias
- Un (1) libro de los resultados de la investigación que reúna cada una de las líneas del proyecto.
- Un (1) software especializado.";64,20%;35,80%;0,00%;100,00%;0,00%;0,00%;0,00%;0,00%
2020;Propuesta de Investigación Convocatoria;No Avalada;Solución COVID-19;INVITACIÓN A PRESENTAR PROYECTOS QUE CONTRIBUYAN A LA SOLUCIÓN DE PROBLEMÁTICAS ACTUALES DE SALUD RELACIONADAS CON LA PANDEMIA DE COVID-19;MinCiencias;Ejecutor;N/A;N/A;8;- LIFAE; $ 833.158.200 ; $ -   ; $ 538.108.200 ; $ 295.050.000 ; $ 538.108.200 ; $ -   ; $ 295.050.000 ; $ -   ; $ -   ; $ -   ; $ -   ; $ -   ; $ -   ; $ -   ; $ -   ;"El trabajo desarrollado por el grupo de investigación se ha focalizado en tres (03) aspectos: Pronóstico de
información disponible en las bases de datos, pronóstico de la segmentación de las imágenes de rayos x y
automatización de la clasificación asistencial a partir de soluciones disponibles en la nube.
En la actualidad, se dispone de una gran cantidad de información que hace posible el desarrollo de modelos de
pronóstico bastante precisos. Sin embargo, el reto consiste en definir flujos de trabajo para el análisis de datos
que permitan convertir toda la información de baja calidad en información procesable. En el documento se
define un flujo de trabajo que tiene en cuenta cuatro pasos:
1. Importar datos de diferentes fuentes, tales como, archivos, bases de datos y hojas de datos.
2. Limpiar la información por medio de la eliminación de valores atípicos y ruido, y combinar los conjuntos
de datos.
3. Desarrollar un modelo predictivo preciso con base en la combinación de datos utilizando técnicas
adecuadas de aprendizaje profundo.
4. Desplegar el modelo como una aplicación en un ambiente de producción.
Para el desarrollo de la investigación se está utilizando las siguientes herramientas: Matlab [8], Simulink [9],
Opal-RT [10], DSPACE [11] y Amazon AWS [12]. Matlab y Simulink se utilizan para modelar el sistema de
clasificación asistencial y expandirlo a la segmentación de imágenes de rayos x. La definición del modelo
incluye el flujo de trabajo que permita el análisis de datos para el pronóstico del nexo epidemiológico y de los
antecedentes clínicos. Adicionalmente, se proyecta definir una aplicación que permita seleccionar cualquier
entidad que reporte información dentro del país para desplegar la clasificación asistencial actual y pronosticar
una futura.
La plataforma de simulación de elementos eléctricos complejos (Opal-RT ó DSPACE) se utiliza para emular en
tiempo real el desempeño del modelo en términos de generación de datos y seguimiento al modelo. La
incorporación de los datos en la caracterización del comportamiento del nexo epidemiológico y de los
antecedentes clínicos permite obtener un pronóstico más preciso, de tal manera, que el sistema de
clasificación asistencial pueda mostrar escenarios para tomar decisiones más acertadas con respecto a
situaciones particulares.
Finalmente, se utiliza el servicio de almacenamiento simple de Amazon (Amazon S3 ) para garantizar el acceso
y registro de los archivos que se utilizan por los modelos y los algoritmos de pronóstico bajo condiciones
adecuadas de escalabilidad, disponibilidad de datos, seguridad y rendimiento.";La producción de esta solución permitirá tener disponible la información centralizada de los pacientes de manera permanente y la presentación amigable de escenarios futuros adecuados para la toma de decisiones de corto y mediano plazo.;64,59%;35,41%;0,00%;100,00%;0,00%;0,00%;0,00%;0,00%
2020;Propuesta de Investigación Convocatoria;No Avalada;Solución COVID-19;INVITACIÓN A PRESENTAR PROYECTOS QUE CONTRIBUYAN A LA SOLUCIÓN DE PROBLEMÁTICAS ACTUALES DE SALUD RELACIONADAS CON LA PANDEMIA DE COVID-19;MinCiencias;Ejecutor;"- PONTIFICIA UNIVERSIDAD JAVERIANA
- COLOMBIANA DE TRASPLANTES SAS
- HOSPITAL MILITAR CENTRAL
- SOCIEDAD COLOMBIANA DE INGENIERIA
FISICA
- UNIVERSIDAD EL BOSQUE";N/A;6;"UDFJC:
Grupo de Instrumentación Cientifica & Didáctica
PUJ:
Enfermedades Infecciosas
CDTSAS:
Grupo de investigación Colombiana de
Trasplantes
HMC:
Grupo de Inmunología Clínica Aplicada
SCDIF:
INGENIERIA FISICA
UDB:
Grupo de Inmunología celular y molecular
Universidad El Bosque"; $ 1.590.798.299 ; $ -   ; $ 824.297.436 ; $ 766.500.863 ; $ 824.297.436 ; $ -   ; $ 739.600.000 ; $ -   ; $ 2.047.391 ; $ -   ; $ 5.399.040 ; $ -   ; $ 5.454.432 ; $ -   ; $ 14.000.000 ;0;"Actualmente se han identificado cuatro genes que pertenecen a la familia del coronavirus, conocidos como alfa, beta,
gamma y delta. Dentro de este grupo de genes, el virus corona alfa y beta, puede ocasionar patologías, tanto en seres
humanos como en animales. Mientras que coronavirus del grupo gamma y delta, sólo generan procesos infecciosos en
animales.
El virus coronavirus (COVID-19) pertenece a la familia beta, y es el patógeno responsable de los mecanismos
infecciosos que se desencadenaron en seres humanos y que generaron una neumonía masiva en Wuhan, Hubei
(China) en diciembre del 2019. Aquí radica la importancia de diagnosticar esta infección de manera rápida y ágil por
medio de técnicas moleculares como RT-PCR. Esto también es de relevancia en la actualidad, debido a que no existen
vacunas o antivirales que se encuentren aprobados para procedimientos clínicos.
La Organización Mundial de la Salud (OMS) ha puesto a disposición protocolos de laboratorio para la detección de este
virus. En estos documentos, este organismo menciona la importancia de detectar los genes RdyRp y E que se han
utilizado masivamente en países como Corea, desde febrero de 2020 y los genes N, que se han utilizado en los
Centros para el Control y Prevención de Enfermedades (CDC) de los Estados Unidos; dándole una mayor fiabilidad al
diagnóstico. En este procedimiento sólo se añade ARN de plantilla para que pueda ser utilizado por cualquier
investigador que decida realizar el procedimiento.
Esto es posible a través de la utilización de un kit de RT-PCR en tiempo real, que detecte los genes anteriormente
mencionados e identifique a los pacientes positivos para la enfermedad y descarte a los que no han sido infectados con
el COVID-19. A partir de este punto, se procede a la correlación de los resultados a través de la técnica de RAMAN.
Bibliografía: Directrices de Laboratorio para la Detección y Diagnóstico de la Infección con el Nuevo Coronavirus 2019
(2019-nCoV) - 1 Febrero de 2020 - Organización mundial de la salud.";51,82%;46,49%;0,00%;100,00%;0,13%;0,34%;0,34%;0,88%
2020;Propuesta de Investigación Convocatoria;No Avalada;Solución COVID-19;INVITACIÓN A PRESENTAR PROYECTOS QUE CONTRIBUYAN A LA SOLUCIÓN DE PROBLEMÁTICAS ACTUALES DE SALUD RELACIONADAS CON LA PANDEMIA DE COVID-19;MinCiencias;Ejecutor;N/A;N/A;6;LIDER; $ 712.600.000 ; $ -   ; $ 553.400.000 ; $ 159.200.000 ; $ 553.400.000 ; $ -   ; $ 159.200.000 ; $ -   ; $ -   ; $ -   ; $ -   ; $ -   ; $ -   ; $ -   ; $ -   ;0;"Contar con un sistema de geolocalización en tiempo real permite conocer las ubicaciones de los pacientes
afectados por el Covid-19, esto con el fin de implementar planes de contingencia que ayuden a reducir dichos focos
de propagación. Se sabe que actualmente una de las ciudades en Colombia más afectadas es la capital Bogotá,
inicialmente el virus ingresó en días anteriores al 6 de Marzo cuando se diagnosticó el paciente cero en el país,
asumiendo que este virus se importó por vía aérea, este sistema logrará caracterizar dichos escenarios de
propagación permitiendo tomar decisiones radicales que ayuden a minimizar la razón del número de contagiados en
función del tiempo, esta es una de las grandes preocupaciones en vista de que la red hospitalaria [11] no cuenta
con UCIS suficientes para la demanda que se avecina.
Cuando el sistema se encuentre en funcionamiento se retroalimentan las bases de datos en tiempo real que
permitan conocer estadísticas actualizadas para analizar si los protocolos implementados por el Ministerio de Salud
han generado resultados. Actualmente el número de contagios en Colombia supera los 490 individuos y se estima
por medio de una regresión con losdatos actuales que para finales de abril esta cifra se encuentre muy por encima
de las 5.000 personas afectadas y que haya en total entre 80 y 100 muertes. El diseño de un algoritmo estocástico
y/o metaheurístico retroalimentado con machine learning permitirá generar un modelo de estimación que
pronostique un número probable de contagios por día, según la ubicación y factores estudiados previamente, esto
con el fin de mitigar dichos focos de propagación por medio de medidas radicales que no impacten colateralmente
la economía del país.
Con el total de los datos obtenidos durante el proceso, se convierte en un insumo de toma de decisión para el
gobierno.";77,66%;22,34%;0,00%;100,00%;0,00%;0,00%;0,00%;0,00%
2020;Propuesta de Investigación Convocatoria;No Avalada;Solución COVID-19;INVITACIÓN A PRESENTAR PROYECTOS QUE CONTRIBUYAN A LA SOLUCIÓN DE PROBLEMÁTICAS ACTUALES DE SALUD RELACIONADAS CON LA PANDEMIA DE COVID-19;MinCiencias;Ejecutor;"- CORPORACIÓN TECNOLÓGICA INDUSTRIAL COLOMBIANA
- FUNDACIÓN UNIVERSITARIA
PANAMERICANA
- UNIVERSIDAD SANTO TOMAS";N/A;8;"- INNOVATEC
- GRUPO DE INVESTIGACIÓN EN INGENIERÍAS - GIIS"; $ 622.920.055 ; $ -   ; $ 561.614.647 ; $ 61.305.408 ; $ 561.614.647 ; $ -   ; $ 16.200.000 ; $ -   ; $ 28.800.000 ; $ -   ; $ 9.000.000 ; $ -   ; $ 7.305.408 ; $ -   ; $ -   ;0;"La relación simbiótica entre las redes sociales y la información, no ha sido ajena al manejo que ha tenido esta en
relación con el surgimiento y desarrollo de esta pandemia denominada COVID 19. En la historia de la humanidad
ninguna pandemia tuvo tanta cobertura, tanto flujo de datos, tantos elementos audiovisuales y textuales que permiten a
cada individuo realizar sus propios análisis y por qué no sacar conclusiones.
Solo en los siglos XX y XXI varias epidemias han asolado a la humanidad desde la gripe española, el ébola, el cólera y
el SIDA hasta las más recientes como lo son la gripe A (H1N1) y el COVID 19. Pero sin duda es esta ultima la que
mayor difusión ha tenido, gracias obviamente a las redes sociales.
Es vital el flujo de la información, hoy tenemos acceso directo a los datos de la epidemia en tiempo real, conocemos las
políticas de los diferentes Estados, observamos el sentir de los diferentes países, culturas e individuos, tratamos de
entender los pronósticos de la ciencia y de las paraciencias, nos reímos con memes, nos preocupamos por audios y
videos apocalípticos, podemos escuchar de primera mano la voz de los afectados, de los creyentes y contradictores. Al
mismo tiempo las redes han permitido continuar con cierta normalidad tenemos conciertos virtuales, noticias minuto a
minuto, eventos culturales y hasta la vida académica se está desarrollando por estas redes.
Son muchas las ventajas que hoy se tienen para el desarrollo y conocimiento de este tipo de situaciones, hoy la
información esta tan solo a un clip, lo que hace más importante el manejo responsable de la información y las redes y
hace a su vez necesarias profundas investigaciones que hagan de esta relación un factor de desarrollo y mejoramiento
de las condiciones de existencia de la humanidad.";90,16%;2,60%;0,00%;100,00%;4,62%;1,44%;1,17%;0,00%
2020;Propuesta de Investigación Convocatoria;No Avalada;Solución COVID-19;INVITACIÓN A PRESENTAR PROYECTOS QUE CONTRIBUYAN A LA SOLUCIÓN DE PROBLEMÁTICAS ACTUALES DE SALUD RELACIONADAS CON LA PANDEMIA DE COVID-19;MinCiencias;Co-ejecutor;"- FUNDACIÓN UNIVERSITARIA LOS LIBERTADORES
- UNIVERSIDAD TECNOLOGICA DEL CHOCO DIEGO LUIS CORDOBA
- UNIVERSIDAD TECNOLOGICA DEL CHOCO DIEGO LUIS CORDOBA";N/A;9;"- Representaciones y Conceptos Científicos. IREC.
- Electronica, Telecomunicaciones e Informatica con Oportunidad y Servicio ""ETICOS""
- Investigaciones Pedagógicas en el área de Matemáticas ""INPEMA"""; $ 720.007.707 ; $ -   ; $ 539.355.252 ; $ 180.652.455 ; $ 539.355.252 ; $ -   ; $ 43.680.000 ; $ -   ; $ 42.000.000 ; $ -   ; $ 94.972.455 ; $ -   ; $ -   ; $ -   ; $ -   ;0;0;74,91%;6,07%;0,00%;100,00%;5,83%;13,19%;0,00%;0,00%
2020;Propuesta de Investigación Convocatoria;No Avalada;Solución COVID-19;INVITACIÓN A PRESENTAR PROYECTOS QUE CONTRIBUYAN A LA SOLUCIÓN DE PROBLEMÁTICAS ACTUALES DE SALUD RELACIONADAS CON LA PANDEMIA DE COVID-19;MinCiencias;Ejecutor;N/A;N/A;6;"Comercio Electronico en Colombia -
GICOECOL"; $ 2.032.670.000 ; $ -   ; $ 1.952.670.000 ; $ 80.000.000 ; $ 1.952.670.000 ; $ -   ; $ 80.000.000 ; $ -   ; $ -   ; $ -   ; $ -   ; $ -   ; $ -   ; $ -   ; $ -   ;0;"Análisis y detección de posibles infectados en tiempo real.
Seguimiento oportuno a personas con alto riesgo de contagio de COVID-19.
Alertamientos oportunos para mitigación de contagio de COVID-19";96,06%;3,94%;0,00%;100,00%;0,00%;0,00%;0,00%;0,00%
2020;Propuesta de Investigación Convocatoria;No Avalada;Solución COVID-19;INVITACIÓN A PRESENTAR PROYECTOS QUE CONTRIBUYAN A LA SOLUCIÓN DE PROBLEMÁTICAS ACTUALES DE SALUD RELACIONADAS CON LA PANDEMIA DE COVID-19;MinCiencias;Ejecutor;N/A;N/A;6;GIIRA; $ 565.630.929 ; $ -   ; $ 533.893.587 ; $ 31.737.342 ; $ 519.493.587 ; $ -   ; $ 31.737.342 ; $ 14.400.000 ; $ -   ; $ -   ; $ -   ; $ -   ; $ -   ; $ -   ; $ -   ;0;"El principal beneficio de la UNIDAD DE ATENCION DE EMERGENCIA POR INSUFICIENCIA RESPIRATORIA es la
rápida implementación y el bajo costo, esto permitirá aumentar la cobertura de la atención de pacientes con infecciones
respiratorias agudas (SARS-Cov-2 entre ellas) en zonas de difícil acceso o con limitada disponibilidad de recursos
hospitalarios, principalmente respiradores mecánicos.
Al usar usar la electricidad como fuente de energía, el equipo puede ser operado en hospitales temporales o incluso en
espacios con adecuación mínima para atender enfermos. Tiene el potencial de ser fabricado masivamente con un bajo
costo, lo que amplía las posibilidades de adquisición. La mayoría de los componentes son usados comercialmente en
la actualidad, facilitando la construcción, mantenimiento y entrenamiento del personal médico.";91,84%;5,61%;0,00%;100,00%;2,55%;0,00%;0,00%;0,00%
2022;Propuesta de Investigación Alianza Convenio;Contrato firmado;N/A;"CONVOCATORIA PARA LA CONFORMACIÓN DEL
BANCO DE PROYECTOS Y PROGRAMAS DE INVESTIGACIÓN E INNOVACIÓN
DE LA CORPORACIÓN UNIVERSITARIA IBEROAMERICANA";Corporación Universitaria Iberoamericana;Aliado;"1- Corporación Universitaria Iberoamericana
2- Empresa Vértice SAS
3- Corporación Inclusive Movimiento";N/A;10;"UDFJC:
- -Grupo de Investigación Interdisciplinaria en Pedagogía del Lenguaje y las Matemáticas-GIIPLyM, 
-Grupo de Investigación - Literatura, Educación y Comunicación (LEC)

IBERO:
- Grupo en Investigación y Escenarios de Educación Pedagógica - GIEEP -"; $ 92.497.760 ; $ -   ; $ 5.000.000 ; $ 87.497.760 ; $ -   ; $ -   ; $ 40.700.000 ; $ 5.000.000 ; $ 34.797.760 ; $ -   ; $ 6.000.000 ; $ -   ; $ 6.000.000 ; $ -   ; $ -   ;"- Sistema de validación con categorías, unidades de análisis e instrumentos
- Documento con Ajuste de los referentes didácticos formulados en la fase I
- Identificación entre las relaciones de las hipótesis propuestas y el desarrollo de la evolución. 
- Identificación de los aspectos de refinación en el diseño
- Diseño didáctico refinado y sistema de actividades e instrumentos para realizar la evolución del diseño
- Registro y sistematización de la evolución del diseño
- Reformulación definitiva de requerimientos didácticos a partir del proceso de validación";"- Un Artículo postulado a revista indexada Q1.
- Tres Prototipos de talleres para formación de estudiantes para profesor validados.
- Sistema de validación de requerimientos de acuerdo con la revisión, identificación entre las relaciones de las hipótesis propuestas y el desarrollo de la evolución, así como los aspectos de refinación en el diseño.
Diseños refinados
- Un Informe de análisis de potencialidades de recursos tecnológicos ampliado por efecto de la validación.
- Un Diseño didáctico validado de un sistema de talleres para formar profesores en el diseño y validación de AAAA para desarrollar experiencias estéticas en lenguaje y en artes.
- Dos Trabajos de grado en el tema de validación didáctica de ambientes de aprendizaje para el desarrollo de experiencias estéticas en lenguaje y en artes.";0,00%;44,00%;0,00%;100,00%;43,03%;6,49%;6,49%;0,00%
2020;Propuesta de Investigación Convocatoria;No Avalada;874;CONVOCATORIA PARA EL FORTALECIMIENTO DE PROYECTOS EN EJECUCIÓN DE CTeI EN CIENCIAS DE LA SALUD CON TALENTO JOVEN E IMPACTO REGIONAL;MinCiencias;Ejecutor;N/A;N/A;13;Interoperabilidad Tecnológica y Semántica; $ 173.040.000 ; $ -   ; $ 168.000.000 ; $ 5.040.000 ; $ 168.000.000 ; $ -   ; $ 5.040.000 ; $ -   ; $ -   ; $ -   ; $ -   ; $ -   ; $ -   ; $ -   ; $ -   ;"- Diagnóstico participativo para la definición y/fortalecimiento de la problemática a abordar: entendido como una actividad para el encuentro entre investigadores y actores involucrados en la investigación. El diagnóstico permite evidenciar las expectativas del grupo de jóvenes y las de la comunidad, ampliar la identificación de temas de interés y la negociación sobre los mismos frente a las distintas problemáticas. Así, el proceso de investigación de investigación es resultado del diálogo de saberes entre investigadores y comunidad – actores locales, en pleno reconocimiento del contexto social, y con una clara intención de impacto.
Como parte de este diagnóstico se debe realizar la identificación y caracterización de los actores, así: actores vinculados activamente al desarrollo del proceso de investigación, aliados, población afectada, población beneficiada, otros grupos de interés.

- Lectura del entorno para medición y seguimiento: esta actividad consiste en la realización de una lectura que incluya información sobre prácticas ciudadanas, estado actual de las problemáticas que se estudian, contexto social, económico, normativo y geográfico. Esta información se obtiene de fuentes primarias y secundarias, teniendo en cuenta que las voces de los actores locales y de las comunidades son fundamentales para el desarrollo de la investigación. A partir de esta línea, se definen los indicadores de seguimiento y resultado, tanto de la investigación como de su impacto en la comunidad(es) participantes. De esta manera, los jóvenes talento, podrán dar cuenta al finalizar su investigación, de los resultados obtenidos.

- Diseño e implementación metodológico desde un enfoque participativo: describe las etapas y actividades dirigidas a la vinculación de la comunidad y a la co-elaboración de cada uno de los insumos y productos del proceso investigativo, así como la generación o vinculación a redes o alianzas. Es importante que el grupo de investigación parta de reconocer a las personas de la comunidad como integrantes activos de la investigación. Como actividades de investigación, la observación, indagación, recolección de datos, análisis de información, entre otras, deben realizarse de manera conjunta entre investigadores y comunidad, y otros actores identificados.";"- Artículo en autoría o co - autoría en formato de revista indexada con parámetros para ser publicado en una revista categorizada (categorías A1, A2, B y C) o Capítulo en libro resultado de investigación - Capítulo de libro o borrador para ser sometido a evaluación. Este producto será entregado por proyecto, en el cual se mencionen los jóvenes talento que participaron. 

- Informe Técnico Final de las actividades de CTeI desarrolladas y los resultados de investigación obtenidos por el joven en el marco del proyecto. Para los jóvenes que realizan su pasantía en el exterior, se debe entregar un informe de las actividades de CTeI y resultados de la estancia de investigación en el exterior.";97,09%;2,91%;0,00%;100,00%;0,00%;0,00%;0,00%;0,00%
2020;Propuesta de Investigación Convocatoria;Contrato firmado;869;CONVOCATORIA PARA EL REGISTRO DE PROYECTOS QUE ASPÍRAN A OBTENER BENEFICIOS TRIBUTARIOS POR INVERSIÓN EN CTeI A PARTIR DEL AÑO 2020.;MinCiencias;Supervisor Técnico;Banco Agrario de Colombia;N/A;12;“Laboratorio de Automatización, Sistemas Embebidos y Robótica - LASER”; $ 1.116.098.162 ; $ -   ; $ 1.116.098.162 ; $ -   ; $ -   ; $ 19.057.103 ; $ -   ; $ 1.097.041.059 ; $ -   ; $ -   ; $ -   ; $ -   ; $ -   ; $ -   ; $ -   ;"OE1.P1. Diseño de prototipo tecnológico que facilite la comercialización de productos agropecuarios.
OE1.P2. Requerimiento del desarrollo de software que permita la implementación del mínimo producto viable del prototipo diseñado
OE1.P3. Manuales técnicos y de usuario de la plataforma
OE1.P1. Desarrollo tecnológico que permita la comunicación efectiva entre productor agropecuario y comercializador para facilitar la logística de trasporte
OE2.P2. Manual técnico y de Usuario de uso de plataforma
OE3.P1. Campaña de capacitación para clientes internos y externos del Banco.
OE3.P2. Tutorial de uso de la plataforma por medios audiovisuales y documentales.
OE3.P3. Piloto implementado en campo para probar las funcionalidades del Mínimo Producto Viable, y la experiencia de
usuario.
OE3.P4. Informe de hallazgos y resultados de la implementación de prototipo en Banco.
OE3.P5. Artículo de investigación sobre resultados.";"Dos Campañas de capacitación para clientes internos y externos del Banco sobre el uso de la plataforma
- Un Tutorial publicado y socializado sobre el uso de la plataforma por medios audiovisuales y documentales
- Dos Manuales técnico y manual de usuario. Comunicación efectiva entre productor agropecuario y comercializador para facilitar la logística de trasporte.
- Un prototipo: El desarrollo a la medida contemplará un mínimo producto viable con las siguientes características: Publicar productos agropecuarios a vender. Inscripción cuenta de ahorro o corriente del Banco para recibir pagos o giros. Inscripción de persona o mayorista para la compra de productos. Compra de productos a través del botón de pago del Banco. Concertar logística de transporte entre productor agropecuario y comercializador.
- Un artículo publicado y socializado sobre hallazgos de los resultados de la implementación de prototipo en
Banco.";0,00%;1,71%;100,00%;0,00%;98,29%;0,00%;0,00%;0,00%
2020;Propuesta de Investigación Convocatoria;No Avalada;879;CONVOCATORIA ENERGÍA SOSTENIBLE Y SU APORTE A LA PLANEACIÓN MINERO ENERGÉTICA – 2020;MinCiencias;Ejecutor;1- Universidad de Cundinamarca UdeC;N/A;14;"UDFJC:
- GIEAUD
- DISING

UdeC:
- GITEINCO"; $ 694.161.800 ; $ -   ; $ 448.060.000 ; $ 246.101.800 ; $ 448.060.000 ; $ -   ; $ 236.391.800 ; $ -   ; $ 9.710.000 ; $ -   ; $ -   ; $ -   ; $ -   ; $ -   ; $ -   ;"Plan de divulgación técnica:
- Organización de 1 evento de divulgación de resultados de investigación en el mes 7 de la investigación.
- Organización de 1 evento de divulgación de resultados de investigación en el mes 14 de la investigación.
- Construcción de 1 página web donde se podrá acceder a todo el historial de los productos así como guías para la instalación de los proyectos.
- Creación de una red de conocimiento especializado con la Universidad de Louisiana.
- 1 curso de capacitación, en generación de archivos climáticos
- 1 curso de capacitación, en el manejo de la herramienta Trnsys V18
- 1 curso de capacitación, en tecnologías de generación eléctrica solar, eólica y mediante turbina de río.";"- Vinculación de 2 estudiantes de maestría en el
marco del proyecto.
- Vinculación de 6 estudiantes de pregrado, para fortalecer los procesos de investigación formativa de la Universidad Distrital F.J.C.
- 1 Artículo de investigación publicado o con carta de
aceptación, en revista indexada en categoría A1.
- 1 Artículo de investigación publicado o con carta de
aceptación, en revista indexada en categoría A2.
- 1 Libro resultado de investigación categoría B.
- 1 planta piloto para probar las capacidades de
generación de cada una de las tecnologías.
- Nuevo registro científico de mapas vectoriales generados a partir de la investigación
- Consultoría e informes técnicos parciales
- Consultoría e informes técnicos finales";64,55%;34,05%;0,00%;100,00%;1,40%;0,00%;0,00%;0,00%
2020;Propuesta de Investigación Convocatoria;No Avalada;879;CONVOCATORIA ENERGÍA SOSTENIBLE Y SU APORTE A LA PLANEACIÓN MINERO ENERGÉTICA – 2020;MinCiencias;Ejecutor;N/A;N/A;14;LIDER (Laboratorio de Investigación y Desarrollo en Electrónica y Redes); $ 688.180.615 ; $ -   ; $ 411.180.615 ; $ 277.000.000 ; $ 379.180.615 ; $ 32.000.000 ; $ 277.000.000 ; $ -   ; $ -   ; $ -   ; $ -   ; $ -   ; $ -   ; $ -   ; $ -   ;"- Diseño e implementación de un proceso para el mejoramiento de la formulación, gestión, seguimiento y evaluación de los planes misionales y los proyectos derivados de éstos, por parte de la UPME: 
Medios de verificación:
• Documento de diagnóstico que contenga los escenarios: As- Is, To- Be y Análisis de brecha.
• Documento de recomendaciones y buenas prácticas de gestión de proyectos.
• Propuesta metodológica para la gestión de los proyectos de la UPME.
• Proceso para la formulación, gestión, seguimiento y cierre de proyectos.
• Definición y diseño de la PMO
• Flujo de procesos.
• Batería de Indicadores y metas para la medición de la gestión de los proyectos y fichas de indicadores.
• Diseño del Tablero de seguimiento, monitoreo y control 
• Diseño y especificación de requerimientos generales para la herramienta de software para gestión de proyectos de la UPME.
• Plan de acción y Cronograma para la implementación del proceso y la propuesta metodológica de gestión de proyectos.
• Documento con la descripción de los Resultados de la implementación.
• Documento de lecciones aprendidas.
• Medición inicial de Indicadores de desempeño.
• Tablero de monitoreo, seguimiento y control";"- Participación en un evento especializados, presentando los resultados del proyecto
- Dos artículos de investigación C.
- Dos presentaciones de los resultados ante las autoridades competentes
- Diseño e implementación de un proceso para el mejoramiento de la formulación, gestión, seguimiento y evaluación de los planes misionales y los proyectos derivados de éstos, por parte de la UPME";55,10%;44,90%;10,36%;89,64%;0,00%;0,00%;0,00%;0,00%
2020;Propuesta de Investigación Convocatoria;No Avalada;879;CONVOCATORIA ENERGÍA SOSTENIBLE Y SU APORTE A LA PLANEACIÓN MINERO ENERGÉTICA – 2020;MinCiencias;Ejecutor;"1- Fundación Universitaria Panamericana
2- Corporación Tecnológica Industrial Colombiana
3- Instituto Tecnológico de Ciudad Juárez";N/A;12;"UDFJC:
GRUPO ADQUISICIÓN Y REPRESENTACIÓN DEL CONOCIMIENTO - SISTEMAS EXPERTOS Y SIMULACIÓN (ARCO SES)
FUP:
GRUPO DE INVESTIGACIÓN EN INGENIERÍAS - GIIS
TEINCO:
INNOVATEC"; $ 840.660.000 ; $ -   ; $ 644.200.000 ; $ 196.460.000 ; $ 640.000.000 ; $ -   ; $ 63.500.000 ; $ -   ; $ 36.984.000 ; $ -   ; $ 36.984.000 ; $ 4.200.000 ; $ 58.992.000 ; $ -   ; $ -   ;"- Una red de investigación Colombo - Mexicana
- Participación de cienco (5) Congresos Internacionales de Investigación
- Curso de eficiencia energética - energías renovables
- Curso de gestión Tecnológica
- Formación de nueve (9) estudiantes de pregrado";"- Dos capítulos de libro de investigación categoría B
- Dos artículos de investigación categoría B
- Dos consultorías de los procesos
- Un informe técnico final
- Un software de Gestión Tecnológica";76,13%;7,55%;0,00%;100,00%;4,40%;4,40%;7,52%;0,00%
2020;Propuesta de Investigación Convocatoria;No Avalada;10;CONVOCATORIA DEL FONDO CTEI DEL SGR PARA EL FORTALECIMIENTO DE CAPACIDADES DE INVESTIGACIÓN Y DESARROLLO REGIONALES E INICIATIVAS DE CTeI Y TRANSFERENCIA DE TECNOLOGÍA Y CONOCIMIENTO ORIENTADAS A ATENDER PROBLEMÁTICAS DERIVADAS DEL COVID-19;MinCiencias;Co-ejecutor;"1- Corporación Universitaria Remington
2- Secretaria de Educación Municipal de Montería - Cordoba";N/A;24;LIDER (Laboratorio de Investigación y Desarrollo en Electrónica y Redes); $ 2.892.715.428 ; $ -   ; $ 2.598.715.428 ; $ 294.000.000 ; $ 2.528.510.580 ; $ 30.204.848 ; $ 150.000.000 ; $ 40.000.000 ; $ 144.000.000 ; $ -   ; $ -   ; $ -   ; $ -   ; $ -   ; $ -   ;"- Perfil sociodemográfico y psicográfico de los estudiantes de educación virtual, identificando su perfil tecnológico, su historia de interacción con entornos virtuales y sus competencias de autorregulación.
- Evidencia, a partir de las actividades de investigación y la metodología descrita, de los componentes pedagógicos necesarios para la implementación del programa.";"- Ocho Informes técnicos y financieros de ejecución presentados trismestralmente durante la ejecución del proyecto 
- Tesis de pregrado, dos tesis de maestria y dos tesis de doctorado, un libro de investigación, dos documentos de investigación.
- Publicación de seis artículos de investigación en revistas indexadas de cuartil Q1 y Q3
- Trámite de una patente resultado del proyecto
- Para la producción de un libro de investigación
- Cuatro cursos como servicio de apoyo para entrenamiento especializado para científicos investigadores
- Una estrategía como servicios de comunicación con enfoque en Ciencia, Tecnología y Sociedad
- Un servicio de apoyo para el desarrollo tecnológico y la innovación";87,41%;6,23%;16,76%;83,24%;6,36%;0,00%;0,00%;0,00%
2020;Propuesta de Investigación Convocatoria;No Avalada;ANE;CONVOCATORIA DE INVESTIGACIONES 2021 PARA PRESENTAR PROYECTOS DE CT+I EN TEMÁTICAS RELACIONADAS CON LA GESTIÓN, PLANEACIÓN, ATRIBUCIÓN, VIGILANCIA Y CONTROL DEL ESPECTRO RADIOELÉCTRICO EN COLOMBIA.;Agencia Nacional del Espectro - ANE;Ejecutor;N/A;N/A;12;"1- Grupo de investigación Gestión e Investigación en Informática, Redes y Afines (GIIRA)
2- Grupo de Investigación de Telecomunicaciones de la universidad Distrital Francisco José de Caldas (GITUD)"; $ 354.827.930 ; $ -   ; $ 224.768.147 ; $ 130.059.783 ; $ 223.872.647 ; $ 895.500 ; $ 130.059.783 ; $ -   ; $ -   ; $ -   ; $ -   ; $ -   ; $ -   ; $ -   ; $ -   ;"Fase 1: revisión del estado del arte
El resultado esperado de esta fase es una caracterización completa del uso, manipulación y tratamiento de la señal usada por un operador que opere en la banda VHF con presencia en la zona urbana del departamento de Cundinamarca. Entre ellos se pretende establecer cuales tienen mayor ocupación del espectro y por ende mayor influencia sobre las zonas que hacen parte del proyecto.
Fase 2: adquisición de datos en campo
En esta etapa se pretende desarrollar toda la adquisición, validación, almacenamiento, y verificación de datos confinados en un informe que unifique, demuestre y justifique con validez la integridad de los datos, que relacione las justificaciones en la medición y relacione las características usadas para las mismas. En esta sección de pruebas de campo se deben realizar mediciones de prueba, donde se valide el funcionamiento del método de medición seleccionado mediante la captura de señales con el dispositivo de vuelo no tripulado, asegurando la integridad y validez de los datos siguiendo las recomendaciones internacionales, además, debe evidenciarse la captura de datos usados para el estudio relacionando con firmeza el factor de los parámetros a evaluar dentro de la identificación de la señal interferente.
Fase 3: análisis de datos
Esta fase debe entregar un informe de toda la información extraída de los datos obtenidos, en el cual se establezcan los patrones más relevantes de la señal, los niveles obtenidos, las correlaciones y correspondencia con simulaciones, cálculos esperados y demostrar de forma adecuada que cumple con los requisitos establecidos por las entidades estatales. Se debe hacer una verificación de la exposición a CEM logrando identificar, si existen, las zonas donde la medición sea relevante para el usuario. En este análisis se pretende descubrir y establecer que fuentes de transmisión presentan los niveles más altos, los niveles con mejor recepción y cuales se ven más afectadas por las señales en la misma banda. A partir del análisis establecer los parámetros de la señal interferente identificada y lograr extraer de ella la base científica que permita diseñar la metodología de la señal interferente.
Fase 4: Desarrollo de base científica para metodología
Esta fase debe ser la última del proyecto, donde se aprovechen todos los análisis hechos anteriormente, y se relacione la información con las metodologías desarrolladas bajo otras mediciones y entornos. Con lo cual se espera establecer la base científica para los modelos que se deben lograr a futuro respecto a la identificación de la señal interferente, una metodología de medición de la señal interferente y los patrones que ella presente. Además de vincular a partir de la medición hecha la base científica para el modelamiento de una metodología de diseño basada en parámetros de calidad de servicio vinculados al modelo de propagación escogido basado en la medición de la señal en el entorno urbano del proyecto.";"1- Un (1) Artículo aceptado para publicación en Revista Indexada como A1, A2 o B en la clasificación Publindex, y/o incluida en ISI, Scopus o SciELO
2- Informe final de Investigación
3- Formación de dos (2) estudiantes de programas de maestría de la Universidad Distrital
4- Resultados parciales de Tesis Doctoral
5- Desarrollo de un curso – taller dirigido a estudiantes de pregrado o posgrado sobre señales interferentes en RF
6- Presentación de una ponencia en eventos científicos basada en los resultados de investigación.
7- Documento Final de Investigación de los proyectos de pregrado vinculados en el Proyecto";63,09%;36,91%;0,68%;99,32%;0,00%;0,00%;0,00%;0,00%
2020;Propuesta de Investigación Convocatoria;No Avalada;891;Vocaciones y Formación en CTeI para la reactivación económica en el marco de la Postpandemia 2020;MinCiencias;Ejecutor;N/A;N/A;12;Laboratorio de Investigación en Fuentes Alternativas de Energía - LIFAE; $ 96.000.000 ; $ -   ; $ 96.000.000 ; $ -   ; $ 96.000.000 ; $ -   ; $ -   ; $ -   ; $ -   ; $ -   ; $ -   ; $ -   ; $ -   ; $ -   ; $ -   ;"- Estrategia de control basada en aprendizaje de máquina aplicada a convertidores eléctricos en microrredes aisladas, capaz de adaptarse a perfiles de generación variables y perturbaciones.
- Productos y resultados de actividades de Apropiación Social del Conocimiento: participación en ponencia nacional-internacional.
- Productos y resultados de actividades de Generación de Nuevo Conocimiento: 1 artículo original enviado para evaluación a revista indexada categoría A1-A2-B Publindex.";0;100,00%;0,00%;0,00%;0,00%;0,00%;0,00%;0,00%;0,00%
2020;Propuesta de Investigación Convocatoria;No Avalada;890;"Convocatoria para el Fortalecimiento de CTeI en Instituciones de Educación Superior (IES) Públicas 2020

Mecanismo 1";MinCiencias;Ejecutor;"1- Universidad de Cundinamarca UdeC (Aliado)

2- Universidad Central UC (Cooperante)

3- Unidades Tecnológicas de Santander UTS (Aliado)";N/A;36;"UDFJC:
Grupo de Instrumentación Cientifica & Didáctica

UdeC:
Nanoingeniería

UC:
Grupo de investigación en Bioingeniería, Nanotecnología
y Telecomunicaciones (SPIN)

UTS:
Grupo de Investigación en Diseño y Materiales DIMAT"; $ 809.754.417 ; $ -   ; $ 575.194.673 ; $ 234.559.744 ; $ 549.913.947 ; $ 25.280.726 ; $ 140.200.000 ; $ -   ; $ 44.399.808 ; $ -   ; $ 36.730.944 ; $ -   ; $ 13.228.992 ; $ -   ; $ -   ;"- Síntesis y caracterización fisicoquímica de tres familias de nanomateriales: óxidos de grafeno multicapa, nanoestructuras de óxidos de hierro (magnetita y hematita) y semiconductores calcogénidos fotocatalíticos (SnS y ZnS).
- Aplicación de estas tres familias de nanomateriales en la remediación y tratamiento de muestras de aguas rurales y urbanas de la ciudad de Bogotá
- 2 artículos publicado en revista internacional
- 1 tesis de pregrado y de maestría defendida
- Participación en Congresos/Ponencias/Conferencias/Workshops/Conversatorios Internacionales
- Participación de dos jóvenes investigadores en la elaboración de la investigación";"- Dos artículos de categoría A2 y B
- Tres participaciones en congresos nacionales e internacionales sobre nuevos materiales y medio ambiente
- Tres Artículos y videos divulgativos del proyecto para público especializado
- Dos Artículo divulgativo sobre la aplicación de nanomateriales en remedicación de aguas
- Cuatro Participaciones en simposios, congresos, meetings del área de nanomateriales
- Realización de un trabajo de fin de grado (pregrado) relacionado con el proyecto
- Realización de dos tesis de maestría relacionada con el proyecto";67,91%;20,44%;15,28%;84,72%;5,48%;4,54%;1,63%;0,00%
2020;Propuesta de Investigación Convocatoria;No Avalada;890;"Convocatoria para el Fortalecimiento de CTeI en Instituciones de Educación Superior (IES) Públicas 2020

Mecanismo 1";MinCiencias;Ejecutor;"1- Universidad de Cundinanmarca UdeC (Aliado)

2- Escuela Tecnológica Instituto Técnico Central ETITC (Aliado)";N/A;24;"UDFJC:
GIIRA

UdeC:

ETITC:
"; $ 722.133.857 ; $ -   ; $ 595.733.857 ; $ 126.400.000 ; $ 549.385.859 ; $ 46.347.998 ; $ 62.300.000 ; $ -   ; $ 16.000.000 ; $ -   ; $ 48.100.000 ; $ -   ; $ -   ; $ -   ; $ -   ;"- Con el modelo de predicción a desarrollar se mejorará la predicción de ruido ambiental en un entorno urbano de Bogotá al considerar variables propias del ambiente. Esta herramienta permitirá a las entidades gubernamentales generar procesos de gestión de ruido en acústica ambiental para mejorar el bienestar de la sociedad.
- Herramienta informática para el registro y análisis datos objetivos y subjetivos del entorno acústico";"- Dos artículos de investigación categoría A1 y A2
- Un libro categoría A, donde se evidencien los resultados detallados de la implementación del modelo, capítulos por cada institución participante.
- Dos ponencias en Congresos Internacionales
- Proyecto que vincula a estudiante de pregrado de la Universidad de Cundinamarca
- Proyecto que vincula a estudiante de maestría de la Universidad Distrital Francisco José de Caldas
- Proyecto que vincula a estudiante del doctorado de la Universidad Distrital Francisco José de Caldas";76,08%;15,05%;42,66%;57,34%;2,22%;6,66%;0,00%;0,00%
2020;Propuesta de Investigación Convocatoria;Contrato firmado;890;"Convocatoria para el Fortalecimiento de CTeI en Instituciones de Educación Superior (IES) Públicas 2020

Mecanismo 2";MinCiencias;Ejecutor;1- Unidad Administrativa Especial de Rehabilitación y Mantenimiento Vial -UMV;N/A;20;"UDFJC:
Grupo de Estudios en Pavimentos y materiales Sostenibles - COL0154879

UMV:
Grupo de Adopción y adaptación de nuevas Tecnologías COL0217094"; $ 780.809.454 ; $ 449.981.010 ; $ 606.145.810 ; $ 174.663.644 ; $ 449.981.010 ; $ 59.561.452 ; $ 83.985.194 ; $ 96.603.348 ; $ 90.678.450 ; $ -   ; $ -   ; $ -   ; $ -   ; $ -   ; $ -   ;Los resultados esperados del presente proyecto se pueden clasificar en cuatro productos diferentes, en primer lugar, en el desarrollo tecnológico en el que se pondrá al servicio de la Unidad de Mantenimiento Vial para contribuir con el cumplimiento de su misión. En segundo lugar, con la formación de investigadores, en donde se vincularán 4 estudiantes de maestría y se espera que cada uno produzca un resultado de investigación y en tercer lugar con la apropiación social del conocimiento, en donde se divulgarán los resultados en eventos internos de la Unidad de Mantenimiento Vial con la participación de las entidades distritales que pueden ser beneficiadas de la tecnología desarrollada. Finalmente, se esperan resultados desde el punto de vista comercial en donde se dará impulso a la marca y la comercialización del producto o de los servicios derivados. ;" Cuatro artículos de investigación categoria C
- Un Producto Tecnológico, Sistema de mapeo móvil de entornos viales.
- Dos Trabajos de grado de pregrado
- Vinculación de Cuatro estudiantes de maestría
- Consolidación de una red de investigación, Virginia Tech Estados Unidos
- Divulgación de los resultados en dos eventos académicos nacionales como el Simposio Nacional sobre Ingeniería de Pavimentos, y el Congreso Iberoamericano del asfalto
- Foro de presentación de los resultados de la tecnología";57,63%;18,38%;41,49%;58,51%;23,99%;0,00%;0,00%;0,00%
2020;Propuesta de Investigación Convocatoria;Contrato firmado;890;"Convocatoria para el Fortalecimiento de CTeI en Instituciones de Educación Superior (IES) Públicas 2020

Mecanismo 1";MinCiencias;Co-ejecutor;"1- Universidad Nacional de Colombia UNAL (Ejecutor)
2- Universidad de Cundinamarca (aliado)
3- Institución Universitaria Politécnico Grancolombiano IUPG (cooperante)
4- Escuela Tecnológica Instituto Técnico Central ETITC (aliado)";N/A;36;"UDFJC:
- GIIRA

UNAL:
- Bioprocesos y Bioprospección

UdeC: 
- Grupo Udecino de Investigación Ambiental

IUPG:
- CITIC

ETITC:
- Grupo de Investigación en ambientes virtuales de aprendizaje VIRTUS"; $ 1.270.677.796 ; $ 272.442.726 ; $ 600.099.540 ; $ 670.578.256 ; $ 549.538.088 ; $ 25.280.726 ; $ 251.469.984 ; $ 25.280.726 ; $ 253.530.160 ; $ -   ; $ 30.847.392 ; $ -   ; $ 87.480.000 ; $ -   ; $ 47.250.720 ;"1. Desarrollar una metodología a escala de laboratorio para el enriquecimiento de biomasa con el propósito de producir polihidroxialcanoatos PHA’s a partir de cultivos mixtos.
Este tema si bien ha sido estudiando con anterioridad, aún se desconoce cómo sería su aplicación para el caso colombiano. Los sustratos a utilizar cambian en sus características dependiendo de varios factores, razón por la cual esta investigación adaptará esta etapa del proceso de producción de PHAs al contexto local. Seleccionando aquellos microorganismos nativos con capacidad de acumulación de PHA. Este resultado permitirá contar con el consorcio microbiano necesario para los procesos de fermentación aerobia en diferentes escalas cuyo producto principal serán los plásticos biodegradables.
2. Establecer las condiciones de operación a escala de laboratorio y pruebas piloto que permitan la producción de polihidroxialcanoatos PHA’s, con los mejores rendimientos.
Una vez se cuente con la materia prima (fuente de carbono) y los microorganismos acumuladores, se evaluaran mediante diversos ensayos experimentales las condiciones de operación que maximicen la producción de PHA, permitiendo contar con información valiosa a la hora de realizar el escalado industrial del proceso. En este caso, se obtendrán también las características físicas, mecánicas y de biodegradabilidad del plástico, que permitirán determinar posibles usos del material.
3. Evaluar las variables y parámetros del proceso de producción de polihidroxialcanoatos PHA’s a partir de cultivos mixtos y fuentes de carbono renovables mediante una técnica de análisis visual.
Se obtendrán simulaciones del proceso escalado, lo que permitirá conocer los balances de masa del proceso, dimensionamiento de los equipos, rendimientos, condiciones operacionales adicionales, diagrama de proceso, calidad del producto, entre otros. Todo esto, teniendo en cuenta parámetros como disponibilidad de los sustratos. También se conocerá la cantidad de PHAs que se pueden generar utilizando los lodos activados y primarios de la PTAR objeto de estudio a nivel industrial. La simulación estará fundamentada en los ensayos experimentales a nivel laboratorio y piloto.
4. Calcular el potencial económico y los impactos ambientales del proceso de producción de polihidroxialcanoatos PHA's propuesto a escala industrial, empleando software de simulación.
Se calcularán datos como tiempo de recuperación de la inversión, tasa interna de retorno, inversión total necesaria para la implementación del proceso, perfil ambiental del proceso desarrollado y del producto obtenido, además de la huella de carbono del PHA. Estos resultados permitirán evaluar la sostenibilidad del proceso y orientarán etapas posteriores cuando se pase a la etapa de ingeniería detallada o de firma. También es importante resaltar que toda esta información se conocerá para bajo condiciones locales de producción del polímero ";"- Tres artículos de investigación categoría A1, A2 y B
- Participación en dos ponencias internacionales
- Vinculación de cinco estudiantes, uno de doctorado, uno de maestría y tres de pregrado
- Diseño de curso electivo del tema de investigación para formación de Maestría virtual. ";43,25%;21,78%;9,13%;90,87%;21,94%;2,43%;6,88%;3,72%
2020;Propuesta de Investigación Convocatoria;Contrato firmado;890;"Convocatoria para el Fortalecimiento de CTeI en Instituciones de Educación Superior (IES) Públicas 2020

Mecanismo 1";MinCiencias;Ejecutor;"1- Universidad Francisco de Paula Santander UFPS (aliado)
2- Escuela Tecnológica Instituto Técnico Central ETITC (aliado)
3- Unidad Administrativa Especial de Servicios Públicos UAESP";N/A;30;"UDFJC:
- AquaFormat

UFPS:
- Grupo de Investigación Ambiental, Agropecuario y de Desarrollo Sostenible GI@DS

ETITC:
- Grupo Interdiciplinar de Estudios Ambientales - GEA"; $ 1.007.788.384 ; $ 544.707.890 ; $ 599.482.797 ; $ 408.305.587 ; $ 544.707.890 ; $ 54.774.907 ; $ 182.000.000 ; $ -   ; $ 43.200.000 ; $ -   ; $ 183.105.587 ; $ -   ; $ -   ; $ -   ; $ -   ;" Variables de selección, criterios de evaluación técnica, social, ambiental y económica para la selección de sistemas aerobios para el tratamiento de residuos en condiciones de Bogotá
- Programación de sistema de Inteligencia Artificial para la predicción de escenarios para el tratamiento de residuos orgánicos en condiciones locales
- Selección de técnica para la evaluación multicriterio para la selección de sistemas eficientes en condiciones evaluadas Técnicas seleccionadas para experimentación en variables de Bogotá
- Diseño de experimentos variables como tipo de nutrientes, tiempo de degradación, pH, humedad, composición nitrógeno fosforo, microorganismos patógenos
- Cronograma para la evaluación de variables 
- Diseño automatizado de reactores para dos prototipos a escala laboratorio con sensores para control de las variables de control del sistema
- Información para la integración del sistema con variables climáticas, variables de control, monitoreo para aprendizaje autónomo
- Selección de sistemas estadísticos para el análisis de datos Selección del sistema escalado para el proceso
- Datos para el desarrollo de modelo conceptual para la predicción de escenarios para el tratamiento de residuos orgánicos en condiciones locales
- Diseño de experimentos para prototipo escala banco Diseño de experimentos, operación del sistema escala banco 
- Resultados de correlación de variables técnicas para obtener biomasa valorizada
- Datos para programar herramientas de aprendizaje autónomo 
- Integración de variables para Modelo conceptual 
- Modelo matemático para desarrollo de modelación predictiva de escalamiento de sistema de tratamiento en condiciones de Bogotá
- Aplicación de datos para predicción para escalamiento Validación de sistemas aerobios en modelos de predicción para escalamiento
- Escenarios de escalamiento de sistemas de tratamiento
aerobio en la ciudad de Bogotá
- Resultados para la toma de decisiones para el manejo de residuos orgánicos locales";" cuatro Artículos De investigación categoría A1 y A2
- Tres Prototipos escala De laboratorio y De banco para evaluar el comportamiento De los sistemas De tratamiento aerobio y obtención De bioproductos como compost o proteínas para consumo animal
- cuatro Espacios De participación ciudadana en CTeI
- Organización De dos eventos científicos y académicos con línea De bioprospección y bioprocesos
- participación en cinco eventos científicos que contribuyan con divulgación social del conocimiento
- Una Tesis De doctorado aprobada en Ingeniería De la Universidad Distrital Francisco José De Caldas
- Vinculación De Un estudiante De Maestría en Desarrollo Sustentable y Gestión Ambiental UD
- Un Trabajo De grado aprobado estudiante De Ingeniería Mecatrónica De la Escuela Tecnológica Instituto Técnico Central
- Formación De Un estudiante De Ingeniería De sistemas De la Universidad Francisco De Paula Santader
- Formación De Un estudiante De doctorado en Ingeniería De la Universidad Distrital Francisco José De Caldas
- Formación De Un estudiante De Ingeniería Mecatrónica De la Escuela Tecnológica Instituto Técnico Central";54,05%;23,49%;23,13%;76,87%;4,29%;18,17%;0,00%;0,00%
2020;Propuesta de Investigación Convocatoria;No Avalada;890;"Convocatoria para el Fortalecimiento de CTeI en Instituciones de Educación Superior (IES) Públicas 2020

Mecanismo 2";MinCiencias;Ejecutor;"1- Centro de Investigación y Desarrollo Tecnológico de la Industria Electro Electrónica y TIC - CIDEI (Aliado)

2- Desarrollo e Integración de Tecnología y Comunicaciones SAS - DEINTEKO (Aliado)";N/A;24;"UDFJC:
- GITUD"; $ 796.103.353 ; $ -   ; $ 683.042.307 ; $ 113.061.046 ; $ 449.707.345 ; $ 109.301.398 ; $ 113.061.046 ; $ 93.749.360 ; $ -   ; $ 30.284.204 ; $ -   ; $ -   ; $ -   ; $ -   ; $ -   ;"
Para el Objetivo Específico 1:
Requerimientos y especificaciones funcionales definidas para el objetivo 1. Se entregará Documento técnico que evidencie la definición detallada de los requerimientos y especificaciones para el objetivo 1 en el mes 1.
Estudio de vigilancia tecnológica realizado, en las tecnologías y protocolos de geolocalización aplicables al prototipo. Se entregará Documento que evidencie el estudio de vigilancia tecnológica de las tecnologías y protocolos de geolocalización en el mes 3.
Adquisiciones de materiales y equipos realizadas para el objetivo 1. Se entregará Documento que evidencie la adquisición de materiales y equipos necesarios para el desarrollo del objetivo 1 en el mes 3.
Algoritmo diseñado, para la incorporación de las tecnologías de geolocalización priorizadas. Se entregará Documento técnico que evidencie el diseño del algoritmo para la incorporación de las tecnologías de geolocalización priorizadas en el mes 6.
Programación del algoritmo finalizada para la integración de tecnologías de geolocalización, y solicitud de registro realizada. Se entregará Documento técnico que evidencie el desarrollo del algoritmo y su solicitud de registro de software en el mes 10.
Pruebas unitarias realizadas al algoritmo de incorporación de tecnologías de geolocalización. Se entregará Documento técnico que evidencie las pruebas unitarias realizadas al algoritmo de incorporación de  tecnologías de geolocalización en el mes 12.
Para el Objetivo Específico 2:
Requerimientos y especificaciones funcionales definidas para el objetivo 2. Se entregará Documento técnico que evidencie la definición detallada de los requerimientos y especificaciones para el objetivo 2 en el mes 1.
Estudio de vigilancia tecnológica realizado, en tecnologías para la detección y ubicación de drones en espacios urbanos. Se entregará Documento que evidencie el estudio de vigilancia tecnológica de tecnologías para la detección y ubicación de drones en espacios urbanos en el mes 3.
Adquisiciones de materiales y equipos realizadas para el objetivo 2. Se entregará Documento que evidencie la adquisición de materiales y equipos necesarios para el desarrollo del objetivo 2 en el mes 3.
Mecanismo diseñado, para la detección de drones y la orientación automatizada del prototipo. Se entregará Documento técnico que evidencie el diseño del mecanismo para la detección de drones y la orientación automatizada del prototipo en el mes 6.
Mecanismo construido, para la detección de drones y la orientación automatizada del prototipo. Se entregará Documento técnico que evidencie el proceso de desarrollo del mecanismo para la detección de drones y la orientación automatizada del prototipo en el mes 10.
Pruebas unitarias realizadas al mecanismo de detección de drones y orientación automatizada del prototipo. Se entregará Documento técnico que evidencie las pruebas unitarias realizadas al mecanismo de detección de drones y orientación automatizada del prototipo en el mes 12.
Para el Objetivo Específico 3:
Requerimientos y especificaciones funcionales definidas para el objetivo 3. Se entregará Documento técnico que evidencie la definición detallada de los requerimientos y especificaciones para el objetivo 3 en el mes 13.
Estudio de vigilancia tecnológica realizado, en mecanismos para la captura de drones en entornos urbanos. Se entregará Documento que evidencie el estudio de vigilancia tecnológica de mecanismos para la captura de drones en entornos urbanos en el mes 15.
Adquisiciones de materiales y equipos realizadas para el objetivo 3. Se entregará Documento que evidencie la adquisición de materiales y equipos necesarios para el desarrollo del objetivo 3 en el mes 15.
Mecanismo o algoritmo diseñado para la captura de drones. Se entregará Documento que evidencie el diseño del mecanismo o algoritmo para la captura de drones en el mes 18.
Mecanismo o algoritmo construido, para la captura de drones. Se entregará Documento técnico que evidencie el proceso de desarrollo del mecanismo o algoritmo para la captura de drones en el mes 22.
Para el Objetivo Específico 4:
Requerimientos y especificaciones funcionales definidas para el objetivo 4. Se entregará Documento técnico que evidencie la definición detallada de los requerimientos y especificaciones para el objetivo 4 en el mes 16.
Documentación finalizada para la viabilidad de protección de propiedad intelectual de la interfaz gráfica. Se entregará Documento que evidencie la solicitud de protección de software en el mes 17.
Adquisiciones de materiales y equipos realizadas para el objetivo 4. Se entregará Documento que evidencie la adquisición de materiales y equipos necesarios para el desarrollo del objetivo 4 en el mes 18.
Documentación finalizada para el proceso de protección de propiedad intelectual del prototipo integrado. Se entregará Documento que evidencie el análisis de protección de propiedad intelectual de los resultados del proyecto en el mes 22.
Pruebas finalizadas en entorno controlado y en campo, para el prototipo integrado. Se entregará Documento que contiene el informe de las pruebas realizadas del prototipo integrado en el mes 24.
Para el Objetivo Específico 5:
Requerimientos y especificaciones funcionales definidas para el objetivo 5. Se entregará Documento técnico que evidencie la definición detallada de los requerimientos y especificaciones para el objetivo 5 en el mes 18.
Documentación finalizada para el proceso de protección intelectual del encerramiento del prototipo. Se entregará Documento que evidencie la solicitud de protección de diseño industrial en el mes 20.
Diseño y aplicación realizados del protocolo de prueba para la validación pre-comercial del prototipo con clientes o usuarios finales. Se entregará Documento que contiene el informe de los protocolos y los resultados de las pruebas pre-comerciales del prototipo con usuarios finales en el mes 24.
Valoración económica realizada de la tecnología expresada en términos monetarios. Se entregará Documento que contiene la valoración económica de la tecnología expresada en términos monetarios en el mes 23.
Estudio desarrollado de factibilidad técnica, económica y financiera del proyecto empresarial para explotación comercial de la tecnología. Se entregará Documento que contiene el estudio de factibilidad técnica, económica y financiera del proyecto empresarial para explotación comercial de la tecnología en el mes 23.
Plan final para la explotación comercial de la tecnología. Se entregará Documento que contiene el Plan para la explotación comercial de la tecnología en el mes 23.
Informe técnico final del proyecto. Se entregará Documento de informe técnico final del proyecto en el mes 24. Se entregará un artículo sometido a una revista indexada en el mes 24 del proyecto.";"- Un artículo de investigación categoría C
- Vinculación de dos estudiantes de Maestría
- Vinculación de dos estudiantes de doctorado
Requerimientos y especificaciones funcionales definidas para el objetivo 1. Se entregará Documento técnico que evidencie la definición detallada de los requerimientos y especificaciones para el objetivo 1 en el mes 1.
Estudio de vigilancia tecnológica realizado, en tecnologías para la detección y ubicación de drones en espacios urbanos. Se entregará Documento que evidencie el estudio de vigilancia tecnológica de tecnologías para la detección y ubicación de drones en espacios urbanos en el mes 3.
Mecanismo diseñado, para la detección de drones y la orientación automatizada del prototipo. Se entregará Documento técnico que evidencie el diseño del mecanismo para la detección de drones y la orientación automatizada del prototipo en el mes 6.
Estudio de vigilancia tecnológica realizado, en las tecnologías y protocolos de geolocalización aplicables al prototipo. Se entregará Documento que evidencie el estudio de vigilancia tecnológica de las tecnologías y protocolos de geolocalización en el mes 3.
Adquisiciones de materiales y equipos realizadas para el objetivo 1.
Se entregará Documento que evidencie la adquisición de materiales y equipos necesarios para el desarrollo del objetivo 1 en el mes 3.
Algoritmo diseñado, para la incorporación de tecnologías de geolocalización priorizadas. Se entregará Documento técnico que evidencie el diseño del algoritmo para la incorporación de tecnologías de las geolocalización priorizadas en el mes 6.
Mecanismo construido, para la detección de drones y la orientación automatizada del prototipo. Se entregará Documento técnico que evidencie el proceso de desarrollo del mecanismo para la detección de drones y la orientación automatizada del prototipo en el mes 10.
Pruebas unitarias realizadas al mecanismo de detección de drones y orientación automatizada del prototipo. Se entregará Documento técnico que evidencie las pruebas unitarias realizadas al mecanismo de detección de drones y orientación automatizada del prototipo en el mes 12.
Adquisiciones de materiales y equipos realizadas para el objetivo 3.
Se entregará Documento que evidencie la adquisición de materiales y equipos necesarios para el desarrollo del objetivo 3 en el mes 15.
Mecanismo o algoritmo diseñado para la captura de drones. Se entregará Documento que evidencie el diseño del mecanismo o algoritmo para la captura de drones en el mes 18.
Mecanismo o algoritmo construido, para la captura de drones. Se entregará Documento técnico que evidencie el proceso de desarrollo del mecanismo o algoritmo para la captura de drones en el mes 22.
Requerimientos y especificaciones funcionales definidas para el objetivo 4. Se entregará Documento técnico que evidencie la definición detallada de los requerimientos y especificaciones para el objetivo 4 en el mes 16.
Documentación finalizada para la viabilidad de protección de propiedad intelectual de la interfaz gráfica. Se entregará Documento que evidencie la solicitud de protección de software en el mes 17.
Documentación finalizada para el proceso de protección de propiedad intelectual del prototipo integrado. Se entregará Documento que evidencie el análisis de protección de propiedad intelectual de los resultados del proyecto en el mes 22.
Documentación finalizada para el proceso de protección intelectual del encerramiento del prototipo. Se entregará Documento que evidencie la solicitud de protección de diseño industrial en el mes 20.
Estudio desarrollado de factibilidad técnica, económica y financiera del proyecto empresarial para explotación comercial de la tecnología. Se entregará Documento que contiene el estudio de factibilidad técnica, económica y financiera del proyecto empresarial para explotación comercial de la tecnología en el mes 23.
Informe técnico final del proyecto. Se entregará Documento de informe técnico final del proyecto en el mes 24.
Adquisiciones de materiales y equipos realizadas para el objetivo 4. Se entregará Documento que evidencie la adquisición de materiales y equipos necesarios para el desarrollo del objetivo 4 en el mes 18.
Diseño y aplicación realizados del protocolos de prueba para la validación pre-comercial del prototipo con clientes o usuarios finales.
Se entregará Documento que contiene el informe de los protocolos y los resultados de las pruebas precomerciales del prototipo con usuarios finales en el mes 24.
Valoración económica realizada de la tecnología expresada en términos monetarios. Se entregará Documento que contiene la valoración económica de la tecnología expresada en términos monetarios en el mes 23.
Plan final para la explotación comercial de la tecnología. Se entregará Documento que contiene el Plan para la explotación comercial de la tecnología en el mes 23.
Programación del algoritmo finalizada para la integración de tecnologías de geolocalización, y solicitud de registro realizada. Se entregará Documento técnico que evidencie el desarrollo del algoritmo y su solicitud de registro de software en el mes 10.
Pruebas unitarias realizadas al algoritmo de incorporación de tecnologías de geolocalización. Se entregará Documento técnico que evidencie las pruebas unitarias realizadas al algoritmo de incorporación de tecnologías de geolocalización en el mes 12.
Requerimientos y especificaciones funcionales definidas para el objetivo 2. Se entregará Documento técnico que evidencie la definición detallada de los requerimientos y especificaciones para el objetivo 2 en el mes 1.";56,49%;27,93%;49,15%;50,85%;11,78%;3,80%;0,00%;0,00%
2020;Propuesta de Investigación Convocatoria;No Avalada;890;"Convocatoria para el Fortalecimiento de CTeI en Instituciones de Educación Superior (IES) Públicas 2020

Mecanismo 1";MinCiencias;Aliado;"1- Universidad Nacional de Colombia UNAL (Ejecutor)
2- Instituto Tolimense de Formación Técnica Profesional ITFTP (Aliado)
3- Instituto Técnico de Ciencia Biotecnología e Innovación en Salud ITCBIS (cooperante)";N/A;24;"UDFJC:
- Bioquímica y Biología Molecular 

UNAL:
- Hormonas GIH
- Grupo de Bioinformática y Biología de Sistemas del Instituto de Genética

ITFTP:
- Recuperación y conservación de suelos"; $ 775.626.020 ; $ -   ; $ 575.087.268 ; $ 200.538.752 ; $ 549.806.542 ; $ -   ; $ 20.000.000 ; $ 25.280.726 ; $ 170.538.752 ; $ -   ; $ 10.000.000 ; $ -   ; $ -   ; $ -   ; $ -   ;"Al culminar el proyecto se espera obtener los siguientes resultados:
Estandarizar un método que permita estudiar la infección por SARS-Cov-2 en células humanas, esto a partir de la muestra de estudio.
Determinar la seroprevalencia en una población seleccionada para así, contribuir al restablecimiento económico de dicha población.
Identificar epítopos lineales en la proteína S presente en el virus SARS-Cov-2, centrando el estudio en las regiones expuestas de la estructura.
Contribuir con una metodología que permita el adecuado, rápido y efectivo estudio de anticuerpos anti-SARSCov 2 y la titulación de estos anticuerpos.
A partir de la titulación de los anticuerpos neutralizantes, se espera encontrar la correlación de estos y la respuesta clínica que presentan con plasma, para así evaluar diferentes sueros y posibles tratamientos de la enfermedad COVID-19.
Formación de alianzas entre el instituto distrital de ciencia, biotecnología e innovación en salud y el grupo de investigación de hormonas de la Universidad Nacional de Colombia, además de establecer un vínculo con el grupo de investigación de genética de la Universidad Nacional para ampliar el campo de estudio en torno al virus de la enfermedad de COVID-19.
Estandarizar un ensayo de neutralización para promover y facilitar el estudio del virus del SARS-CoV2 Formación de recurso humano Se espera escribir un artículo en torno al estudio de la población seleccionada y llevar a cabo su publicación.
Contribuir a la apropiación social del conocimiento mediante la divulgación de la investigación realizada en la población de estudio.";"- Formación de alianzas entre el instituto distrital de ciencia, biotecnología e innovación en salud y el grupo de investigación de hormonas de la Universidad Nacional de Colombia, además de establecer un vínculo con el grupo de investigación de genética de la Universidad Nacional para ampliar el campo de estudio en torno al virus de la enfermedad de COVID-19.
- Estandarizar un método que permita estudiar la infección por SARSCov-2 en células humanas, esto a partir de la muestra de estudio.
- Al finalizar el proyecto tendremos resultados para generar una publicación acerca de la caracterización de anticuerpos neutralizantes en la población de estudio
- Identificación de epítopos lineales en la proteína S presente en el virus SARS-Cov-2, centrando el estudio en las regiones expuestas de la estructura.
- Un artículo de divulgación para ser publicado en un medio impreso y electrónico donde se expliquen los conceptos de manera sencilla de anticuerpos, infección viral y vacunas contra el SARS-CoV2
- Generar estrategias de divulgación a través de las redes sociales para compartir información acerca de respuesta inmune, infección y vacunas contra el SARS-CoV2
- Programa educativo en el canal de youtube de la facultad de Ciencias de la Universidad Nacional de Colombia sobre la infección del SARS-CoV2
- Programa radial donde se explique de manera sencilla a la comunidad conceptos básicos de inmunología, infección y vacunas contra el SARS-CoV2
- Presentación de resultados de este proyecto en las semanas universitarias de las tres instituciones participantes en el proyecto
- Preparación y organización de actividades de divulgación sobre inmunología con poblaciones estudiantiles
- Vinculación de catorce estudiantes de pregrado para el desarrollo de este proyecto
- Vinculación de dos estudiantes de maestría para desarrollar actividades de investigación del proyecto
- Cinco trabajos de grado aprobados ";70,89%;2,58%;0,00%;100,00%;25,25%;1,29%;0,00%;0,00%
2020;Propuesta de Investigación Convocatoria;No Avalada;890;"Convocatoria para el Fortalecimiento de CTeI en Instituciones de Educación Superior (IES) Públicas 2020

Mecanismo 2";MinCiencias;Ejecutor;1- Servicio Geológico Colombiano SGC (Ailado);N/A;36;"UDFJC:
- Grupo de Instrumentación Científica y Didáctica

SGC:
- Grupo de Asuntos Nucleares"; $ 656.210.428 ; $ -   ; $ 487.565.428 ; $ 168.645.000 ; $ 449.644.338 ; $ 37.921.090 ; $ 74.925.000 ; $ -   ; $ 93.720.000 ; $ -   ; $ -   ; $ -   ; $ -   ; $ -   ; $ -   ;Al finalizar el proyecto tendríamos un prototipo funcional de un generador compacto de alto flujo de neutrones. Durante el proceso de construcción del prototipo no solo generamos una pieza de alta tecnología que aún no se ha construido en el país en el ámbito académico, sino también todo el aprendizaje y la experiencia de construcción, lo cual redundará en la formación de capital humano, infraestructura técnico-científica, entrenamiento de estudiantes, personal técnico y científico a muy alto nivel en todos los procesos involucrados de este proyecto. De manera que los réditos se verán reflejados tanto en el desarrollo e innovación técnico-científica de frontera como en el entrenamiento de científicos y técnicos, creando así una infraestructura sin precedentes en Colombia.;"- Dos artículos de investigación Categoría A2 y B
- Dos Artículos divulgativo sobre la producción de neutrones y sus distintas aplicaciones
- Dos Artículos y videos divulgativos del proyecto para público no especializado
- Participación en cuatro congresos nacionales e internacionales sobre el área del proyecto
- Participación en cuatro simposios y congresos del área de física nuclear y afines
- Realización de dos tesis de maestría relacionada con el proyecto";68,52%;17,20%;33,60%;66,40%;14,28%;0,00%;0,00%;0,00%
2020;Propuesta de Investigación Convocatoria;Contrato firmado;890;"Convocatoria para el Fortalecimiento de CTeI en Instituciones de Educación Superior (IES) Públicas 2020

Mecanismo 1";MinCiencias;Ejecutor;"1- Universidad Colegio Mayor de Cundinamarca UCMC (Aliado)

2- Escuela Tecnológica Instituto Técnico Central ETITC (Aliado)";N/A;36;"UDFJC:
- INTERCITEC (Interculturalidad, ciencia y tecnología)
- Grupo de Estudios Ambientales Universidad Distrital (GEA-UD)
- Carlos Cuellar Cuellar (co-investigador)
- Clara Pacheco Lozano (estudiante doctorado)

UCMC:
- Investigación Disciplinar en Trabajo Social y Tendencias Contemporáneas

ETITC:
- Grupo Interdiciplinar de Estudios Ambientales - GEA"; $ 1.040.666.313 ; $ 463.855.724 ; $ 583.594.634 ; $ 457.071.679 ; $ 549.887.000 ; $ 33.707.634 ; $ 240.478.337 ; $ -   ; $ 162.674.086 ; $ -   ; $ 53.919.256 ; $ -   ; $ -   ; $ -   ; $ -   ;" Artículo de revista Artículo sobre antecedentes: Tendencias teóricas y metodológicas en innovaciones en educación científica que propician el dialogo en CCA y CLT en los últimos diéz años;
- Capítulo de libro resultado del proceso: (a) Resultados del trabajo del análisis documental;
- Informes técnicos parciales y finales de las diferentes de la etapa Aportes previos,
- Estrategias de comunicación del conocimiento.
- Comunicación oral en congreso especializado
- Artículo. Configuración de corpus para la gestión del conocimiento en innovaciones en educación científica que proponen diálogos entre CCA y CTL, desde la perspectivas ambiental y social.
- Artículo. Resultado del proceso de los estudiantes de pre-grado. Experiencia investigativa y formativa en el trabajo de campo ambiental con comunidades tradicionales;
- Artículo. Resultado del proceso de los estudiantes. Proceso de trabajo de campo con perspectiva etnográfica en torno a reconocimiento de saberes tradicionales y sus implicaciones en el trabajador social: Una experiencia formativa e investigativa; Artículo. Conceptos y perspectivas teórico y metodológicas para el dialogo entre CCA y CTL en la educación científica.
- Capítulos de libro resultado del proceso: (a) Resultados del trabajo de campo, (b) Desarrollo de la innovación, sistematización, interpretación y comprensión del proceso; Artículo. Desarrollo de innovaciones en educación en ciencias que propician el dialogo entre CCA y CTL en instituciones educativas rurales
- Informes técnicos parciales y finales de las diferentes Fases de la etapa: configuración del corpus y gestión, incluyendo los informes de los estudiantes.
- Estrategias de comunicación del conocimiento. Comunicación oral en congreso especializado
- Artículo. Conceptos y perspectivas teórico y metodológicas para el dialogo entre CCA y CTL en la educación científica:
- Resultado del trabajo de campo, diseño e implementación de la innovación;
- Libro. Reflexiones teóricas en torno a enfoques ambientales, sociales y antropológicos y educación científica y el dialogo de CCA y CTL en la clase de ciencias.
- Libro. Dialogo de los resultados teóricos, metodológicos y experienciales con otras comunidades a nivel Latinoamericano.
- Estrategias de comunicación del conocimiento. Comunicación oral en congreso especializado;
Comunicación con enfoque ciencia tecnología y sociedad. Producción de audiovisuales sobre el proceso y REA (Recursos Educativos Abiertos) orientados a la sistematización del proceso y a la producción de artefactos de mediación pedagógica.
- Estrategias pedagógicas para el fomento de CTeI. Diseño e implementación de innovaciones en el aula de ciencias que propicien el dialogo de conocimientos.
- Artículo sobre el proceso de investigación en el campo del trabajo social y su articulación con el campo educativo.
Comunicación con enfoque Ciencia tecnología y sociedad: -Propuesta de formación en investigación de profesionales en los campos ambientales, sociales y antropológicos y en educación en ciencias: Visiones I+D+i e integración con enfoques apropiación social del conocimiento
- Comunicación con enfoque Ciencia tecnología y sociedad: Propuesta de formación en investigación de profesionales en los campos ambientales, sociales y antropológicos y en educación en ciencias: Visiones I+D+i e integración con enfoques apropiación social del conocimiento
- Informes técnicos parciales y finales de la etapa interdisciplinariedad y configuración de habilidades I+D+i
- Dos estudiantes de doctorado;
Apoyo a la creación de programas o cursos para la formación de investigadores a nivel de pregrado. La proyección de los resultados de la investigación en los campos de formación de pregrado.
- Apoyo a programas de formación. Apoyo a creación de cursos de doctorado en el campo de investigación y desarrollo de línea de investigación.";"Once (11) Artículos de investigación categorías A2, B, C y D
- Tres (3) libros de investigación categoría B
- Ocho (8) Informes técnicos parciales y finales de las diferentes etapas: Aportes previos, configuración del corpus y gestión del conocimiento, interdisciplinariedad y configuración de habilidades I+D+i
- Siete (7) Informes técnicos finales de los estudiantes de pregrado y doctorado.
- Una Propuesta de formación en investigación de profesionales en los campos ambientales, sociales y antropológicos y en educación en ciencias: Visiones I+D+i e integración con enfoques apropiación social
- Una Comunicación oral
- Cuatro (4) Producciones audiovisuales sobre el proceso y REA (Recursos Educativos Abiertos) orientados a la sistematización del proceso y a la producción de artefactos de mediación pedagógica.
- Dos (2) Diseños e implementación de innovaciones en el aula de ciencias que propicien el dialogo de conocimientos
- Una (1) Innovación en el aula de ciencias del colegio de Fosca
- Dos (2) estudiantes del DIE_UD, del Doctorado Interinstitucional en educación
- Proyección de los resultados de la investigación en los campos de formación de pregrado.
- Seminarios de Investigación en la enseñanza de las ciencias con enfoque intercultural
- Seminario Línea de Investigación Enseñanza de las ciencias, contexto, diversidad y diferencia cultural";52,84%;26,35%;12,29%;87,71%;15,63%;5,18%;0,00%;0,00%
2020;Propuesta de Investigación Convocatoria;Contrato firmado;N/A;Convocatoria interna para la conformación de un banco de proyectos de investigación financiables  2020;UDFJC;Co-ejecutor;1- Universidad Militar Nueva Granada UMNG;N/A;24;"UDFJC:
GESETIC
UMNG:
Inteligencia Artificial y Procesamiento de Señales"; $ 716.736.964 ; $ -   ; $ 249.610.160 ; $ 467.126.804 ; $ -   ; $ -   ; $ 4.000.000 ; $ 249.610.160 ; $ 463.126.804 ; $ -   ; $ -   ; $ -   ; $ -   ; $ -   ; $ -   ;"PRODUCTOS ESPERADOS:
1- 2 Artículo en Cuartil 2 (Q2) del SJR (Scopus) o del JCR (Web of Science) WoS
2- 1 Artículo en Cuartil 3 (Q3) del SJR (Scopus) o del JCR (Web of Science) y/o Homologada B Colciencias
3- 1 Artículo en Cuartil 4 (Q4) del SJR (Scopus) o del JCR (Web of Science) y/o Homologada C Colciencias
4- 1 Ponencia en evento Internacional de acuerdo a los requisitos de la resolución de movilidad vigente.
5- 1 Ejecución del proyecto, sometido a la presente convocatoria, en la modalidad de cooperación a través de convenio especial de cooperación o instrumento contractual equivalente, con instituciones de carácter nacional que cumplan con el criterio de evaluación de colaboración externa, enunciado en los presentes términos de referencia.
6- 1 Dirección o codirección de Tesis de estudiantes en programas de Doctorado de la UMNG, con temáticas asociadas a la línea de investigación a la que pertenece el proyecto";"PRODUCTOS ESPERADOS:
1- 2 Artículo en Cuartil 2 (Q2) del SJR (Scopus) o del JCR (Web of Science) WoS
2- 1 Artículo en Cuartil 3 (Q3) del SJR (Scopus) o del JCR (Web of Science) y/o Homologada B Colciencias
3- 1 Artículo en Cuartil 4 (Q4) del SJR (Scopus) o del JCR (Web of Science) y/o Homologada C Colciencias
4- 1 Ponencia en evento Internacional de acuerdo a los requisitos de la resolución de movilidad vigente.
5- 1 Ejecución del proyecto, sometido a la presente convocatoria, en la modalidad de cooperación a través de convenio especial de cooperación o instrumento contractual equivalente, con instituciones de carácter nacional que cumplan con el criterio de evaluación de colaboración externa, enunciado en los presentes términos de referencia.
6- 1 Dirección o codirección de Tesis de estudiantes en programas de Doctorado de la UMNG, con temáticas asociadas a la línea de investigación a la que pertenece el proyecto";0,00%;0,56%;0,00%;100,00%;99,44%;0,00%;0,00%;0,00%
2020;Propuesta de Investigación Convocatoria;Contrato firmado;N/A;Convocatoria interna para la conformación de un banco de proyectos de investigación financiables  2020;UDFJC;Co-ejecutor;1- Universidad Militar Nueva Granada UMNG;N/A;12;"UDFJC:
ARCOSES
UMNG:
Producción, Innovación y Tecnología"; $ 190.718.251 ; $ -   ; $ 99.186.672 ; $ 91.531.579 ; $ -   ; $ -   ; $ 13.207.466 ; $ 99.186.672 ; $ 78.324.113 ; $ -   ; $ -   ; $ -   ; $ -   ; $ -   ; $ -   ;"PRODUCTOS ESPERADOS:
1- 1 Dirección o codirección de Trabajo de estudiantes en programas de pregrado de la UMNG, con temáticas asociadas a línea de investigación a la que pertenece el proyecto
2- 2 Artículo en Cuartil 2 (Q2) del SJR (Scopus) o del JCR (Web of Science) WoS
3- 1 Ponencia en evento nacional de acuerdo a los requisitos de la resolución de movilidad vigente

PRODUCTOS OBTENIDOS:
- Artículo Categoría B Publindex (“A simulation-based AHP approach to analyze the scalability of EHR Systems using blockchain technology in healthcare institutions”, https://doi.org/10.1016/j.imu.2021.100576)";"PRODUCTOS ESPERADOS:
1- 1 Dirección o codirección de Trabajo de estudiantes en programas de pregrado de la UMNG, con temáticas asociadas a línea de investigación a la que pertenece el proyecto
2- 2 Artículo en Cuartil 2 (Q2) del SJR (Scopus) o del JCR (Web of Science) WoS
3- 1 Ponencia en evento nacional de acuerdo a los requisitos de la resolución de movilidad vigente

PRODUCTOS OBTENIDOS:
- Artículo Categoría B Publindex (“A simulation-based AHP approach to analyze the scalability of EHR Systems using blockchain technology in healthcare institutions”, https://doi.org/10.1016/j.imu.2021.100576)";0,00%;6,93%;0,00%;100,00%;93,07%;0,00%;0,00%;0,00%
2020;Propuesta de Investigación Convocatoria;Contrato firmado;N/A;Convocatoria interna para la conformación de un banco de proyectos de investigación financiables  2020;UDFJC;Co-ejecutor;1- Universidad Militar Nueva Granada UMNG;N/A;24;"UDFJC:
GESETIC
UMNG:
GAV"; $ 742.288.623 ; $ -   ; $ 249.310.160 ; $ 492.978.463 ; $ -   ; $ -   ; $ 4.000.000 ; $ 249.310.160 ; $ 488.978.463 ; $ -   ; $ -   ; $ -   ; $ -   ; $ -   ; $ -   ;"PRODUCTOS ESPERADOS:
Dos artículos en Cuartil 2 (Q2) del SJR (Scopus) o del JCR (Web of Science) WoS
Un articulo en Cuartil 3 (Q3) del SJR (Scopus) o del JCR (Web of Science) y/o Homologada B Colciencias
Un articulo en Cuartil 4 (Q4) del SJR (Scopus) o del JCR (Web of Science) y/o Homologada C Colciencias
Una ponencia en evento Internacional de acuerdo a los requisitos de la resolución de movilidad vigente.
Ejecución del proyecto, sometido a la presente convocatoria, en la modalidad de cooperación a través de convenio especial de cooperación o instrumento contractual equivalente, con instituciones de carácter nacional que cumplan con el criterio de evaluación de colaboración externa, enunciado en los presentes términos de referencia.
Dirección o codirección de Tesis de estudiantes en programas de Doctorado de la UMNG, con temáticas asociadas a la línea de investigación a la que pertenece el proyecto";"PRODUCTOS ESPERADOS:
Dos artículos en Cuartil 2 (Q2) del SJR (Scopus) o del JCR (Web of Science) WoS
Un articulo en Cuartil 3 (Q3) del SJR (Scopus) o del JCR (Web of Science) y/o Homologada B Colciencias
Un articulo en Cuartil 4 (Q4) del SJR (Scopus) o del JCR (Web of Science) y/o Homologada C Colciencias
Una ponencia en evento Internacional de acuerdo a los requisitos de la resolución de movilidad vigente.
Ejecución del proyecto, sometido a la presente convocatoria, en la modalidad de cooperación a través de convenio especial de cooperación o instrumento contractual equivalente, con instituciones de carácter nacional que cumplan con el criterio de evaluación de colaboración externa, enunciado en los presentes términos de referencia.
Dirección o codirección de Tesis de estudiantes en programas de Doctorado de la UMNG, con temáticas asociadas a la línea de investigación a la que pertenece el proyecto";0,00%;0,54%;0,00%;100,00%;99,46%;0,00%;0,00%;0,00%
2021;Propuesta de Investigación Convocatoria;Contrato firmado;900;"CONVOCATORIA IDEAS PARA EL CAMBIO:
CONSTRUCCIÓN SOCIAL DEL CONOCIMIENTO PARA LA GESTIÓN DEL CAMBIO CLIMÁTICO";MinCiencias;Ejecutor;N/A;N/A;10;"UDFJC:
- LÍDER"; $ 204.634.026 ; $ 169.934.026 ; $ 169.934.026 ; $ 34.700.000 ; $ 169.934.026 ; $ -   ; $ 34.700.000 ; $ -   ; $ -   ; $ -   ; $ -   ; $ -   ; $ -   ; $ -   ; $ -   ;"* Identificación del ambiente como concepto y praxis que supera lo natural y ecológico 
* Lo ambiental como un sistema complejo que se redefine en la relación sociedad-naturaleza 
* Desarrollo de tecnología y capacidad instalada sostenible, escalable y replicable 
* Articulación del proyecto con la política e instrumentos públicos en materia ambiental, social, educativa y de desarrollo económico del municipio 
* Proyecto que concibe su construcción en clave diálogos de
saberes ambientales y populares 
* Articulación con los ODS y su aplicabilidad para crear prácticas sustentables 
* Factor “itinerante” como estrategia de divulgación y trabajo permanente con otros actores de la comunidad que no tienen la
posibilidad de visitar el aula ambiental de manera presencial y local.";"Los elementos estructurales de la propuesta para desarrollar los FST están pensados aras de consolidar un proyecto
que apunte a la sustentabilidad territorial, gestione a través de los espacios de formación, divulgación y acción colectiva escenarios en la toma de decisiones responsables con el ambiente y las implicaciones que estas tienen en la vida cotidiana de los pobladores del municipio. Por tanto, los elementos de innovación en Ciencia y Tecnología se basan en los siguientes puntos estructurales: 
- Consolidación y creación de Sistema de Información Geográfico –Participativo /SIGP que facilite la
consolidación de información ambiental del territorio y se ancle con instrumentos de política pública del territorio como el plan
de ordenamiento territorial, los planes de desarrollo en la dimensión económica con el fin de cambiar actitudes negativas que afectan el patrimonio hídrico de la región. 
- Una serie de podcast del territorio que gire en torno a la fauna, símbolos culturales, históricos y de memoria sobre el territorio como elemento base para la formación y divulgación ambiental de la comunidad local y turistas que visitan el municipio. 
- Desarrollo de aplicación móvil con fines de uso de tecnología social que permita a través de soportes de software consolidar un banco de imágenes en 3D sobre flora y transformación del suelo con fines educativos y de sensibilización. 
- Creación de cortometrajes y videos informativos sobre los impactos de los residuos sólidos en los ecosistemas.";83,04%;16,96%;0,00%;100,00%;0,00%;0,00%;0,00%;0,00%
2023;Propuesta de Investigación Convocatoria;Contrato firmado;N/A;Convocatoria Expertos Internacionales ICETEX – Subvenciones 2023;ICETEX;Co-ejecutor;"1- La Universidad Internacional del Trópico Americano - Unitrópico
2- Universidad Federal del Espíritu Santo - UFES";N/A;6;"UDFJC:
- ESTUPOLI 

Unitrópico:
- 

UFES:
- EMITI - Educação Multilinguismo Internacionalização Tecnologia Inglês"; $ 142.009.005 ; $ -   ; $ 99.999.999 ; $ 42.009.006 ; $ 99.999.999 ; $ -   ; $ 8.284.032 ; $ -   ; $ 32.215.680 ; $ -   ; $ 1.509.294 ; $ -   ; $ -   ; $ -   ; $ -   ;"Mediante este proyecto de colaboración entre las universidades se espera que haya primero: un ejercicio de intercambio cultural que redunde en ampliar el conocimiento que se tiene de cada uno de los países. Teniendo en cuenta esta ampliación cultural, se busca que consecuentemente se encuentren relaciones locales de paridad que permitan abordar problemáticas estratégicamente para el beneficio común.  Este intercambio se materializará mediante la inmersión que realizarán los miembros participantes de las instituciones en Brasil.  Desde ese contexto, se piensan dinamizar actividades propuestas mediante foros y charlas que girarán en torno a la discusión de la interculturalidad, los factores comunes y de problemáticas de abordamiento. 
Metodológicamente estos espacios se abordarán con notas de clase que se sistematizan y se esclarecerá mediante aproximaciones teóricas decoloniales y afines como la teoría crítica de la raza. Se busca que estas tareas sean la base para la construcción de memorias recogiendo la experiencia la cual sea socializable a la comunidad académica. En consecuencia a esta actividad surgirá el reporte de investigación que debe ser presentado como parte de esta convocatoria y encuentros académicos que permitan su divulgación. 
De allí se espera derivar una descripción o análisis de las políticas lingüísticas de internacionalización de las tres universidades, una identificación de dificultades en la implementación, algunas recomendaciones para la construcción, modificación o implementación y alternativas para la preservación y fortalecimiento de lenguas en pro de la integración en los tres espacios de educación superior.
Para el caso puntual de Unitrópico, siendo la universidad más joven de país, se espera también iniciar una reflexión en torno al papel de la internacionalización y las lenguas en la educación pública superior, y de esta forma converger en la implementación de políticas institucionales que tengan una visión descentralizada, equitativa y coherente con las necesidades y oportunidades de nuestra región. 
Durante la inmersión se hará un ejercicio de reconocimiento que permita a los participantes valorar los espacios de cooperación con países del sur global y así trabajar de manera articulada en pro de la generación y difusión de nuevo conocimiento que responda a las realidades de países cuya producción científica y literaria ha sido invisibilizada por hegemonías del norte global. Lo anterior será mediado por los contenidos del curso, los cuales serán direccionados a desarrollarse en tres ejes: la intercomprensión, la interculturalidad, y la decolonialidad. Estos contenidos se usarán como intermediarios entre los participantes y el objetivo del proyecto y las perspectivas de los integrantes se recolectarán haciendo uso de metodologías como los diarios de campo y los grupos focales. ";"- Elaboración informe final del proyecto
- Redacción y sometimiento de manuscrito en una revista especializada y seriada";70,42%;5,83%;0,00%;100,00%;22,69%;1,06%;0,00%;0,00%
2019;Propuesta de Investigación Convocatoria;Contrato firmado;866;CONVOCATORIA EXPEDICIONES CIENTÍFICAS NACIONALES Y FORTALECIMIENTO DE COLECCIONES BIOLÓGICAS;MinCiencias;Ejecutor;N/A;N/A;24;USO Y CONSERVACION DE LA DIVERSIDAD FORESTAL; $ 107.749.049 ; $ 69.915.425 ; $ 88.009.049 ; $ 19.740.000 ; $ 69.915.425 ; $ 18.093.624 ; $ 19.740.000 ; $ -   ; $ -   ; $ -   ; $ -   ; $ -   ; $ -   ; $ -   ; $ -   ;"- 500 imágenes digitalizadas de especímenes insectiles de la Colección
- Puesta en funcionamiento del portal de la Colección
entomológica Forestal
- Dos estudiantes de pregrado y/o posgrado de la Maestría en Manejo, Uso y Conservación del Bosque de la Universidad Distrital con certificación de aprobación de
sustentación de tesis de grado.
- Artículo en revista
- Publicación en el SIB Colombia de metadatos de 10000000 registros de la Colección.
- 1000 imágenes digitalizadas de la colección entomológica
- Publicación en la plataforma Bold Systems y/o el Gen Bank de secuencias de fragmentos de ADN de Isoptera
- Puesta en funcionamiento del portal de la Colección Entomológica";"- Artículo de investigación categoría B
- Colección Entomológica sistematizada y de libre acceso a traves de la Web
- Libre acceso a al menos 500 imágenes representativas de la biodiversidad insectil de diferentes areas geográficas de Colombia.
- Publicación de libre acceso secuencias de generos de Isoptera codigo de barras en Boldsystem
- Desarrollo de un (1) trabajo de grado documentando la diversidad insectil";64,89%;35,11%;47,82%;52,18%;0,00%;0,00%;0,00%;0,00%
2022;Propuesta de Investigación Convocatoria;Contrato firmado;917;Convocatoria Estancias con Próposito Empresarial;MinCiencias;Ejecutor;1- Digitax C - Dispositivos y Taxímetros;N/A;12;Sistemas y Redes Cognitivas - SIREC; $ 62.000.000 ; $ 50.000.000 ; $ 50.000.000 ; $ 12.000.000 ; $ 50.000.000 ; $ -   ; $ 5.000.000 ; $ -   ; $ 7.000.000 ; $ -   ; $ -   ; $ -   ; $ -   ; $ -   ; $ -   ;"- Desarrollo de un módulo de síntesis de voz que proporcione la salida del taxímetro inteligente en forma auditiva en español o ingles
- Diseño y desarrollo de un taxímetro inteligente con salida visual y auditiva, con seguimiento satelital, que permita facturar y llevar una contabilidad financiera";"- Informe técnico final y de avance de las actividades de CTeI desarrolladas por el Joven Investigador
- Un artículo de investigación en formato de revista indexada tipo publicable, que de cuenta de los resultados obtenidos en el marco del desarrollo de la pasantía.
- El Doctor deberá entregar un informe técnico final de las actividades de CTeI desarrolladas junto con los resultados obtenidos en articulación con el informe del joven investigador e innovador, acorde a la propuesta de la estancia presentada
- Un artículo de investigación en formato de revista indexada tipo publicable, que den cuenta de los resultados obtenidos en el marco del desarrollo de la pasantía";80,65%;8,06%;0,00%;100,00%;11,29%;0,00%;0,00%;0,00%
2021;Propuesta de Investigación Convocatoria;No Avalada;11;"011-2020 MECANISMO1- CONV3ª. FORTALECIMIENTO CAPACIDADES INSTITUCIONALES-INVESTIGACIÓN IES PÚBLICAS
Departamento de Bolívar. Foco temático CIENCIAS SOCIALES, HUMANAS Y EDUCACIÓN.";MinCiencias;Aliado;"1- Universidad de Cartagena (Proponente)
2- Universidad de Cordoba (aliado)
3- Colegio Mayor de Bolívar - CMB (aliado diferente a IES públicas)";N/A;24;"UDFJC:
- Laboratorio de Investigación y desarrollo en Electrónica y Redes (LIDER)

UCartagena:
- Centro Corciem
- GIMATICA (Grupo de Investigación en Tecnologías de las Comunicaciones e Informática)

Ucordoba:
- Education, Technology & Language - EduTLan

CMB:
- Grupo de Investigación Ciudad, educación y sociedad (CEUS)"; $ 2.144.000.000 ; $ 433.813.928 ; $ 2.000.000.000 ; $ 144.000.000 ; $ 2.000.000.000 ; $ -   ; $ 24.000.000 ; $ -   ; $ 72.000.000 ; $ -   ; $ 48.000.000 ; $ -   ; $ -   ; $ -   ; $ -   ;"- Se consolidará un estado del arte de la situación de calamidad pública, su afectación directa al sistema de educación de la región caribe colombiana y las diferentes alternativas adoptadas para superarla, por medio de la construcción del modelo conceptual del proyecto.
- El trabajo realizado directamente con docentes dará como resultado un diagnóstico de las capacidades tecnológicas y pedagógicas que esta población tiene de cara al escenario de alternancia educativa. De allí resultará un plan de fortalecimiento metodológico que facilitará la preparación docente de las instituciones educativas. Así mismo, se garantizará la formación de los docentes que hacen parte de la muestra.
- El proyecto presentará un modelo base de adaptación de contenidos de aprendizaje orientado al esquema de alternancia educativa, lo cual constituye un insumo y avance vital en el afrontamiento de la emergencia sanitaria y su afectación al sistema educativo de la región.
- El trabajo realizado entorno al desarrollo de software dará como resultado un paquete instalable del mundo 3D con todos los contenidos educativos desarrollados y orientados hacia el modelo de alternancia educativa.
El estudio comparativo de rendimiento académico en periodos previos y posteriores al inicio de la pandemia permitirá la verificación de las afectaciones que la emergencia ha traído sobre el sistema educativo de la región, así como también validará las potencialidades que el modelo de intervención propuesto tiene para el fortalecimiento del mismo. Esto podrá ser validado y consultado en un documento de acceso público.
- El proyecto entregará a la comunidad educativa de la región un programa de intervención pedagógica y tecnológica para el fortalecimiento de capacidades desarrollado, validado e implementado en la población muestra y con la documentación y orientaciones necesarias para su posterior implementación generalizada en todo el sistema educativo de la región.
- Perfil sociodemográfico y psicográfico de los estudiantes de educación virtual, identificando su perfil tecnológico, su historia de interacción con entornos virtuales y sus competencias de autorregulación.
- Evidencia, a partir de las actividades de investigación y la metodología descrita, de los componentes pedagógicos necesarios para la implementación del programa.";"- Registro de una Patente generada a partir del proyecto
- Seis artículos de investigación
- Un libro resultados de investigación
- Vinculación de dos estudiantes y proyectos de grado de pregrado 
- Vinculación de dos estudiantes y proyectos de grado de Maestria
- Vinculación de un estudiante y proyecto de grado de Doctorado
- Una estrategia de intervención pedagógicas y tecnológicas validada
- Una plataformas tecnológicas para el desarrollo de actividades de CTeI entregadas
- Cuatro cursos sobre métodos y técnicas de investigación especializados y avanzados
- Ocho informes técnicos y financieros de ejecución presentados
- Cientocincuenta docentes formados en competencias TIC orientadas a procesos de educación básica y media
- Participación en eventos académicos internacionales para la difusión y retroalimentación de la comunidad científica respecto al desarrollo del proyecto
- Dos proyectos de desarrollo tecnológico";93,28%;1,12%;0,00%;100,00%;3,36%;2,24%;0,00%;0,00%
2021;Propuesta de Investigación Convocatoria;No Avalada;11;"011-2020 MECANISMO1- CONV3ª. FORTALECIMIENTO CAPACIDADES INSTITUCIONALES-INVESTIGACIÓN IES PÚBLICAS
Departamento de Bolívar. Foco temático CIENCIAS SOCIALES, HUMANAS Y EDUCACIÓN.";MinCiencias;Aliado;"1- Universidad SurColombiana - USC (Proponente)
2- Universidad del Tolima - UT (Aliado)";N/A;36;"UDFJC:
- Grupo de Instrumentación Cientifica &
Didáctica

USC:
- Hidroingeniería y Desarrollo Agropecuario

UT:
- Química Aplicada a Procesos Ecológicos
QUAPE-UT"; $ 2.488.982.340 ; $ 639.128.484 ; $ 1.999.500.356 ; $ 489.481.984 ; $ 1.999.500.356 ; $ -   ; $ 143.200.000 ; $ -   ; $ 48.000.000 ; $ -   ; $ 298.281.984 ; $ -   ; $ -   ; $ -   ; $ -   ;"Se consolidarán laboratorios regionales de investigación aplicada que permitirán atacar problemas del territorio bajo un enfoque científico y tecnológico de punta. 
- Se identificarán los recursos, necesidades, mecanismos e información que permitan continuar promoviendo la investigación en relación al fortalecimiento del talento científico y tecnológico por parte de docentes e investigadores de las IES de la región centro-sur y los mecanismos de coordinación estrategias para la generación, uso y transferencia de conocimiento y tecnología del orden administrativo y académico. 
- Se dejarán líneas bases de inversión para la promoción y financiamiento del talento científico tecnológico que permitan a las entidades gubernamentales apoyar la realización de proyectos de investigación científica, desarrollo tecnológico, formación de recursos humanos y de divulgación. 
- Se establecerán metodologías para el impulso y la participación de la comunidad académica, en proyectos de fomento a la investigación científica y al desarrollo tecnológico. 
- Se establecerán los mecanismos para la difusión de la ciencia y la tecnología entre los sectores de la sociedad, así como para facilitar el acceso a la información de un posible sistema departamental de ciencia y tecnología. 
- Se aplicarán familias de nanomateriales en las pruebas de remediación y tratamiento de muestras de aguas en los departamentos de Huila y Tolima. 
- Se publicarán los resultados en revistas internacionales.";" Adecuación de los laboratorios para realizar la síntesis de los nanomateriales
- Base de Datos del estado del arte de las aplicaciones ambientales de los nanomateriales a obtener
- Tres Centro de Investigación; Compra de equipos, dotación laboratorios, compra de materiales.
- Cuatro artículos de investigación  
- Se realizarán 1 tesis de pregrado, 2 trabajos de maestría y 1 tesis de doctorado basados en el proyecto planteado. 
- Habrá participación en Congresos/Ponencias/Conferencias/Workshops/Conversatorios Internacionales exponiendo los resultados parciales y totales del proyecto.
- Informes trimestrales de supervisión del proyecto";80,33%;5,75%;0,00%;100,00%;1,93%;11,98%;0,00%;0,00%
2021;Propuesta de Investigación Convocatoria;No Avalada;N/A;Programa de Váuchers de transferencia de conocimiento innovación para la reconfiguración empresarial;Secretaria Distrital de Desarrollo Económico - SDDE;Ejecutor;"1- TEAM Ingeniería de Conocmiento

2- Beneficiarios - Cooperantes";N/A;7;GEIT; $ 6.433.000.000 ; $ 2.170.000.000 ; $ 5.500.000.000 ; $ 933.000.000 ; $ 5.500.000.000 ; $ -   ; $ 45.000.000 ; $ -   ; $ 270.000.000 ; $ -   ; $ 618.000.000 ; $ -   ; $ -   ; $ -   ; $ -   ;"a) 600 empresas PYME impactadas con váucher de conocimiento
b) 150 empresas PYME impactadas con váucher de innovación
c) Acciones de transferencia de tecnología y/o conocimiento de al menos 150 activos de conocimiento, entre actores del ecosistema de innovación
d) 15 proveedores de conocimiento del ecosistema fortalecidos en el modelo de innovación abierta
e) Generación de un artículo científico o libro de investigación y al menos dos acciones de apropiación social de conocimiento con base en los resultados de la experiencia

De conformidad con el documento de requerimientos técnicos que indica: “Los costos de estrategias de comunicaciones, desarrollo de Landing pages,
16 diseños de piezas gráficas y de material audiovisual serán asumidos directamente por la SDDE”, y las aclaraciones realizadas por la misma entidad.";0;85,50%;0,70%;0,00%;100,00%;4,20%;9,61%;0,00%;0,00%
2021;Propuesta de Investigación Convocatoria;Desistio;896;CONVOCATORIA FORTALECIMIENTO DE CAPACIDADES REGIONALES DE INVESTIGACIÓN EN SALUD;MinCiencias;Aliado;"1- Universidad del Tolima - UdeT (entidad ejecutora)

2- Universidad de Pamplona - UdeP (Aliado)";N/A;36;"UDFJC:
- Grupo de Instrumentación Cientifica & Didáctica

UdeP:
- Nanotecnología y Gestión Sostenible NANOSOST-UP

UdeT:
- Química Aplicada a Procesos Ecológicos QUAPE-UT"; $ 1.459.220.824 ; $ 285.600.000 ; $ 899.351.565 ; $ 559.869.259 ; $ 899.351.565 ; $ -   ; $ 140.200.000 ; $ -   ; $ 223.711.488 ; $ -   ; $ 195.957.771 ; $ -   ; $ -   ; $ -   ; $ -   ;"- La identificación de los contaminantes químicos y biológicos de los ríos Chipalo y Pamplonita, que pueden generar un potencial riesgo de salud para la población y un riesgo ambiental para el ecosistema.
- La estandarización de los procedimientos de síntesis para cada uno de los materiales a fin de obtener el máximo rendimiento de reacción posible.
- La identificación de las propiedades fisicoquímicas de los materiales, sus potencialidades fotocatalíticas, fases estructurales y composición; con el fin de dilucidar cuales son los más idóneos para llevar a cabo el proceso de remoción y/o degradación.
- La remoción o degradación de los contaminantes orgánicos recalcitrantes más predominantes en las aguas de los dos ríos con el uso de los nanomateriales con actividad fotocatalítica, además la menor producción de subproductos tóxicos, de manera que no se incremente el poder ecotoxicológico en estas aguas.
- La identificación del mejor o los mejores materiales con actividad fotocatalítica para la remoción de y/o degradación de contaminantes químicos y biológicos.
- Como los procesos fotocatalíticos no son selectivos, con el uso de los nanomateriales se espera una disminución de la población de bacterias (coliformes totales y E.coli), de parásitos (Giardia lamblia) y de virus entéricos (rotavirus y coronavirus) presentes en las aguas.";"- Un artículo de investigación categoría B
- Un Taller con la comunidad:
- Taller con entidades gubernamentales responsables de la calidad del agua
- Una Cartilla como medio de divulgación permanente para diferentes públicos con el fín de dar a conocer la problemática sobre agentes químicos y biológicos que presentan las aguas del río Chipalo y generar un proceso reflexivo sobre el cuidado del agua y las implicaciones sobre la salud y el ecosistema.";61,63%;9,61%;0,00%;100,00%;15,33%;13,43%;0,00%;0,00%
2021;Propuesta de Investigación Convocatoria;No Avalada;896;CONVOCATORIA FORTALECIMIENTO DE CAPACIDADES REGIONALES DE INVESTIGACIÓN EN SALUD;MinCiencias;Aliado;"1- Universidad de los Llanos - UdeL (entidad ejecutora)

2- Corporación Universitaria Remington - CUR (aliado) - Sede Yopal, Villavicencio y Agua Azul

3- Gobernación del Meta - Secretaria de la mujer, la familia, y la equidad de género

4- Gobernación del Meta - Secretaria de Salud";N/A;36;"UDFJC:
- Laboratorio de Investigación y desarrollo en
Electrónica y Redes (LIDER)

UdeL:
- GESI

CUR:
- Mundo Organizacional
- Grupo de Investigación en Salud Familiar y
Comunitaria
- Grupo de Investigacion en Neurociencias y
Envejecimiento - GISAM"; $ 1.503.774.128 ; $ 300.620.000 ; $ 914.553.000 ; $ 589.221.128 ; $ 896.553.000 ; $ 6.000.000 ; $ 67.400.000 ; $ 6.000.000 ; $ 263.420.040 ; $ 6.000.000 ; $ 211.349.088 ; $ -   ; $ 17.100.000 ; $ -   ; $ 29.952.000 ;"Resultados de la etapa 1:
-	Informe modelo conceptual del Observatorio de salud mental, familia y convivencia social.
-	Modelo Conceptual
-	Revisión y análisis de categorías conceptuales
-	Documento de análisis descriptivo- interpretativo de las políticas públicas relacionadas con la Salud mental, familia y convivencia social, y las fuentes de información de observatorios
-	Estado actual de los observatorios
-	Informe modelo Metodológico del observatorio
-	Modelo Metodológico
-	Descripción del proceso del diseño de indicadores, fichas técnicas e instrumentos de recolección de datos, incluyendo los criterios de selección de los mismos.
-	Batería de indicadores y fichas técnicas de los mismos, construidas a partir de fuentes primarias y secundarias, acorde con el modelo conceptual y metodológico
-	Inventario de indicadores y fichas técnicas
-	Instructivos para el diligenciamiento de instrumentos de recolección de datos y fuentes primarias.
-	Instrumentos para la recolección de información de fuentes primarias.
-	Glosario de términos usados en los instrumentos de recolección, vinculado al aplicativo
-	Metodología para la aplicación de los instrumentos y para la recolección de información de fuentes primarias
-	Descripción del procedimiento de validación de los instrumentos de recolección de información
Resultados de la etapa 2:
-	Aplicativo Web/sistema de información desarrollado
-	Manuales y protocolos actualizados que incluyan los procedimientos para el cálculo de indicadores de fuentes primarias y de fuentes secundarias.
-	Informe de control de cambios
-	Plataforma actualizada en Producción
Resultados de la etapa 3:
-	Plan de capacitación de al menos 15 horas para usuarios técnicos y funcionales que hagan parte de los municipios y sus instituciones seleccionadas, como es el caso de secretarías de salud, secretaría de la mujer, entre otros. Incluye los procedimientos para el cálculo de indicadores de fuentes primarias y secundarias (captura de información, pre procesamiento de las respuestas de los instrumentos de fuentes primarias y base de datos de fuentes secundarias, creación de archivos JSON, cargue de base de datos con archivos JSON y cálculo del indicador).
-	Reporte del proceso de validación de los indicadores, de los instrumentos de recolección de información y evaluación de la usabilidad de la plataforma y la de metodología de aplicación de instrumentos y recolección de información con fuentes primarias, realizado mediante una prueba coordinación con los municipios seleccionadas
-	Informe de reporte del proceso de validación de los indicadores, de los instrumentos de recolección de información
-	Informe de evaluación de la usabilidad de la plataforma y la de metodología de aplicación de instrumentos y recolección de información con fuentes primarias, realizado mediante una prueba coordinación con los municipios seleccionadas
-	Informe consolidado con unificación de criterios de las jornadas de trabajo conjunto entre las universidades, las entidades gubernamentales y la sociedad civil.
-	Informe de resultados de la medición de indicadores de salud mental, familia y convivencia social, mediante el uso de analítica de datos con las respectivas recomendaciones y aprendizajes para su escalamiento, incluyendo el reporte de hallazgos en el proceso de aplicación de los instrumentos, recolección de información, procesamiento y análisis.
-	Matriz DOFA
-	Documento de recomendaciones para aprendizajes, uso y escalamiento de los instrumentos constitutivos del Observatorio
-	Reporte de hallazgos en el proceso de aplicación de los instrumentos, recolección de información, procesamiento y análisis
-	Texto de ponencias, certificado de participación en evento académico y presentación del texto a una revista científica";"- Seis artículos de investigación categorías A1, A2, B, C
- Tres libros de difusión / divulgación
- Una plataforma tecnológica
- Tres informes técnicos del avance del proyecto
- Se desarrollará un plan de formación orientado a los diferentes tipos de actores intervinientes en el observatorio, a desarrollarse en la tercera etapa metodológica
- Se desarrollaran cuatro talleres, conversatorios y foros que permitan la participación de todos los actores sociales involucrados en el proyecto.
- Se realizaran cuatro eventos científicos como foro, paneles y congreso.
- A través de las cuatro reuniones se presentaran los resultados a las entidades Municipales y Departamentales.
- Se desarrollara una cartilla para la divulgación sobre el
funcionamiento del observatorio.
- Los doce cursos estarán dirigidos a los municipios seleccionados en proyecto.
- Se desarrollará a través de mesas de trabajo donde se
establecerán diferentes temáticas relacionadas con el proyecto
- Se realizara la divulgación de resultados a través de tres (3) ponencias Nacionales y tres (3) Internaciones.
- Se desarrollará cinco cartillas y videos que permitan la divulgación y correcto desarrollo de los talleres.
- Realización de dos trabajos de grado en el nivel de pregrado, con la temática del proyecto.
- Realización de un trabajo de grado en el nivel de maestría, con la temática del proyecto.";59,62%;4,88%;8,17%;91,83%;17,92%;14,45%;1,14%;1,99%
2021;Propuesta de Investigación Convocatoria;No Avalada;901;CONVOCATORIA FOMENTO A LA INNOVACIÓN Y DESARROLLO TECNOLÓGICO EN LAS EMPRESAS– SENAINNOVA “POR LA REACTIVACIÓN DEL PAÍS” - Mecanismo 2;MinCiencias;Aliado;1- Scilicet S.A.S. (entidad ejecutora);N/A;12;"UDFJC:
- Propobos"; $ 229.999.997 ; $ -   ; $ 214.999.998 ; $ 14.999.999 ; $ 199.999.998 ; $ -   ; $ -   ; $ 15.000.000 ; $ 14.999.999 ; $ -   ; $ -   ; $ -   ; $ -   ; $ -   ; $ -   ;"- Sistema de medición y registro de variables dasométrica y topografías de una plantación forestal
- Ecuación de navegación local
- Ajuste del SDK a las variables requeridas
- Documento de operación y navegabilidad de la aeronave
- Documento soporte de curva de calibración
- Verificación del error del inventario forestal en condiciones analógicas y por medio de registro digital de información";"-  Artículo Categoría B - Articulo científico que de cuenta de la metodología y resultados obtenidos a partir del levantamiento de información disométrica utilizando el prototipo del desarrollo tecnológico en comparación con las metodologías tradicionales.
- Un Manual de operación del desarrollo tecnológico y metodologías de levantamiento de información
- Desarrollo de un prototipo de sistema LiDAR en UAV para el levantamiento de información dasométrica en plantaciones forestales comerciales validado mediante pruebas en entornos reales";86,96%;0,00%;0,00%;0,00%;13,04%;0,00%;0,00%;0,00%
2022;Propuesta de Investigación Convocatoria;Contrato firmado;917;Convocatoria Estancias con Próposito Empresarial;MinCiencias;Ejecutor;1- Sauco Technologies S.A.S.;N/A;12;GITEM+++; $ 57.000.000 ; $ 50.000.000 ; $ 50.000.000 ; $ 7.000.000 ; $ 50.000.000 ; $ -   ; $ -   ; $ -   ; $ 7.000.000 ; $ -   ; $ -   ; $ -   ; $ -   ; $ -   ; $ -   ;"- Establecer el Estado del Arte.
- Condensar la información recolectada
- Clasificar la información según los diferentes niveles de adopción CiFTI y elementos de transformación.
- Divulgación de los análisis de resultados. (Estudio de artículos por países, estudio de artículos por año, análisis de artículos por nivel de adopción de cada elemento de transformación, análisis de artículos por niveles de adopción, análisis de los aspectos y aplicaciones relevantes de las investigaciones que involucran los CiFTI, análisis de los artículos según su número citaciones y lecturas).";"- Informe técnico final y de avance de las actividades de CTeI desarrolladas por el Joven Investigador
- Un artículo de investigación en formato de revista indexada tipo publicable, que de cuenta de los resultados obtenidos en el marco del desarrollo de la pasantía.
- El Doctor deberá entregar un informe técnico final de las actividades de CTeI desarrolladas junto con los resultados obtenidos en articulación con el informe del joven investigador e innovador, acorde a la propuesta de la estancia presentada
- Un artículo de investigación en formato de revista indexada tipo publicable, que den cuenta de los resultados obtenidos en el marco del desarrollo de la pasantía";87,72%;0,00%;0,00%;0,00%;12,28%;0,00%;0,00%;0,00%
2021;Propuesta de Investigación Convocatoria;Desistio;903;CONVOCATORIA PARA EL APOYO A PROGRAMAS Y PROYECTOS DE I+D+i QUE CONTRIBUYAN A RESOLVER LOS DESAFÍOS ESTABLECIDOS EN LA MISIÓN “BIOECONOMÍA PARA UNA COLOMBIA POTENCIA VIVA Y DIVERSA HACIA UNA SOCIEDAD IMPULSADA POR EL CONOCIMIENTO” - Modalidad 1;MinCiencias;Ejecutor;"1- Corporación colombiana de investigación agropecuaria- AGROSAVIA
2- Infometrika S.A.
3- Universidad de Ciencias Aplicadas y Ambientales - UDCA
4- Universidad de Cundinamarca - UdeC";Desarrollo y validación de un prototipo de sensor electrofisiológico para medir estrés en plantas.;36;"Producción agrícola sostenible COL0004934
- Profasis COL0118049
- SISPROS COL0141586
- Gidenutas COL0088415 	
- Investigación en frutas del trópico COL0046139"; $ -   ; $ -   ; $ -   ; $ -   ; $ -   ; $ -   ; $ -   ; $ -   ; $ -   ; $ -   ; $ -   ; $ -   ; $ -   ; $ -   ; $ -   ;"Diseñar e implementar un sistema de electrodos que permitan la medición de los biopotenciales en una especie vegetal.
- Diseñar e implementar un sistema de acondicionamiento analógico de los biopotenciales de acuerdo con los requerimientos de rangos de voltajes y frecuencias asociadas a las plantas.
- Diseñar e implementar un sistema de adquisición y procesamiento digital para obtener datos sobre el estado de la planta de acuerdo con los requerimientos metrológicos de las señales de estudio.
- Instalar un experimento con el sensor electrofisiológico bajo cubierta protectora de la precipitación, con dos especies leñosas, arándano y aguacate, en condiciones ambientales diferentes.
- Medir el cambio en el potencial eléctrico generado por un estrés hídrico y un estrés salino en plantas de arándano y aguacate.
- Correlacionar los resultados electrofisiológicos con las condiciones ambientales del sitio, el estado sanitario y nutricional del cultivo, a fin de identificar con mayor precisión el efecto del estado hídrico de la planta a una expresión de estrés
- Instalar un experimento con el sensor electrofisiológico en condición de cultivo sobre dos especies leñosas, en condiciones ambientales diferentes.
- Someter las plantas a diferentes regímenes de riego y hacer seguimiento al cambio en el potencial eléctrico con el sensor electrofisiológico  
- Analizar la señal de cada sensor instalado y correlacionar los resultados electrofisiológicos con las condiciones ambientales del sitio, a fin de identificar la expresión de estrés. ";"Un juego de electrodos para medición de medición de los biopotenciales
- Un juego de electrodos para medición de medición de los biopotenciales
Sistema de acondicionamiento analógico para lectura de biopotenciales 
- Sistema de adquisición y procesamiento digital para medir biopotenciales en plantas
- Experimentos instalados 
- Señal medida como respuesta a las condiciones de humedad y salinidad en suelo o sustrato.
- Respuestas identificadas en magnitud y tendencia en dos plantas bajo condiciones de estrés hídrico y estrés salino
- Experimentos instalados sobre dos cultivos
- Señal medida como respuesta a las condiciones de humedad del suelo
- Respuestas identificadas en magnitud y tendencia en dos cultivos bajo condiciones de estrés hídrico";0,00%;0,00%;0,00%;0,00%;0,00%;0,00%;0,00%;0,00%
2021;Propuesta de Investigación Convocatoria;No Avalada;14;"CONVOCATORIA DE LA ASIGNACIÓN PARA LA CTEI DEL SGR PARA LA CONFORMACIÓN DE UN LISTADO DE PROPUESTAS DE PROYECTO ELEGIBLES DE INVESTIGACIÓN Y DESARROLLO PARA EL AVANCE DEL CONOCIMIENTO Y LA CREACIÓN - SGR
Mecanismo 1";MinCiencias;Ejecutor;"1- Universidad de Cartagena (aliado)
2- Universidad de Cordoba (aliado)";N/A;24;"UDFJC:
- Laboratorio de Investigación y desarrollo en Electrónica y Redes (LIDER)

UdeCartagena:
- GIMATICA (Grupo de Investigación en Tecnologías de las Comunicaciones e Informática)
- Centro Corciem

UdeCordoba:
- Education, Technology & Language - EduTLan"; $ 2.144.166.437 ; $ 1.032.452.929 ; $ 2.000.166.437 ; $ 144.000.000 ; $ 2.000.166.437 ; $ -   ; $ 24.000.000 ; $ -   ; $ 72.000.000 ; $ -   ; $ 48.000.000 ; $ -   ; $ -   ; $ -   ; $ -   ;"- Se consolidará un estado del arte de la situación de calamidad pública, su afectación directa al sistema de educación de la región caribe colombiana y las diferentes alternativas adoptadas para superarla, por medio de la construcción del modelo conceptual del proyecto.
- El trabajo realizado directamente con docentes dará como resultado un diagnóstico de las capacidades tecnológicas y pedagógicas que esta población tiene de cara al escenario de alternancia educativa. De allí resultará un plan de fortalecimiento metodológico que facilitará la preparación docente de las instituciones educativas. Así mismo, se garantizará la formación de los docentes que hacen parte de la muestra.
- El proyecto presentará un modelo base de adaptación de contenidos de aprendizaje orientado al esquema de alternancia educativa, lo cual constituye un insumo y avance vital en el afrontamiento de la emergencia sanitaria y su afectación al sistema educativo de la región.
- El trabajo realizado entorno al desarrollo de software dará como resultado un paquete instalable del mundo 3D con todos los contenidos educativos desarrollados y orientados hacia el modelo de alternancia educativa.
- El estudio comparativo de rendimiento académico en periodos previos y posteriores al inicio de la pandemia permitirá la verificación de las afectaciones que la emergencia ha traído sobre el sistema educativo de la región, así como también validará las potencialidades que el modelo de intervención propuesto tiene para el fortalecimiento del mismo. Esto podrá ser validado y consultado en un documento de acceso público.
- El proyecto entregará a la comunidad educativa de la región un programa de intervención pedagógica y tecnológica para el fortalecimiento de capacidades desarrollado, validado e implementado en la población muestra y con la documentación y orientaciones necesarias para su posterior implementación generalizada en todo el sistema educativo de la región.
- Perfil sociodemográfico y psicográfico de los estudiantes de educación virtual, identificando su perfil tecnológico, su historia de interacción con entornos virtuales y sus competencias de autorregulación.
- Evidencia, a partir de las actividades de investigación y la metodología descrita, de los componentes pedagógicos necesarios para la implementación del programa";"- Ocho Informes técnicos y financieros de ejecución presentados
- Seis Artículos científicos publicados
- Cientocincuenta Docentes formados en competencias TIC orientadas a procesos de educación básica y media
- Proyectos de grado en nivel de pregrado, maestría y doctorado vinculados: 2 Pregrado, 1 Maestria y 1 Doctorado
- Participación en dos eventos académicos internacionales para la difusión y retroalimentación de la comunidad científica respecto al desarrollo del proyecto
- Estudiantes vinculados al programa: 2 Pregrado, 1 Maestria y 1 Doctorado
- Una Patente registradas
- Un libro publicado
- Una Plataformas tecnológicas validadas
- Una Estrategias de intervención pedagógicas y tecnológicas validadas
- Dos proyectos de desarrollo tecnológico";93,28%;1,12%;0,00%;100,00%;3,36%;2,24%;0,00%;0,00%
2021;Propuesta de Investigación Convocatoria;Desistio;16;CONVOCATORIA DE LA ASIGNACIÓN PARA LA CTeI DEL SGR PARA LA APROPIACIÓN SOCIAL DEL CONOCIMIENTO EN EL MARCO DE LA CTeI Y VOCACIONES CIENTÍFICAS PARA LA CONSOLIDACIÓN DE UNA SOCIEDAD DEL CONOCIMIENTO DE LOS TERRITORIOS - Mecanismo 2;MinCiencias;Ejecutor;N/A;N/A;24;UDFJC: ; $ 732.600.712 ; $ 666.597.319 ; $ 666.597.319 ; $ 66.003.393 ; $ 666.597.319 ; $ -   ; $ 66.003.393 ; $ -   ; $ -   ; $ -   ; $ -   ; $ -   ; $ -   ; $ -   ; $ -   ;0;0;90,99%;9,01%;0,00%;100,00%;0,00%;0,00%;0,00%;0,00%
2021;Propuesta de Investigación Convocatoria;No Avalada;908;CONVOCATORIA “NUEVO CONOCIMIENTO, DESARROLLO TECNOLÓGICO E INNOVACIÓN PARA EL FORTALECIMIENTO DE LOS SECTORES DE TIC, POSTAL Y DE CONTENIDOS AUDIOVISUALES” - Modalidad 1;MinCiencias;Ejecutor;Secretaria Distrital de Gobierno Bogotá D.C. (Colaboradora) - SDG;N/A;18;"UDFJC:
- Laboratorio de Investigación y desarrollo en Electrónica y Redes (LIDER)

"; $ 625.277.980 ; $ 439.777.980 ; $ 495.777.980 ; $ 129.500.000 ; $ 495.777.980 ; $ -   ; $ 129.500.000 ; $ -   ; $ -   ; $ -   ; $ -   ; $ -   ; $ -   ; $ -   ; $ -   ;"Resultados objetivo específico 1:
· Documento de modelo conceptual
· Documento de modelo metodológico
· Artículo científico
Resultados objetivo específico 2:
· Aplicación de realidad virtual
· Artículo
· Participación en congreso
· Tesis de pregrado
Resultados objetivo específico 3:
- Contenidos audiovisuales
Resultados objetivo específico 4:
· Documento de pruebas y resultados
· Documento maestro de implementación de la metodología
· Documento de recomendaciones
· Informe de participación ciudadana en CTeI
- Participación en congreso
· Libro resultado de investigación
· Organización de evento";"- Un Artículo categoría A2
- Un Artículo categoría B
- Libro de difusión fase 4
- Software de realidad virtual
- Documento de pruebas y resutados 
- Modelo metodológico
- Modelo conceptual
- Informe de participación ciudadana en actividades de CTeI
- Cuatro ponencias fase 4
- Una ponencia fase 2
- Artículo de divulgación del estudiante de pregrado
- Contenidos audiovisulaes
- Organización de evento fase 4";79,29%;20,71%;0,00%;100,00%;0,00%;0,00%;0,00%;0,00%
2022;Propuesta de Investigación Convocatoria;Contrato firmado;917;Convocatoria Estancias con Próposito Empresarial;MinCiencias;Ejecutor;1- Sauco Technologies S.A.S.;N/A;12;grupo de compatibilidad e interferencia electromagnetica; $ 57.000.000 ; $ 50.000.000 ; $ 50.000.000 ; $ 7.000.000 ; $ 50.000.000 ; $ -   ; $ -   ; $ -   ; $ 7.000.000 ; $ -   ; $ -   ; $ -   ; $ -   ; $ -   ; $ -   ;0;"- Informe técnico final y de avance de las actividades de CTeI desarrolladas por el Joven Investigador
- Un artículo de investigación en formato de revista indexada tipo publicable, que de cuenta de los resultados obtenidos en el marco del desarrollo de la pasantía.
- El Doctor deberá entregar un informe técnico final de las actividades de CTeI desarrolladas junto con los resultados obtenidos en articulación con el informe del joven investigador e innovador, acorde a la propuesta de la estancia presentada
- Un artículo de investigación en formato de revista indexada tipo publicable, que den cuenta de los resultados obtenidos en el marco del desarrollo de la pasantía";87,72%;0,00%;0,00%;0,00%;12,28%;0,00%;0,00%;0,00%
2021;Propuesta de Investigación Convocatoria;No Avalada;908;CONVOCATORIA “NUEVO CONOCIMIENTO, DESARROLLO TECNOLÓGICO E INNOVACIÓN PARA EL FORTALECIMIENTO DE LOS SECTORES DE TIC, POSTAL Y DE CONTENIDOS AUDIOVISUALES” - Modalidad 1;MinCiencias;Co-ejecutor;"1- Corporación Universitaria Minuto de Dios - UniMinuto

2- Politécnico Grancolombiano - PG";N/A;18;"UDFJC:
- DIDACTEC

UniMinuto:
- Comunicación y construcción social
- Pensamiento Ético y Problemas Morales
Contemporáneos
- Centro de Educación para el Desarrollo -
CED

PG:
- Comunicacion Estrategica y Creativa CEC"; $ 473.845.416 ; $ -   ; $ 356.095.829 ; $ 117.749.587 ; $ 356.095.829 ; $ -   ; $ 12.489.887 ; $ -   ; $ 100.978.700 ; $ -   ; $ 4.281.000 ; $ -   ; $ -   ; $ -   ; $ -   ;"- Un informe interactivo accesible apoyado en realidad aumentada que da cuenta de la ruta metodológica transmedia que incluye universos narrativos y ecosistemas mediáticos interactivos (Videos, paginas web, redes sociales, piezas gráficas, memes, podcast, streaming, programas de radio, blogs, etc.) como resultado de un trabajo de co-creación con la población de interés.
- Conformación de por lo menos dos semilleros interinstitucionales de jóvenes investigadores.
- Dos trabajos de grado - pregrado - Un trabajo de grado - maestría.
- Dos artículos como resultado del proyecto de investigación.
- Un libro como resultado del proyecto de investigación.
- Repositorio digital que da cuenta de los procesos de investigación del proyecto.
- Informe de investigación.
- Evento público gratuito a través de internet para la socialización de la ruta metodológica transmedia.";"- Un Artículos categoría A1
- Artículos categoría B
- Libros categoría A1
- Informe sobre eventos (hackatones y otros) en donde se ha aplicado a rutas metodologías transmedia inspiradas en la gamificación
- Estrategía pedagógica: La formación se centra en el reconocimiento de estrategias metodológicas y didácticas basadas en: Solución de problemas con transmedia, Gamificación, Pensamiento de diseño, Aprender haciendo
- ";75,15%;2,64%;0,00%;100,00%;21,31%;0,90%;0,00%;0,00%
2019;Propuesta de Investigación Convocatoria;Contrato firmado;836;CONVOCATORIA DE MOVILIDAD ACADÉMICA CON EUROPA - ALEMANIA;MinCiencias;Ejecutor;1- Universidad Nacional de Colombia;N/A;28;"UDFJC:
- Grupo de Instrumentación Cientifica & Didáctica"; $ 103.750.375 ; $ 32.000.000 ; $ 32.690.000 ; $ 71.060.375 ; $ 32.000.000 ; $ 430.000 ; $ 43.308.311 ; $ 260.000 ; $ 27.752.064 ; $ -   ; $ -   ; $ -   ; $ -   ; $ -   ; $ -   ;"-Diseño de nuevos nanosensores con sensibilidad mejorada mediante modelización y simulación
- Realización de nanosensores multicapa mediante litografía de nanosfera
- Caracterización completa de los nanosensores también en lo que se refiere a la sensibilidad
- Validación por ensayo de modelo bioanalítico";"- Dos (2) artículos categoría A1
- Informes técnicos
- Protótipo Industrial 
- Asistencia a dos (2) eventos científicos internacionales
- Vinculación de cuatro (4) estudiantes de pregrado (UD-UN)
- Vinculación un (1) estudiante de doctorado (UD-UN)";30,84%;42,16%;0,98%;99,02%;27,00%;0,00%;0,00%;0,00%
2021;Propuesta de Investigación Convocatoria;No Avalada;N/A;CONVOCATORIA TRAMPOLIN “T-AmSud”;Embajada de Francia en Colombia;Ejecutor;Universidade Estadual Paulista Julio de Mesquita Filho (Brasil);N/A;0;"UDFJC:
Enseñanza y Aprendizaje de la Física

UEPJMF:
Pesquisa em Ensino de Ciencias"; $ 5.675.900 ; $ 5.675.900 ; $ 5.675.900 ; $ -   ; $ 5.675.900 ; $ -   ; $ -   ; $ -   ; $ -   ; $ -   ; $ -   ; $ -   ; $ -   ; $ -   ; $ -   ;"Diseño del proyecto de investigación propuesto ""Tipologías de Tecnologías de la información y la Comunicación para la formación de profesores de Ciencias Naturales"" por la investigadora Olga Lucía Castiblanco, entre los grupos de investigación de la Universidade Estadual Paulista Julio de Mesquita Filho (Brasil) y la Universidad Distrital Francisco José de Caldas";0;100,00%;0,00%;0,00%;0,00%;0,00%;0,00%;0,00%;0,00%
2022;Propuesta de Investigación Convocatoria;Contrato firmado;30;CONVOCATORIA DE LA ASIGNACIÓN PARA LA CTEI DEL SGR PARA LA CONFORMACIÓN DE UN LISTADO DE PROYECTOS ELEGIBLES PARA EL FORTALECIMIENTO DE LAS CAPACIDADES DE INNOVACIÓN EN EL SECTOR EMPRESARIAL Y EL DESARROLLO Y TRANSFERENCIA DE TECNOLOGÍA CON ENFOQUE REGIONAL (Mecanismo 1);MinCiencias;Co-ejecutor;"1. UP Holding S.A.S (Ejecutor)
2. Cámara de Comerciantes LGTB de Colombia (aliado)
3. Red comunitaria Trans (aliado)
4. Bogotá Distrito Capital - Secretaria de Integración Social (aliado)
5. Municipio de Barrancabermeja (aliado)
6. Sector productivo de los departamentos de Boyacá, Cundinamarca, Santander y Bogotá (beneficiario)
7. Comunidades LGBT (beneficiario)
8. Mujeres empresarias de la región (beneficiario)";N/A;18;"UDFJC:
- GICOGE"; $ 8.426.449.146 ; $ -   ; $ 8.212.449.146 ; $ 214.000.000 ; $ 8.212.449.146 ; $ -   ; $ 40.000.000 ; $ -   ; $ 140.000.000 ; $ -   ; $ 17.000.000 ; $ -   ; $ 17.000.000 ; $ -   ; $ -   ;"- (19) eventos de reconocimiento y casos de éxito basados en innovación en (4) Departamentos
- (772) personas beneficiadas
- (12) talleres para la promoción y difusión de mentalidad innovadora en (4) Departamentos
- (464) beneficiados en talleres.
- (429) personas formadas en innovación empresarial entre: 
(232) empresas del de los sectores priorizados en los departamentos participantes 
(93) facilitadores con habilidades para innovar en los departamentos beneficiados.
(93) personas que pertenecen a las empresas. 
(232) perfiles de proyecto de innovación.
- (232) empresas acompañadas en la aceleración de prototipado 
- (139) Perfiles de proyecto acompañados en su formulación
-(139) empresas participantes en la convocatoria  
- (23) proyectos seleccionados y viabilizados para su financiación e implementación";"Cursos especializados para mejorar competencias de desarrollo tecnológico e innovación a nivel industrial
- Veintitres (23) Proyectos financiados para el desarrollo tecnológico y la innovación";97,46%;0,47%;0,00%;100,00%;1,66%;0,20%;0,20%;0,00%
2021;Propuesta de Investigación Alianza Convenio;Desistio;N/A;N/A;Universidad Pontificia Javeriana - PUJ;Aliado;Universidad Pontificia Javeriana - PUJ;N/A;18;"UDFJC:
- Grupo de Instrumentación Científica & Didáctica

PUJ:
- Grupo de Física Médica"; $ -   ; $ -   ; $ -   ; $ -   ; $ -   ; $ -   ; $ -   ; $ -   ; $ -   ; $ -   ; $ -   ; $ -   ; $ -   ; $ -   ; $ -   ;"- Dos trabajos de pregrado de estudiantes de la Licenciatura en Física de la Universidad Distrital, los cuales trabajaran en el Marco del convenio de cooperación con dicha universidad.
- Dos trabajos de grado de Maestría en Física Médica de la Pontificia Universidad Javeriana (estudiantes por reclutar).
- Al menos un artículo de investigación sometido a una revista internacional indexada Q1.
- Participación en un evento internacional de investigación (dado que consigamos la financiación para este fin)
- Otra propuesta de investigación para expandir los alcances de esta línea de investigación";0;0,00%;0,00%;0,00%;0,00%;0,00%;0,00%;0,00%;0,00%
2022;Propuesta de Investigación Convocatoria;Contrato firmado;30;CONVOCATORIA DE LA ASIGNACIÓN PARA LA CTEI DEL SGR PARA LA CONFORMACIÓN DE UN LISTADO DE PROYECTOS ELEGIBLES PARA EL FORTALECIMIENTO DE LAS CAPACIDADES DE INNOVACIÓN EN EL SECTOR EMPRESARIAL Y EL DESARROLLO Y TRANSFERENCIA DE TECNOLOGÍA CON ENFOQUE REGIONAL (Mecanismo 2);MinCiencias;Ejecutor;"1. ICONTEC
2. TECNALIA
3. NEPTURA ZOOMAC
4. NODRIZA
5, ASOPATÍA";N/A;24;"UDFJC:
- Laboratorio de automatizacion sistemas embebidos y robotica: LASER"; $ 6.528.618.115 ; $ -   ; $ 6.400.605.995 ; $ 128.012.120 ; $ 6.400.605.995 ; $ -   ; $ 64.006.060 ; $ -   ; $ 19.201.818 ; $ -   ; $ 38.403.636 ; $ -   ; $ 6.400.606 ; $ -   ; $ -   ;"Desarrollo y validación comercial de plataforma de descarbonización para la protección y conservación de
cuencas de agua y suelos , con plataforma blockchain para la creación de mercado temprano de carbono
1 modelo de transferencia tecnológica e innovación para la validación, experimentos, prueba de concepto y
lanzamiento con adoptadores tempranos.
Laboratorio Tecnológico dotado con tecnologías emergentes 4.0
Contenidos audiovisuales digitales de calidad y con contexto
Adquisición de competencias tecnológicas en el sector agroforestal y productivo regional
Fortalecimiento de capacidades CTeI en la región
Producto de nuevo conocimiento (publicación) con los resultados de las experiencias del proyecto
- Ocho informes de gestión";"- Un laboratorio dotado
- Un modelo de transferencia tecnológica e innovación, el prototipo de la plataforma de innovación educativa validado con aplicaciones a los sectores productivos y educativos, para la apropiación de la CTeI y de bioeconomía
- Un artículo científico derivado del proceso de innovación y desarrollo tecnológico.";98,04%;0,98%;0,00%;100,00%;0,29%;0,59%;0,10%;0,00%
2021;Propuesta de Investigación Convocatoria;No Avalada;17;CONVOCATORIA DE LA ASIGNACIÓN PARA LA CTEI DEL SGR PARA LA CONFORMACIÓN DE UN LISTADO DE PROPUESTAS DE PROYECTO ELEGIBLES PARA EL FORTALECIMIENTO DEL SISTEMA TERRITORIAL DE CIENCIA TECNOLOGÍA e INNOVACIÓN;MinCiencias;Aliado;"1- Gobernación del Casanare (proponente) - GdeCasanare
2- Corporación Universitaria Remington (aliado) - CUR
3- Universidad de los Llanos (aliado) - UdeLl";N/A;24;"UDFJC:
- Laboratorio de Investigación y desarrollo en
Electrónica y Redes (LIDER)

UdeL:
- GESI

CUR:
- Mundo Organizacional
- Grupo de Investigación en Salud Familiar y
Comunitaria
- Grupo de Investigacion en Neurociencias y
Envejecimiento - GISAM"; $ 2.617.399.934 ; $ 450.226.116 ; $ 2.092.682.546 ; $ 524.717.388 ; $ 2.092.682.546 ; $ -   ; $ 56.600.000 ; $ -   ; $ 88.227.436 ; $ -   ; $ 140.899.392 ; $ -   ; $ 238.990.560 ; $ -   ; $ -   ;"RESULTADOS ESPERADOS:
Resultados de la etapa 1:
- Informe modelo conceptual del Observatorio de salud mental, familia y convivencia social.
- Modelo Conceptual
- Revisión y análisis de categorías conceptuales
- Documento de análisis descriptivo- interpretativo de las políticas públicas relacionadas con la Salud mental, familia y convivencia social, y las fuentes de información de observatorios
- Estado actual de los observatorios
- Informe modelo Metodológico del observatorio
- Modelo Metodológico
- Descripción del proceso del diseño de indicadores, fichas técnicas e instrumentos de recolección de datos, incluyendo los criterios de selección de los mismos.
- Batería de indicadores y fichas técnicas de los mismos, construidas a partir de fuentes primarias y secundarias, acorde con el modelo conceptual y metodológico
- Inventario de indicadores y fichas técnicas
- Instructivos para el diligenciamiento de instrumentos de recolección de datos y fuentes primarias.
- Instrumentos para la recolección de información de fuentes primarias.
- Glosario de términos usados en los instrumentos de recolección, vinculado al aplicativo
- Metodología para la aplicación de los instrumentos y para la recolección de información de fuentes primarias
- Descripción del procedimiento de validación de los instrumentos de recolección de información

Resultados de la etapa 2:
- Aplicativo Web/sistema de información desarrollado
- Manuales y protocolos actualizados que incluyan los procedimientos para el cálculo de indicadores de fuentes primarias y de fuentes secundarias.
- Informe de control de cambios
- Plataforma actualizada en Producción

Resultados de la etapa 3
- Plan de capacitación de al menos 15 horas para usuarios técnicos y funcionales que hagan parte de los municipios y sus instituciones seleccionadas, como es el caso de secretarías de salud, secretaría de la mujer, entre otros. Incluye los procedimientos para el cálculo de indicadores de fuentes primarias y secundarias (captura de información, pre procesamiento de las respuestas de los instrumentos de fuentes primarias y base de datos de fuentes secundarias, creación de archivos JSON, cargue de base de datos con archivos JSON y cálculo del indicador).
- Reporte del proceso de validación de los indicadores, de los instrumentos de recolección de información y evaluación de la usabilidad de la plataforma y la de metodología de aplicación de instrumentos y recolección de información con fuentes primarias, realizado mediante una prueba coordinación con los municipios seleccionadas
- Informe de reporte del proceso de validación de los indicadores, de los instrumentos de recolección de información
- Informe de evaluación de la usabilidad de la plataforma y la de metodología de aplicación de instrumentos y recolección de información con fuentes primarias, realizado mediante una prueba coordinación con los municipios seleccionadas
- Informe consolidado con unificación de criterios de las jornadas de trabajo conjunto entre las universidades, las entidades gubernamentales y la sociedad civil.
- Informe de resultados de la medición de indicadores de salud mental, familia y convivencia social, mediante el uso de analítica de datos con las respectivas recomendaciones y aprendizajes para su escalamiento, incluyendo el reporte de hallazgos en el proceso de aplicación de los instrumentos, recolección de información, procesamiento y análisis.
- Matriz DOFA
- Documento de recomendaciones para aprendizajes, uso y escalamiento de los instrumentos constitutivos del Observatorio
- Reporte de hallazgos en el proceso de aplicación de los instrumentos, recolección de información, procesamiento y análisis
- Texto de ponencias, certificado de participación en evento académico y presentación del texto a una revista científica";"Ocho informes de supervisión del proyecto
- Una Plataformas tecnológicas para el desarrollo de actividades de CTeI entregadas
- Estrategias de comunicación con enfoque en ciencia, tecnología y sociedad implementadas
- Contenidos multiformato con enfoque en divulgación y difusión de la ciencia producidos
- Un Artículos publicados en revistas indizadas nacionales e internacionales
- Estrategias de socialización y comunicación del conocimiento desarrolladas e implementadas
- Estrategias de las tecnologías de la información y las comunicaciones para el desarrollo de investigación y desarrollo experimental apoyadas
- Ocho Documentos de lineamientos técnicos realizados
- Un Sistemas de información implementados
- Un Artículos publicados en revistas indexadas nacionales e internacionales
- Un Artículos de investigación A1, A2, B y C sobre total de producción de productos resultado de generación de 1nuevo conocimiento.
- Libros y/o capítulos de libros resultados de investigación
- Un Trabajos de grado de maestría con reconocimiento
- Un Doctores vinculados
- Cursos sobre métodos y técnicas de investigación especializados y avanzados
- Plataformas disponibles para la articulación
- Consultorías e informes técnicos finales reconocidos
- Plataforma tecnológica desarrollada
- Actividades de difusión de nuevas tecnologías o innovaciones realizadas.
- Hojas de ruta tecnológicas desarrolladas
- Documentos de planeación de CTeI elaborados";79,95%;2,16%;0,00%;100,00%;3,37%;5,38%;9,13%;0,00%
2021;Propuesta de Investigación Alianza Convenio;Desistio;N/A;N/A;"CODENSA S.A.- E.S.P
EMGESA S.A. - E.S.P";Aliado;"CODENSA S.A.- E.S.P
EMGESA S.A. - E.S.P";N/A;60;Grupo , Electromagnetic Compatibility and Interference Group – GCEM; $ -   ; $ -   ; $ -   ; $ -   ; $ -   ; $ -   ; $ -   ; $ -   ; $ -   ; $ -   ; $ -   ; $ -   ; $ -   ; $ -   ; $ -   ;0;0;0,00%;0,00%;0,00%;0,00%;0,00%;0,00%;0,00%;0,00%
2021;Propuesta de Investigación Alianza Convenio;Desistio;N/A;N/A;Unidad Administrativa Especial de Catastro Distrital - IDECA;Aliado;Unidad Administrativa Especial de Catastro Distrital - IDECA;N/A;24;"UDFJC:
Grupo de investigación - Núcleo de Investigación en Datos Espaciales (NIDE)"; $ -   ; $ -   ; $ -   ; $ -   ; $ -   ; $ -   ; $ -   ; $ -   ; $ -   ; $ -   ; $ -   ; $ -   ; $ -   ; $ -   ; $ -   ;0;0;0,00%;0,00%;0,00%;0,00%;0,00%;0,00%;0,00%;0,00%
2021;Propuesta de Investigación Alianza Convenio;Desistio;N/A;N/A;Auditoria General De La Republica;Aliado;Auditoria General De La Republica;N/A;36;N/A; $ -   ; $ -   ; $ -   ; $ -   ; $ -   ; $ -   ; $ -   ; $ -   ; $ -   ; $ -   ; $ -   ; $ -   ; $ -   ; $ -   ; $ -   ;0;0;0,00%;0,00%;0,00%;0,00%;0,00%;0,00%;0,00%;0,00%
2021;Propuesta de Investigación Alianza Convenio;Desistio;N/A;N/A;BEL STAR S.A.;Aliado;BEL STAR S.A.;N/A;60;N/A; $ -   ; $ -   ; $ -   ; $ -   ; $ -   ; $ -   ; $ -   ; $ -   ; $ -   ; $ -   ; $ -   ; $ -   ; $ -   ; $ -   ; $ -   ;0;0;0,00%;0,00%;0,00%;0,00%;0,00%;0,00%;0,00%;0,00%
2021;Propuesta de Investigación Alianza Convenio;Desistio;N/A;N/A;Instituto de Investigación de Recursos Biológicos Alexander von Humboldt ;Aliado;Instituto de Investigación de Recursos Biológicos Alexander von Humboldt ;N/A;60;N/A; $ -   ; $ -   ; $ -   ; $ -   ; $ -   ; $ -   ; $ -   ; $ -   ; $ -   ; $ -   ; $ -   ; $ -   ; $ -   ; $ -   ; $ -   ;0;0;0,00%;0,00%;0,00%;0,00%;0,00%;0,00%;0,00%;0,00%
2021;Propuesta de Investigación Alianza Convenio;Desistio;N/A;N/A;MinCiencias;Aliado;Ministerio de Ciencia, Tecnología e Innovación - MinCiencias;N/A;48;N/A; $ -   ; $ -   ; $ -   ; $ -   ; $ -   ; $ -   ; $ -   ; $ -   ; $ -   ; $ -   ; $ -   ; $ -   ; $ -   ; $ -   ; $ -   ;0;0;0,00%;0,00%;0,00%;0,00%;0,00%;0,00%;0,00%;0,00%
2021;Propuesta de Investigación Alianza Convenio;Desistio;N/A;N/A;Universidad Antonio Nariño - UAN;Aliado;Universidad Antonio Nariño - UAN;N/A;12;"N/A
"; $ -   ; $ -   ; $ -   ; $ -   ; $ -   ; $ -   ; $ -   ; $ -   ; $ -   ; $ -   ; $ -   ; $ -   ; $ -   ; $ -   ; $ -   ;0;0;0,00%;0,00%;0,00%;0,00%;0,00%;0,00%;0,00%;0,00%
2021;Propuesta de Investigación Convocatoria;No Avalada;18;CONVOCATORIA DE LA ASIGNACIÓN PARA LA CTeI-AMBIENTAL DEL SGR PARA LA CONFORMACIÓN DE UN LISTADO DE PROPUESTAS DE PROYECTO ELEGIBLES DE INVESTIGACIÓN, DESARROLLO E INNOVACIÓN PARA EL AMBIENTE Y EL DESARROLLO SOSTENIBLE DEL PAÍS - Mecanismo 1;MinCiencias;Ejecutor;"Universidad de Cundinamarca UdeC - Aliado

- Departamento de Cundinamarca - Aliado

- Producciones agropecuarias familiares de los municipios de Fusagasugá, Silvania, Arbeláez, Tibacuy y Granada - Beneficiario";N/A;36;"UDFJC:
- LÍDER

UdeC:
- ARADO
- ÁREA VERDE"; $ 2.184.826.898 ; $ 810.287.856 ; $ 1.534.100.568 ; $ 650.726.330 ; $ 1.534.100.568 ; $ -   ; $ 225.705.028 ; $ -   ; $ 425.021.302 ; $ -   ; $ -   ; $ -   ; $ -   ; $ -   ; $ -   ;"- Selección de fincas y encuestas aplicadas
- Tipificación de producciones agropecuarias
- Determinación de zonas de riesgo ambiental (erosión, remoción en masa)
- Determinación de puntos que puedan servir como referentes para la creación de una ruta como corredor biológico.
- Obtención de muestras de agua
- Identificar diferencias significativas y determinar la calidad del agua.
- Obtención de muestras de suelo
- Identificar diferencias significativas y determinar la calidad del suelo.
- Obtención de muestras vegetales en prensa
- Resultados de variables relacionadas a calidad del suelo
- Obtención de grupos funcionales de insectos asociados a cultivos y arvenses.
- Información de saberes tradicionales
- Información sobre el rol de la mujer rural.
- Estructura para el almacenamiento de los datos centralizado.
- Producto funcional que consulte datos iniciales en el sitio web y de la misma manera permite cargar datos.
- Plataforma tecnológica alimentada con insumos documentados
- Plataforma tecnológica verificada a nivel técnico especializado
- Actualización de la plataforma tecnológica
- Jornadas de socialización
- Capacitación en manejo de residuos orgánicos. Preparación de compostaje.
- Instalación de materiales de apoyo, tanques de agua y paneles solares, para contribuir a dar un mejor manejo al recurso agua.
- Reconocimiento del rol y saberes ancestrales de la mujer rural
- Documentación audiovisual del desarrollo del proyecto
- Veinte fincas beneficiadas
- Veinte empleos generados
- Dos inserciones de nuevo capital humano";"- Doce (12) Informes técnicos del proyecto presentados
- Treinta y seis (36) Informes financieros del proyecto presentados
- Tres (3) artículos de investigación
- Una Ruta de corredor biológico
- Cuatro Documento de lineamientos técnicos
- Un Paquete Tecnológicos probados e Implementados
- Nueve Jornadas de socialización y capacitación
- Tres Paneles realizados con grupos de expertos
- Cuarenta Infraestructura para la investigación dotada (Hace referencia a 20 tanques de almacenamiento de agua y 20 paneles)
- Una jornada con mujeres
- Una Estrategia de comunicación diseñadas";70,22%;10,33%;0,00%;100,00%;19,45%;0,00%;0,00%;0,00%
2019;Propuesta de Investigación Convocatoria;Contrato firmado;852;CONVOCATORIA CONECTANDO CONOCIMIENTO 2019;MinCiencias;Co-ejecutor;"1- Universidad Nacional de Colombia UNAL (Ejecutor)

2- Universidad Antonio Nariño UAN (co-ejecutora)

3- Universidad Industrial de Santander UIS (co-ejecutora)";"Programa de Investigación en Tecnologías Emergentes para Microrredes Eléctricas Inteligentes con Alta Penetración
de Energías Renovables";36;"UDFJC:
- Laboratorio de Investigación en Fuentes Alternativas de Energía (LIFAE)
- Grupo de Compatibilidad e Interferencia Electromagnética GCEM

UNAL:
- Grupo de Investigación EMC-UN
- PROGRAMA DE INVESTIGACION SOBRE ADQUISICION Y ANALISIS DE SEÑALES PAAS-UN

UAN:
- Grupo de Investigación en Bioinstrumentación y Control - GIBIO

UIS:
- Grupo de Investigación en Sistemas de Energía Eléctrica (GISEL)"; $ 3.270.150.056 ; $ -   ; $ 1.363.740.772 ; $ 1.906.409.284 ; $ 1.292.191.546 ; $ 11.924.871 ; $ 222.350.784 ; $ 23.849.742 ; $ 293.545.600 ; $ 11.924.871 ; $ 165.852.900 ; $ 23.849.742 ; $ 1.224.660.000 ; $ -   ; $ -   ;"- Modelo de simulación y experimentación de un sistema de distribución basado en el IEEE feeder de 34 nodos con múltiples microrredes acopladas para la integración de energías renovables, particularmente fuentes fotovoltaicas.
- Documentación sobre el sistema de distribución tipo Benchmark
- Desarrollo de algoritmos alternativos de control para sistemas FV multifuncionales conectados a la red con capacidades LVRT.
- Caracterización del comportamiento de sistemas de distribución ante la alta penetración de energías renovables e incorporación de sistemas fotovoltaicos multifuncionales.
- Desarrollo de competencias en la apropiación de tecnologías de
generación de energía eléctrica a partir de fuentes renovables.
Documentación sobre la metodología empleada y los resultados
obtenidos.
- Construcción de un prototipo experimental de un sistema fotovoltaico multifuncional.
- Plataforma experimental que emula la operación de múltiples
microrredes aisladas gestionadas desde la nube para la integración de fuentes de energía renovables.
- Desarrollo de competencias en las plataformas de microrredes operadas desde la nube y el control transactivo
- Algoritmos de optimización y control de múltiples microrredes acopladas a un sistema de distribución para la integración de energías renovables.
- Prototipo de experimentación de varios inversores y la microrred DC del PAASUN con el emulador HIL del sistema de distribución
- Consolidación de conocimientos sobre tecnologías emergentes de múltiples microrredes para la gestión óptima y robusta de la energía y la integración de sistemas fotovoltaicos multifuncionales
- Formación de recurso humano con capacidad investigativa en el campo de las nuevas tecnologías de generación y conversión de la energía eléctrica.
- Libro de divulgación sobre las tecnologías emergentes en microrredes";"- Formación culminada de ocho (8) estudiantes de pregrado del proyecto.
- Vinculación de (6) jóvenes investigadores al proyecto
- Vinculación de un estudiante de doctorado
- Vinculación de un estudiante de maestria
- Formación de (7) estudiantes de maestría
- Formación de (3) estudiantes de doctorado 
- 8 ponencia en un evento científico internacional
- 6 ponencia en evento científico nacional
- 1 Organización de un workshop para presentar los resultados del Programa
- (7) artículos originales en revistas indexadas categorías A1 o A2
- (4) artículos originales en revistas indexadas categorías B o C o superiores
- (1) Libro de investigación";39,51%;7,16%;5,09%;94,91%;9,71%;5,44%;38,18%;0,00%
2021;Propuesta de Investigación Convocatoria;No Avalada;N/A;Invitación a presentar “Propuesta de evaluación y rediseño de la política de reconocimiento de actores del Sistema Nacional de Ciencia, Tecnología e Innovación 2021”;MinCiencias;Ejecutor;N/A;N/A;8;"UDFJC:
- INTERCITEC
- GIIRA
- GICOGE
- LIDER"; $ 450.000.000 ; $ 450.000.000 ; $ 450.000.000 ; $ -   ; $ 450.000.000 ; $ -   ; $ -   ; $ -   ; $ -   ; $ -   ; $ -   ; $ -   ; $ -   ; $ -   ; $ -   ;"Obtención de una base referencial de carácter conceptual y teórica sobre la cual sustentar el estudio.
Consolidación de una batería de variables e indicadores para el proyecto.
- Definición de metodologías y métodos a utilizar.
- Diseño de instrumentos de recolección de información.
- Formulación de la metodología del plan operativo de trabajo en campo.
- Gestión administrativa y financiera durante la fase 1 del proyecto.
- Realización de búsqueda conceptual detallada en bases de datos especializadas.
- Generación de un análisis conceptual sobre el rol que cumple los diferentes tipos de actores en los Sistemas Nacionales de Ciencia, Tecnología e Innovación.
- Realización de análisis comparativo que permita dictaminar el estado actual políticas internacionales de actores del Sistema Nacional de Ciencia, Tecnología e Innovación.
- Revisión y análisis de informes técnicos contratados por Minciencias, para generar una base de conocimiento acerca de las metodologías utilizadas en el proceso de diseño de la política para el reconocimiento de actores y su implementación.
- Entendimiento del documento de Actores del SNCTI para la comprensión de su alcance.
- Comprensión del documento de Actores del SNCTI con las políticas y estrategias similares generadas a nivel internacional para la identificación de puntos de encuentro e identificación de estándares aplicados a nivel internacional.
- Conocimiento y entendimiento de los criterios que Minciencias ha utilizado en el proceso de evaluación para el reconocimiento de actores.
- Actualización de información sobre actores reconocidos y no reconocidos.
- Formulación de un concepto acerca de la posibilidad de extender el modelo de reconocimiento a actores que aplican a recursos del Fondo de CTeI del SGR.
- Levantamiento de información de pros, contras, ventajas y desventajas de la política de reconocimiento de actores vista desde la óptica de actores reconocidos y no reconocidos.
- Entendimiento del panorama general de la percepción que tienen los actores reconocidos y no reconocidos acerca del modelo.
- Identificación y análisis de los procedimientos de los actores reconocidos.
- Comparación de los procedimiento con las buenas prácticas de carácter nacional (Cesu) o internacional.
- Conocimiento y entendimiento de las falencias del modelo de reconocimiento de actores.
- Aporte propositivo al escenario de soluciones de las falencias de la implementación de la política de reconocimiento de actores.
- Aporte a el escenario de inclusión y diversificación de actores que conforman el SNCTI.
- Generación de propuesta preliminar de mejora de la política de reconocimiento.
- Identificación y conocimiento de líneas de acción planteadas los avances logrados y los medios utilizados en la política de reconocimiento de actores.
- Comprensión de las dificultades que ha tenido la implementación de la política y sus efectos secundarios.
- Verificación y conocimiento de la herramienta informática.
- Aporte al escenario de rediseño y mejora de la política de reconocimiento.
- Socialización de propuesta al Viceministro de Conocimiento, Innovación y Productividad, Directores, Gestores y Asesores
- Aporte al escenario de propuesta para el mejoramiento y rediseño de la política de reconocimiento de actores del SNCTI.
- Socialización de la propuesta en Comité Viceministerial y Ministerial.
- Socialización y retroalimentación de propuesta de mejora de procedimientos y de la política hacia actores y expertos externos.
- Socialización de la propuesta ajustada en Comité Viceministerial y Ministerial.
- Ejecución de la consulta pública de la nueva propuesta de política de reconocimiento de actores del SNCTI.
- Aporte integral al escenario de ajuste a la política de reconocimiento de actores, incluyendo la homologación de actores por otras instancias públicas y privadas.
- Realización de la nueva resolución.";"1. Documento del diseño metodológico o ruta metodológica, las actividades por realizar, los recursos técnicos y tecnológicos empleados, las herramientas para la gestión de la información.
2. Informe de análisis de tendencias y referentes conceptuales nacionales e internacionales actuales, así como las acciones ejecutadas en el marco de la primera formulación de la política.
3. Informe sobre la revisión y análisis de la coherencia y pertinencia de la conceptualización de la política de actores con relación a referentes nacionales e internacionales.
4. Informe de la revisión y análisis de los criterios establecidos para la clasificación y reconocimiento de los distintos tipos de actores y comparación de su coherencia con lo establecido en referentes nacionales e internacionales.
5. Informe de la revisión y análisis de la verificación del avance de las líneas de acción, los logros alcanzados, los medios utilizados, las dificultades de la gestión para la implementación, así como los efectos secundarios generados de la puesta en marcha de la política para el reconocimiento de actores. Incluye revisión de la eficacia de la herramienta informática utilizada en el proceso y documento de las recomendaciones tanto para el rediseño o mejora de la política de reconocimiento y/o el proceso de acreditación, incluyendo los principios para la nueva propuesta.
6. Informe de la formulación, recomendaciones y del informe final tanto para el rediseño de la política de reconocimiento de actores como para la mejora de los criterios y procedimientos. Incluye el diseño de la línea de base teniendo en cuenta la información analizada para la nueva propuesta de reconocimiento y acreditación de actores del Sistema Nacional de Ciencia, Tecnología e Innovación.";100,00%;0,00%;0,00%;0,00%;0,00%;0,00%;0,00%;0,00%
2021;Propuesta de Investigación Convocatoria;No Avalada;18;CONVOCATORIA DE LA ASIGNACIÓN PARA LA CTeI-AMBIENTAL DEL SGR PARA LA CONFORMACIÓN DE UN LISTADO DE PROPUESTAS DE PROYECTO ELEGIBLES DE INVESTIGACIÓN, DESARROLLO E INNOVACIÓN PARA EL AMBIENTE Y EL DESARROLLO SOSTENIBLE DEL PAÍS - Mecanismo 2;MinCiencias;Ejecutor;"1. Centro de Desarrollo Industrital - CENDI
2. TECSOL
3. SOLERSA ";N/A;48;"UDFJC:
Grupo de Investigación en Energías Alternativas de la Universidad Distrital. GIEAUD"; $ 4.668.142.002 ; $ -   ; $ 3.950.054.002 ; $ 718.088.000 ; $ 3.950.054.002 ; $ -   ; $ 593.088.000 ; $ -   ; $ 72.000.000 ; $ -   ; $ 48.000.000 ; $ -   ; $ 5.000.000 ; $ -   ; $ -   ;"- Base de datos de información recopilada.
- Software técnico y/o herramienta de visualización funcional.
- Informe técnico y financiero del proyecto presentados.
- Métrica de consolidación de indicadores.
- Herramienta de cálculo de indicadores establecidos.
- Informe técnico que presenten tecnologías a usar, montaje, infraestructura e indicadores de funcionamiento.
- Informe técnico que presenten tecnologías a usar, montaje, infraestructura e indicadores de funcionamiento.
- Informe técnico que presenten tecnologías a usar, montaje, infraestructura e indicadores de funcionamiento.
- Al término de la actividad se contará con los seis prototipos listos para entrar en operación, y se tendrá desarrollada la herramienta de evaluación para establecer el potencial de intercambio.
- Documento con la información recopilada en las diferentes corridas de ensayo de los prototipos que servirá como herramienta para la toma de decisiones en cuanto a potencial de intercambio de las fuentes de energía fósiles por ER.
- Establecer la distribución más apropiada para realizar intercambios energéticos desde fuentes convencionales hacia fuentes renovables en Bogotá Región.
- Documento con recopilación de información y procesamiento de esta.";"● 4 artículos de investigación (Producto)
● 1 libro derivado del OE2 (Producto)
● 1 hoja de Ruta en formato libro (Producto e indicador)
● 5 prototipos (Producto)
● 1 software computacional derivado del OE3 (Indicador)
● 1 trabajo de grado nivel maestría (Indicador)
● 3 trabajos de pregrado (Indicador)
● 7 informes técnicos parciales y 1 informe técnico final (Indicador)
● 4 informes financieros (Indicador)";84,62%;12,71%;0,00%;100,00%;1,54%;1,03%;0,11%;0,00%
2021;Propuesta de Investigación Convocatoria;Desistio;18;CONVOCATORIA DE LA ASIGNACIÓN PARA LA CTeI-AMBIENTAL DEL SGR PARA LA CONFORMACIÓN DE UN LISTADO DE PROPUESTAS DE PROYECTO ELEGIBLES DE INVESTIGACIÓN, DESARROLLO E INNOVACIÓN PARA EL AMBIENTE Y EL DESARROLLO SOSTENIBLE DEL PAÍS - Mecanismo 2;MinCiencias;Ejecutor;"1- Universidad Pedagógica y Tecnológica de Colombia - UPTC

2- Gobernación de Boyacá

3- FUNDACIÓN SMARTCITY COLOMBIA";N/A;48;"UDFJC:

UPTC:
"; $ 5.334.891.467 ; $ -   ; $ 4.670.091.467 ; $ 664.800.000 ; $ 4.670.091.467 ; $ -   ; $ 384.000.000 ; $ -   ; $ 268.800.000 ; $ -   ; $ -   ; $ -   ; $ 12.000.000 ; $ -   ; $ -   ;"Crear una zona de experimentación que muestre elevados índices de productividad por Ha
Mitigar riesgo de pérdida de cosecha debido a clima en extremo impredecible
Brindar información que evite sobreproducción en época de cosecha
Brindar información que evite escasez de productos en no-cosecha
Indirectamente evitar caída de precios locales por sobre cosecha
Evitar pérdida de mercados locales por escases de cosecha (Compitiendo con importadores)
Mostrar cómo mejorar la calidad del agua para riego
Racionalizar el uso de insumos como agua, fungicidas y fertilizantes
Elevar la calidad de los productos haciéndolos más competitivos frente a productos importados o subvencionados
Logra comunicación directa del comprador contra el productor, procurando un mercado perfecto
Falta de energía en los campos y baja mecanicidad en laderas, ocasiona mayor trabajo manual, mayor costo, producción limitada, y alto costo en jornales
Mostrar cómo mejorar rentabilidad del sector agrícola
Muy baja productividad por hectárea comparado con estándares
internacionales de países desarrollados pone en riesgo
Mostrar cómo mejorar los indicadores de sostenibilidad alimentaria, hasta hacerlos comparables con otros países desarrollados
Procura información de demanda y oferta de productos al agricultor, que si logra el éxito pretendido servirá de base para establecer políticas agrícolas regionales";0;87,54%;7,20%;0,00%;100,00%;5,04%;0,00%;0,22%;0,00%
2021;Propuesta de Investigación Convocatoria;No Avalada;Convocatoria para Proyectos de Cooperación al Desarrollo 2022;N/A;Embajada de República Checa en Bogotá;Ejecutor;N/A;N/A;8;"UDFJC:
- LIDER"; $ 126.500.000 ; $ 87.500.000 ; $ 87.500.000 ; $ 39.000.000 ; $ 87.500.000 ; $ -   ; $ 39.000.000 ; $ -   ; $ -   ; $ -   ; $ -   ; $ -   ; $ -   ; $ -   ; $ -   ;"El objetivo general es Desarrollar un sistema de información basado en datos de estaciones de monitoreo para la cuantificación, difusión y trazabilidad de información de riesgos ambientales y desastres naturales en la ciudad de Bogotá. Para alcanzar este objetivo se determinaran puntos de interés relevantes para las estaciones de monitoreo las cuales recogerán la información de base que permitirá conocer los riesgos iniciales y sirven de base para el levantamiento de insumos a usar en el sistema de información, se implementaran métodos de Big Data y técnicas de inteligencia artificial dentro de procesos ingeniería digital y flujos de trabajo automáticos, para ser aprovechado en un sistema de tipo empresarial que ofrezca principalmente información de interés sobre los servicios de gestión de riesgos. La información de las estaciones provendrá mayoritariamente de cuatro riesgos; el primero es afluentes de ríos para detectar inundaciones, el segundo es detección de incendios forestales, el tercero es detección de deslizamientos de tierra y el cuarto es la medición de la con contaminación del aire. Para ello se desarrollarán las siguientes actividades que se concentrarán en zonas de alta afectación por este tipo de desastres: (i) Definir el plan de trabajo y gestión de procesos de desarrollo de sistema de información, (ii) Análisis, diseño y construcción de la metodología de análisis de datos, procesamiento y análisis de la información generadas por las estaciones de monitoreo, (iii) Realizar el análisis, diseño, desarrollo e implementación del sistema de información y estaciones de monitoreo para presentación preliminar de resultados de análisis y (iv) Realizar el análisis, diseño, desarrollo, implementación y soporte de funcionalidades para promover proyectos de mejoras para la producción de un sistema de información con características ajustadas para los productos finales o definitivos. ";"Con el desarrollo de estas actividades se pretende la consecución de los siguientes productos y resultados: (i) Base de datos geográfica, (ii) Sistema de gestión y análisis de la información, (iii) Estaciones de monitoreo implementadas, (iv) Web del sistema de gestión de información, (v) productos académicos que sirvan como apoyo a la investigación de este tipo de fenomenos y a la generación de nuevo conocimiento en materia de prevención de desastres.(vi) Base de datos de las variables de las estaciones de monitoreo e imágenes tomadas. (vii) Metodología de procesamiento y análisis de datos, (viii) información en tiempo real para la detección de riesgos y la alerta a la población para procesos de evacuación u otras medidas requeridas para la disminución de las afectaciones en la población. 
Se aprovecharán las sedes de la Universidad Distrital para la implementación de las estaciones de monitoreo, teniendo en cuenta que en las diferentes zonas de influencia de las sedes se identifican los siguientes riesgos: (i) Sede Aduanilla de Paiba y sede Facultad tecnológica - contaminación del aire, (ii) Sede Calle 40 - Deslizamientos de tierra, (iii) Sede Bosa Porvenir - inundaciones, (iv) Sedes Macarena A y B - Incendios forestales, (v) Sede Facultad de medio ambiente y recursos naturales - Deslizamientos e incendios forestales. 
De esta forma, adicionalmente se garantizará la sostenibilidad de la propuesta y el mantenimiento y seguridad de los equipos. ";69,17%;30,83%;0,00%;100,00%;0,00%;0,00%;0,00%;0,00%
2021;Propuesta de Investigación Convocatoria;No Avalada;18;CONVOCATORIA DE LA ASIGNACIÓN PARA LA CTeI-AMBIENTAL DEL SGR PARA LA CONFORMACIÓN DE UN LISTADO DE PROPUESTAS DE PROYECTO ELEGIBLES DE INVESTIGACIÓN, DESARROLLO E INNOVACIÓN PARA EL AMBIENTE Y EL DESARROLLO SOSTENIBLE DEL PAÍS - Mecanismo 2;MinCiencias;Ejecutor;"1- Corporación Autónoma Regional de la Orinoquía - CORPORINOQUIA

2- Gobernación del Casanare

3- Departamento del Arauca";N/A;36;"UDFJC:
- Grupo de Investigación en Biodiversidad De Alta Montaña"; $ 10.857.524.262 ; $ -   ; $ 10.091.024.998 ; $ 766.499.264 ; $ 10.091.024.998 ; $ -   ; $ 361.238.400 ; $ -   ; $ 223.260.864 ; $ -   ; $ 91.000.000 ; $ -   ; $ 91.000.000 ; $ -   ; $ -   ;"Entre los principales resultados que se generarían al ejecutar el proyecto se encuentran:
- Realización de una expedición científica que aporte conocimiento en la diversidad de ecosistemas estratégicos de los humedales de los departamentos del Casanare y Arauca.
- Generación de una colección biológica que esté disponible para estudios de diferente índole.
- Identificación de aplicaciones potenciales de la biodiversidad presentes en los departamentos del Casanare y Arauca.
- Fortalecimiento de las capacidades regionales en innovación.

Entre los principales impactos se encuentran:
- Generación de empleo a nivel nacional: con la ejecución de la propuesta se aportará en la generación de empleos directos.
- Efectos positivos sobre el medio natural: con la ejecución del proyecto se generará conocimiento de la biodiversidad que permitirá definir estrategias para su preservación, lo cual brinda alternativas para el manejo de residuos para que estos no impacten de manera negativa al medio ambiente. La ejecución del proyecto no afectará negativamente al medio ambiente, dado que la colecta de los basidiomas no agota el recurso.

Impactos en el mediano plazo:
- Visualización de las potencialidades de los departamentos del Casanare y Arauca para la generación de productos innovadores que estimulen las inversiones en los departamentos.";"- Línea base de la biodiversidad de los humedales de Casanare y Arauca
- Documento de la depuración de la información y fortalecimiento de capacidades de gestión y manejo de las colecciones.
- Documento de la identificación y análisis de capacidades en los Departamentos o Instituciones aliadas que ejecuten acciones relacionadas con Gestión Integral de la Biodiversidad.
- Priorización y delimitación de humedales de los departamentos de Casanare y Arauca
- Presentación de resultados en congresos, informe con el reporte y análisis de resultados, publicación de resultados en artículo científico # 3 Q1 (Artículos 8)
- Caracterizaciones de fauna, flora en grupos taxonómicos y zonas priorizadas.
- Espacialización de la información de la Biodiversidad registrada referente a registros biológicos en grupos taxonómicos presentes en cada uno de los departamentos.
- Informes de supervisión (6)
- Análisis molecular sobre la biodiversidad como base para la toma de decisiones de gestión.
- Valoración de la biodiversidad y los servicios ecosistémicos de los humedales de los departamentos de Casanare y Arauca
- Análisis del paisaje y conectividad de la biodiversidad y los servicios ecosistémicos de los departamentos de Casanare y Arauca.
- Implementación de la Metodología para el monitoreo participativo de la restauración ecológica, diseñada por el Instituto de Investigación de Recursos Biológicos Alexander von Humboldt, en los departamentos de Casanare y Arauca
- Fortalecimiento de la comunidad científica de los departamentos de Casanare, Arauca y entidades Aliadas.";92,94%;3,33%;0,00%;100,00%;2,06%;0,84%;0,84%;0,00%
2019;Propuesta de Investigación Convocatoria;Contrato firmado;852;CONVOCATORIA CONECTANDO CONOCIMIENTO 2019;MinCiencias;Co-ejecutor;- Universidad Antonio Nariño (co-ejecutora);Pertenence a un programa;36;N/A; $ 797.788.432 ; $ 228.249.305 ; $ 409.584.748 ; $ 388.203.684 ; $ 385.735.006 ; $ 11.924.871 ; $ 222.350.784 ; $ 11.924.871 ; $ 165.852.900 ; $ -   ; $ -   ; $ -   ; $ -   ; $ -   ; $ -   ;"2 Vinculación de Jóvenes Investigadores.
2 Formación de Pregrado.
1 Formación de Estudiantes de Maestría.
1 Vinculación de Estudiantes de Maestría.
1 Formación de Estudiante de Doctorado.
1 VInculación de Estudiante de Doctorado.
3 Artículos de conferencia internacional de primer nivel
2 Artículos Original en Revista Indexada A1
1 Artículos Original en Revista Indexada B.";"- Un Capítulo de libro categoría B
- Dos Artículos categoría B
- Dos Artículos categoría A1
- Tres Ponencias en congresos y conferencias especializadas a nivel internacional
- Una Tesis de doctorado en ejecución, enmarcada en el proyecto financiado.
- Vinculación de 2 Jovenes Investigadores realizando actividades específicas dentro del Proyecto
- Vinculación de un estudiante de maestría desarrollando su trabajo de grado
- Formación culminada de dos estudiantes de pregrado al proyecto
- Una Tesis de Doctorado aprobada relacionada con computación en la nube para gestión de microrredes
- Un Trabajo de grado de maestría culminado relacionado con transacción de energía entre microrredes";48,35%;29,37%;5,09%;94,91%;22,28%;0,00%;0,00%;0,00%
2022;Propuesta de Investigación Convocatoria;Desistio;25;CONVOCATORIA DE LA ASIGNACIÓN PARA LA CTEI DEL SGR PARA LA CONFORMACIÓN DE UN LISTADO DE PROPUESTAS DE PROYECTOS ELEGIBLES PARA LA INNOVACIÓN Y TRANSFERENCIA DE TECNOLOGÍA ENFOCADAS EN LA IMPLEMENTACIÓN DE LAS RECOMENDACIONES DE LA MISIÓN INTERNACIONAL DE SABIOS 2019 EN EL FOCO TEMÁTICO DE TECNOLOGÍAS CONVERGENTES E INDUSTRIAS 4.0 - Temática 1 Energías libres de carbono y su conectividad: Desarrollo de prototipos que integren tecnologías convergentes para almacenamiento y transporte de energías libres de carbono tales como: eólica, solar y undimotriz. ;MinCiencias;Aliado;"1- HOME ROBOTIK S.A.S.
2- Alcaldía Municipal de Nemocón
3- JAC Riogrande el Misterio";N/A;30;"UDFJC:
- LIDER"; $ 4.891.832.000 ; $ -   ; $ 4.140.184.000 ; $ 751.648.000 ; $ 4.023.184.000 ; $ -   ; $ 243.648.000 ; $ 117.000.000 ; $ 508.000.000 ; $ -   ; $ -   ; $ -   ; $ -   ; $ -   ; $ -   ;"- Luminaria LED que operan como proyector de alta potencia para la iluminación de escenarios deportivos.
- Luminarias LED inteligentes que operan para alumbrado público, creando una red integrada y gestionable que optimice el consumo energético
- Luminarias LED inteligentes de alimentación fotovoltaica que operan para alumbrado público, creando una red integrada y gestionable y de operación autónoma libre de carbono y gases efecto invernadero.
- Diez (10) informes de supervisión
- Veintiún (21) informes de gestión de los objetivos específicos.";"- Quince (15) artículos de investigación
- Diez (10) Visitas técnicas a sitios de instalación";82,24%;4,98%;0,00%;100,00%;12,78%;0,00%;0,00%;0,00%
2022;Propuesta de Investigación Convocatoria;Desistio;24;CONVOCATORIA DE LA ASIGNACIÓN PARA LA CTEI DEL SGR PARA LA CONFORMACIÓN DE UN LISTADO DE PROPUESTAS DE PROYECTO ELEGIBLES PARA LA GENERACIÓN DE CONOCIMIENTO ENFOCADO EN LA IMPLEMENTACIÓN DE LAS RECOMENDACIONES PARA EL FOCO TEMÁTICO DE LA MISIÓN INTERNACIONAL DE SABIOS 2019 DE OCÉANOS Y RECURSOS HIDROBIOLÓGICOS;MinCiencias;Ejecutor;"1- Alcaldía Municipal de Mongua
2- FUNDACIÓN SMARTCITY COLOMBIA
3- SMARTECH & ENERGY SYSTEMS S.A.S";N/A;24;N/A; $ 7.698.600.000 ; $ 7.291.600.000 ; $ 7.291.600.000 ; $ 407.000.000 ; $ 7.291.600.000 ; $ -   ; $ 120.000.000 ; $ -   ; $ 87.000.000 ; $ -   ; $ 100.000.000 ; $ -   ; $ 100.000.000 ; $ -   ; $ -   ;"- Involucrar a la comunidad en la recuperación de las fuentes hídricas
- Proposición de técnicas para la recuperación y conservación de la laguna negra
- Realizar procesos de reforestación
- Implementación de un Sistema de Información Geográfica
- Mejore la cantidad y calidad del agua que surte a varios acueductos de la región.
- Mejore el hábitat de las especies nativas de flora y fauna, de forma que proliferen, en especial al símbolo colombiano “El cóndor de los Andes”, y otras especies como el pumacolor.
- Proporcione al municipio de herramientas que faciliten configurar el POT regional.
- Limitar el ingreso de visitantes para conformar un santuario donde senderistas y visitantes encuentren hábitats naturales prístinos, dignos de admirar y que sean ejemplo de conservación de la naturaleza.
- Mejorar la economía de los campesinos de la región con los visitantes que compran productos y artesanías locales.
- Dejar un legado para que las generaciones futuras continúen admirando y cuidando el santuario.
- Crear conciencia en los habitantes de la región para que impidan más deterioro del hábitat.";"- Cuatro (4) artículos de investigación
- Cerramiento de áreas protegidas (aprox. 15 Km)
- Reforestación de 12 especies nativas
- Estudio de la calidad del agua y el caudal
- Diagnóstico general del proyecto
Se propone hacer un estudio del estado actual de la laguna y su entorno, en cuanto a los alimentadores, la producción de agua, su ecosistema, economía de sus pobladores.
- Estudio de flora y fauna para protección e incremento.
Existen en la región varios tipos de animales, desde el CONDOR DE LOS ANDES, otras aves y animales salvajes, a los cuales se les debe mejorar sus condiciones medioambientales a fin de incrementar la población. Erradicación de especies predadoras de las especies nativas.
- Estudio de la calidad del agua y el caudal.
Dado que esta laguna suministra agua, en especial a los llanos de Casanare, pues con las quebradas que se crean en esta laguna, van a alimentar el río Cravo Sur, es una de las principales fuentes de agua de Casanare. Por esto es necesario adicionalmente estudiar la cuenca del río Cravo Sur para detectar los problemas y ejecutar acciones de mejora de su caudal y calidad del agua.
A su vez, se debe analizar la calidad y caudal de la laguna con los mismos propósitos, igualmente para la siembra de los árboles nativos para la generación y conservación del agua.
- Estudio de minerales existentes en la zona para su reglamentación.
El estudio de los minerales es necesario hacerlo para conocer la estructura del suelo y su capa vegetal, de manera que facilite tomar las mejores decisiones en cuanto a la vegetación a proteger y sembrar.
- Protección, con siembra de árboles cercanos a la laguna. Un cerramiento a la laguna para su protección, se debe estudiar la mejor manera de cercarla, cerca viva u otro tipo de cerramiento. El perímetro es de aproximadamente 15 Kilómetros lineales.
- Áreas deforestadas recuperadas con vegetación y árboles nativos, con lo cual se incrementa la generación de agua y protección de esta y erradicación de especies foráneas contrarias a los objetivos buscados.
- Estudio de producción agrícola y agropecuario para su reglamentación.
En razón a que en la zona hay producción agrícola, esta hay que regularla para que sea compatible con el medio ambiente y no genere problemas económicos a las personas que viven de estos cultivos.
- Una cabaña informativa y de vigilancia con portería y sitio de estacionamiento, que impida el uso de vehículos a la ronda de la laguna, que impida hacer fogatas y paseos de olla, que capacite a los visitantes sobre los cuidados que debe tener con la laguna y las especies nativas. Asigne guías ambientales que eduquen a los visitantes. Suministre alimentos y bebidas. Recaude un cobro por entrada tal que ayude al sostenimiento y mantenimiento de la laguna.
- Recuperación y/o mejora de la vía de acceso desde Mongua.
Existe una vía carreteable desde el municipio de Mongua de aproximadamente de 8 KM, que es necesario adecuarla para que facilite el tránsito durante todo el año.
- Socialización del proyecto a la comunidad
Para que el proyecto tenga éxito, se requiere que la comunidad lo maneje y lo interiorice, y el municipio lo incorpore en POT8.
- Implementación de un sistema de información geográfica - SIG9.
Mediante una combinación de hardware, software y datos geográficos diseñados para capturar, almacenar, manipular, analizar y desplegar en todas sus formas la información geográficamente referenciada con el fin de facilitar la planificación y de gestión, permite a los diferentes actores e interesados de la región de la laguna, y resolución de problemas complejos de cultivos de cualquier tipo, teniendo un mayor control sobre los mismos.
- Publicación de resultados.
Actividad necesaria en todo proyecto de ciencia y tecnología, para el servicio de la comunidad en general. Hay que publicar los resultados del proyecto en revista indexada y mediante un blog o página web que sea consultada por las partes interesadas.";94,71%;1,56%;0,00%;100,00%;1,13%;1,30%;1,30%;0,00%
2022;Propuesta de Investigación Convocatoria;No Avalada;25;CONVOCATORIA DE LA ASIGNACIÓN PARA LA CTEI DEL SGR PARA LA CONFORMACIÓN DE UN LISTADO DE PROPUESTAS DE PROYECTOS ELEGIBLES PARA LA INNOVACIÓN Y TRANSFERENCIA DE TECNOLOGÍA ENFOCADAS EN LA IMPLEMENTACIÓN DE LAS RECOMENDACIONES DE LA MISIÓN INTERNACIONAL DE SABIOS 2019 EN EL FOCO TEMÁTICO DE TECNOLOGÍAS CONVERGENTES E INDUSTRIAS 4.0 - Temática 1 Energías libres de carbono y su conectividad: Desarrollo de prototipos que integren tecnologías convergentes para almacenamiento y transporte de energías libres de carbono tales como: eólica, solar y undimotriz. ;MinCiencias;Ejecutor;"1- Cooperación Verde S.A. (aliado y beneficiario)
2- Industrias TECSOL LTDA (aliado)
3- Alcaldía de Puerto Gaitán (aliado)
4- Junta de acción comunal - Vereda Planas (beneficiario)";N/A;36;"UDFJC:
- ARMOS - Arquitecturas Modernas para Sistemas de Alimentación"; $ 6.520.740.000 ; $ 5.533.601.000 ; $ 5.733.601.000 ; $ 787.139.000 ; $ 5.533.601.000 ; $ -   ; $ 416.885.000 ; $ 200.000.000 ; $ 370.254.000 ; $ -   ; $ -   ; $ -   ; $ -   ; $ -   ; $ -   ;"En este contenido se presenta un análisis de los resultados que el proyecto plantea más allá de la visión de los entregables o productos que se identifican, reflejando de mejor forma beneficios que no se cuantifican, pero que se materializan con la puesta en marcha de la solución tecnológica propuesta para abordar la demanda insatisfecha de energía eléctrica en zonas rurales aisladas y no interconectadas del país con potencial de desarrollo agroindustrial.
Algunos de ellos ya se habían identificado a nivel de los fines planteados en el árbol de objetivos del proyecto y que por supuesto registran un valor agregado asociado al alcance del proyecto planteado alrededor de “Disminuir la demanda insatisfecha de energía eléctrica en zonas rurales aisladas y no interconectadas del país con potencial de desarrollo agroindustrial”
Por lo anterior se espera que los fines establecidos en el árbol de objetivos redunden como impactos esperados del proyecto, igualmente se destacan otros resultados asociados que logra generar la puesta en marcha del proyecto.
Mediante la generación de esquemas en el sector productivo desde la CTeI para incrementar procesos de transferencia tecnológica, implementación de soluciones tecnológicas novedosas, nuevos mecanismos de acceso a mercados especializados de materias primas alternativas basadas en mecanismos novedosos para la cogeneracíon de energía eléctrica, así como la mejora de procesos productivos tradicionales. Otros resultados asociados se destacan a continuación:
Resultados asociados al ámbito científico y tecnológico.
Los avances científicos que propone el proyecto están directamente asociados a la incorporación de tecnologías novedosas, así como el desarrollo de soluciones alternativas y complementarias para la cogeneración en condiciones propias del territorio nacional desde el uso de mecanismo de generación de conocimiento, recoger investigaciones y procesos desarrollados por parte de los grupos de investigación de la Universidad, al igual que aquellos requeridos y pertinentes para la ciudad y el país, los procesos de generación de conocimiento son un insumo para las iniciativas de transferencia desde donde se prevé llevar a cabo un ejercicio de conexión de oferta y demanda para el territorio, en busca de suplir los requerimientos concretos que se puedan tener desde las zonas no interconectadas, tanto por parte de sus comunidades como de las empresas ubicadas allí; A la postre se espera que la generación de conocimiento en un alto nivel fortalezca seguidamente a los grupos de investigación de la Universidad fortaleciendo los vínculos con el sector productivo en en pro de mejorar las condiciones de competitividad de diferentes sectores económicos y sociales, ampliando las capacidades de la Universidad en el ecosistema productivo.
Resultados asociados con la transferencia de conocimiento
Involucrar al sector productivo en procesos de investigación, desarrollo tecnológico, prototipado, fomento de procesos de aprendizaje en doble vía que incrementan capacidades y mejoran condiciones de inter relacionamiento con la innovación, lo anterior ante todo en virtud de estimular la mejora continua de quienes viven de procesos productivos basados en la transformación de recursos desde las regiones y a nivel nacional, puesto que se materializa un esquema de apoyo para incrementar las capacidades en el tejido empresarial, con soluciones tecnológicas que abordan necesidades explicitas favoreciendo el impacto del fortalecimiento de las instituciones, de esta forma convertir la solución tecnológica establecida para disminuir la demanda insatisfecha de energía eléctrica en zonas rurales aisladas y no interconectadas del país con potencial de desarrollo agroindustrial en un mecanismo para fortalecer la comunidad educativa y el tejido empresarial, desde el cual puedan ser co participes de las soluciones.
Por otro lado, dado que se proyecta contar con tecnología de vanguardia, se promoverán alianzas con los desarrolladores de estas con el fin de fortalecer el vínculo universidad – empresa así como explorar la posibilidad de acuerdos de cooperación que permitan a la universidad servir de validador de tecnologías en fases preliminares de desarrollo así como emprender ejercicios de investigación y desarrollo tecnológico conjuntos.
Resultados asociados con el medio ambiente.
La solución tecnológica propuesta para disminuir la demanda insatisfecha de energía eléctrica en zonas rurales aisladas y no interconectadas del país con potencial de desarrollo agroindustrial, pretende fomentar esquemas de optimización en el uso de materiales residuos de la industria forestal, desde su aprovechamiento y reutilización, sean estos de tipo agroindustrial, mineral, producto del procesamiento, entre otros, que fomenten impactos positivos ambientales, promuevan la racionalización de recursos y facilita a las cadenas productivas nuevos esquemas económicos y la disminución de la carga de contaminantes a los ecosistemas, fuentes de agua y demás elementos de la naturaleza que sufren el deterioro ambiental.";"- Dos Artículos publicados (o aceptado) en revistas indizadas nacionales e internacionales
- Una Innovación de procesos realizadas
- Dos Actores del sector privado participantes
- Dos Artículos de reflexión o nuevo conocimiento sobre Cultura y Apropiación Social de CTeI publicados
- Seis Informes técnicos y financieros de ejecución presentados";84,86%;6,39%;0,00%;100,00%;8,75%;0,00%;0,00%;0,00%
2022;Propuesta de Investigación Alianza Convenio;Desistio;N/A;XII Convocatoria interna de investigación - Modalidades General, Clínica e Investigación-Creación, Universidad del Bosque;Universidad del Bosque;Aliado;Universidad del Bosque;N/A;16;"UDFJC:
- Ingeniería y nanotecnología para la vida INVID

UdeB:
- Electromagnetismo, Salud y Calidad de Vida
"; $ 177.419.311 ; $ -   ; $ 90.000.000 ; $ 87.419.311 ; $ -   ; $ -   ; $ 21.600.000 ; $ 90.000.000 ; $ 65.819.311 ; $ -   ; $ -   ; $ -   ; $ -   ; $ -   ; $ -   ;0;"- Artículo sometido a evaluación en revista indexada
- Participación en evento nacional o internacional
- Una tesis de grado";0,00%;12,17%;0,00%;100,00%;87,83%;0,00%;0,00%;0,00%
2019;Propuesta de Investigación Convocatoria;Contrato firmado;852;CONVOCATORIA CONECTANDO CONOCIMIENTO 2019;MinCiencias;Ejecutor;1- Universidad San Buenaventura;N/A;24;"UDFJC:
- GIIRA
- GITUD

USB:
- ACUSTICA APLICADA"; $ 568.353.737 ; $ 207.267.825 ; $ 317.233.737 ; $ 251.120.000 ; $ 292.383.995 ; $ 11.924.871 ; $ 127.600.000 ; $ 12.924.871 ; $ 123.520.000 ; $ -   ; $ -   ; $ -   ; $ -   ; $ -   ; $ -   ;"- Red de estaciones para monitoreo de ruido ambiental binaural
- Herramienta informática para el resgistro y análisis datos objetivos y subjetivos del entorno acústico
- Visor web para la caracterización y evaluación de la calidad acústica de entornos urbanos";"- Un Artículos categoría A1
- Un Artículos categoría A2
- Dos Ponencias en congreso internacional con los avances del proyecto
- Vinculación de dos estudiantes de pregrado
- Vinculación de un estudiante de maestría
- Vinculación de un estudiante de doctorado";51,44%;24,55%;8,55%;91,45%;24,01%;0,00%;0,00%;0,00%
2022;Propuesta de Investigación Alianza Convenio;Desistio;N/A;CONVOCATORIA INTERNA PARA LA CONFORMACIÓN DE UN BANCO DE PROYECTOS DE INVESTIGACIÓN UMNG - CÓDIGO INV-2022;Universidad Militar Nueva Granada;Aliado;"1- Universidad Militar Nueva Granada - UMNG
2- Universidad Piloto de Colombia - UPC";N/A;12;"UDFJC:
UMNG:
UPC:"; $ 50.000.000 ; $ -   ; $ 50.000.000 ; $ -   ; $ -   ; $ -   ; $ -   ; $ 50.000.000 ; $ -   ; $ -   ; $ -   ; $ -   ; $ -   ; $ -   ; $ -   ;0;"- Un Artículo de investigación tipo Q2
- Un Artículos de investigación tipo Q3
- Un Libro de investigación
- Prototipo de mezcla asfáltica modificada
- Una Ponencia en evento nacional
- Una Ponencia en evento internacional
- Un Trabajos de grado de pregrado
- Posicionamiento y fortalecimiento de grupos de investigación";0,00%;0,00%;0,00%;0,00%;100,00%;0,00%;0,00%;0,00%
2022;Propuesta de Investigación Convocatoria;Desistio;918;CONVOCATORIA FORTALECIMIENTO DE CAPACIDADES REGIONALES DE INVESTIGACIÓN EN SALUD PÚBLICA;MinCiencias;Co-ejecutor;"1- Universidad de los Llanos (ejecutora)
2- Corporación Universitaria Remington
3- Secretaria de Salud - Gobernación del Meta
4- Secretaria de la Mujer, la Familia y la Equidad de género - Gobernación del Meta";N/A;36;"UDFJC:
- Laboratorio de Investigación y desarrollo en
Electrónica y Redes (LIDER)

UniLlanos:
- GESI
- CUIDADO

CUR:
- Grupo de Investigación en Salud Familiar y Comunitaria
- Mundo Organizacional
- Grupo de Investigacion en Neurociencias y Envejecimiento - GISAM"; $ 1.547.653.004 ; $ 311.807.500 ; $ 904.441.500 ; $ 643.211.504 ; $ 886.441.500 ; $ 6.000.000 ; $ 67.400.000 ; $ 6.000.000 ; $ 434.648.880 ; $ 6.000.000 ; $ 111.167.424 ; $ -   ; $ 29.995.200 ; $ -   ; $ -   ;"Resultados de la etapa 1:
-	Informe modelo conceptual del Observatorio de salud mental, familia y convivencia social.
-	Modelo Conceptual
-	Revisión y análisis de categorías conceptuales
-	Documento de análisis descriptivo- interpretativo de las políticas públicas relacionadas con la Salud mental, familia y convivencia social, y las fuentes de información de observatorios
-	Estado actual de los observatorios
-	Informe modelo Metodológico del observatorio
-	Modelo Metodológico
-	Descripción del proceso del diseño de indicadores, fichas técnicas e instrumentos de recolección de datos, incluyendo los criterios de selección de los mismos.
-	Batería de indicadores y fichas técnicas de los mismos, construidas a partir de fuentes primarias y secundarias, acorde con el modelo conceptual y metodológico
-	Inventario de indicadores y fichas técnicas
-	Instructivos para el diligenciamiento de instrumentos de recolección de datos y fuentes primarias.
-	Instrumentos para la recolección de información de fuentes primarias.
-	Glosario de términos usados en los instrumentos de recolección, vinculado al aplicativo
-	Metodología para la aplicación de los instrumentos y para la recolección de información de fuentes primarias
-	Descripción del procedimiento de validación de los instrumentos de recolección de información
Resultados de la etapa 2:
-	Aplicativo Web/sistema de información desarrollado
-	Manuales y protocolos actualizados que incluyan los procedimientos para el cálculo de indicadores de fuentes primarias y de fuentes secundarias.
-	Informe de control de cambios
-	Plataforma actualizada en Producción
Resultados de la etapa 3:
-	Plan de capacitación de al menos 15 horas para usuarios técnicos y funcionales que hagan parte de los municipios y sus instituciones seleccionadas, como es el caso de secretarías de salud, secretaría de la mujer, entre otros. Incluye los procedimientos para el cálculo de indicadores de fuentes primarias y secundarias (captura de información, pre procesamiento de las respuestas de los instrumentos de fuentes primarias y base de datos de fuentes secundarias, creación de archivos JSON, cargue de base de datos con archivos JSON y cálculo del indicador).
-	Reporte del proceso de validación de los indicadores, de los instrumentos de recolección de información y evaluación de la usabilidad de la plataforma y la de metodología de aplicación de instrumentos y recolección de información con fuentes primarias, realizado mediante una prueba coordinación con los municipios seleccionadas
-	Informe de reporte del proceso de validación de los indicadores, de los instrumentos de recolección de información
-	Informe de evaluación de la usabilidad de la plataforma y la de metodología de aplicación de instrumentos y recolección de información con fuentes primarias, realizado mediante una prueba coordinación con los municipios seleccionadas
-	Informe consolidado con unificación de criterios de las jornadas de trabajo conjunto entre las universidades, las entidades gubernamentales y la sociedad civil.
-	Informe de resultados de la medición de indicadores de salud mental, familia y convivencia social, mediante el uso de analítica de datos con las respectivas recomendaciones y aprendizajes para su escalamiento, incluyendo el reporte de hallazgos en el proceso de aplicación de los instrumentos, recolección de información, procesamiento y análisis.
-	Matriz DOFA
-	Documento de recomendaciones para aprendizajes, uso y escalamiento de los instrumentos constitutivos del Observatorio
-	Reporte de hallazgos en el proceso de aplicación de los instrumentos, recolección de información, procesamiento y análisis
-	Texto de ponencias, certificado de participación en evento académico y presentación del texto a una revista científica";"- Seis artículos de investigación categorías A1, A2, B, C
- Tres libros de difusión / divulgación
- Una plataforma tecnológica
- Tres informes técnicos del avance del proyecto
- Se desarrollará un plan de formación orientado a los diferentes tipos de actores intervinientes en el observatorio, a desarrollarse en la tercera etapa metodológica
- Se desarrollaran cuatro talleres, conversatorios y foros que permitan la participación de todos los actores sociales involucrados en el proyecto.
- Se realizaran cuatro eventos científicos como foro, paneles y congreso.
- A través de las cuatro reuniones se presentaran los resultados a las entidades Municipales y Departamentales.
- Se desarrollara una cartilla para la divulgación sobre el
funcionamiento del observatorio.
- Los doce cursos estarán dirigidos a los municipios seleccionados en proyecto.
- Se desarrollará a través de mesas de trabajo donde se
establecerán diferentes temáticas relacionadas con el proyecto
- Se realizara la divulgación de resultados a través de tres (3) ponencias Nacionales y tres (3) Internaciones.
- Se desarrollará cinco cartillas y videos que permitan la divulgación y correcto desarrollo de los talleres.
- Realización de dos trabajos de grado en el nivel de pregrado, con la temática del proyecto.
- Realización de un trabajo de grado en el nivel de maestría, con la temática del proyecto.";57,28%;4,74%;8,17%;91,83%;28,47%;7,57%;1,94%;0,00%
2022;Propuesta de Investigación Convocatoria;Desistio;918;CONVOCATORIA FORTALECIMIENTO DE CAPACIDADES REGIONALES DE INVESTIGACIÓN EN SALUD PÚBLICA;MinCiencias;Ejecutor;1- HOME ROBOTIK S.A.S.;N/A;24;"UDFJC:
- GITEMM++"; $ 1.119.244.000 ; $ 15.000.000 ; $ 766.170.100 ; $ 353.073.900 ; $ 750.170.100 ; $ -   ; $ 218.828.000 ; $ 16.000.000 ; $ 134.245.900 ; $ -   ; $ -   ; $ -   ; $ -   ; $ -   ; $ -   ;"El presente proyecto de investigación es un desarrollo tecnológico por lo tanto el resultado esperado es la materialización de la investigación en un “Prototipo funcional de un sistema sumergible de visión artificial con análisis y procesamiento de datos para la medición y procesamiento biomecánico del tren inferior humano durante la rehabilitación en piscina para la discapacidad y enfermedades neuromusculares.”, sin embargo dicho prototipo es la integración de varios productos que deben ser desarrollados durante la ejecución del proyecto como son:

- Sistema de Visión Artificial Sumergible
- Sistema de Seguimiento Automático del Objetivo
- Sistema de Procesamiento y Visualización de Datos.
- Sistema de Telemedicina.";"- Dos artículos en revista indexada categoría A1 y B
- Libro resultado de la investigación o carta de aceptación de publicación del libro expedida por el comité editorial
- Patente: Certificado o solicitud registro de patente o modelo de utilidad
- Prototipo funcional: Certificación de registro aprobado por la institución otorgante.
- Registro de software: Certificación de registro aprobado por la institución otorgante.
- Vinculación de estudiantes de doctorado
- Formación de estudiante de maestría
- Formación de estudiante de Pregrado
- Apoyo a Maestría: Resolución expedida por la
institución académica a la cual pertenece el programa
- Apoyo a la creación de programas y cursos de formación de investigadores
- Participación ciudadana en proyectos de CTEL
- Documentación de la estrategia de comunicación, así como certificación firmada por el representante legal de la institución que se vinculó a la estrategia y por el líder la comunidad participante
- Copia de la cartilla o folleto y documento donde se certifique su distribución
- Participación en eventos científicos, presentando los resultados de la investigación";67,02%;19,55%;0,00%;100,00%;13,42%;0,00%;0,00%;0,00%
2022;Propuesta de Investigación Convocatoria;Desistio;914;CONVOCATORIA PARA EL APOYO A PROYECTOS DE I+D+i QUE CONTRIBUYAN A RESOLVER LOS DESAFÍOS ESTABLECIDOS EN LA MISIÓN “COLOMBIA HACIA UN NUEVO MODELO PRODUCTIVO, SOSTENIBLE Y COMPETITIVO” – ÁREA ESTRATÉGICA ENERGÍA;MinCiencias;Co-ejecutor;"1- ECCI
2- AB Control Ingeniería S.A.S.";N/A;24;"UDFJC:
- GCEM

ECCI:
- GIATME"; $ 1.962.630.500 ; $ -   ; $ 1.240.660.000 ; $ 721.970.500 ; $ 1.148.660.000 ; $ -   ; $ 333.000.000 ; $ -   ; $ 388.970.500 ; $ 92.000.000 ; $ -   ; $ -   ; $ -   ; $ -   ; $ -   ;"Generación del conocimiento: 
Se implementará una plataforma de gestión de edificios inteligentes, se tendrán sus detalles de ingeniería de detalle y se mostrara su operatividad y funcionalidad en escenarios reales de control automatizado sobre cargas, fuentes renovables y vehículos eléctricos
Se propondrá por lo menos dos estrategias para la gestión de DER y de Vehículos eléctricos a través de un sistema de gestión, dando respuesta a situaciones de averías, daños que se presenten en la red de edificios o en la red de distribución.
Fortalecimiento de la Capacidad Científica: 
Se fortalecerá el desarrollo	del	grupo	de investigación	GIATME de la Universidad ECCI y GCEM de la Universidad Distrital Francisco José de Caldas en las líneas de investigación sobre automatización de sistemas energéticos. 	
Ampliación de las redes de cooperación Universidad – Empresa de manera formal con el establecimiento de la alianza para la implementación del proyecto y el intercambio de experiencias.
Se planteará la creación de una empresa de base tecnológica tipo SPIN-OFF al interior de la Universidad que tenga la asesoría investigativa desde el ámbito académico y de aplicación empresarial y comercial desde el punto de vista de la empresa.
Apropiación social del conocimiento: 
Publicación de artículos en revistas indexadas de cuartil Q1 y Q2, al igual que los informes técnicos parciales y final del proyecto. Como revistas propuestas se tienen ENERGIES, ELECTRICITY JOURNAL, ENERGY CONVERSION AND MANAGEMENT, ENERGY.";"- 4 artículos de investigación en revistas indexadas en SCOPUS cuartil Q1 y/o Q2. 
- Libro resultado de la investigación
- Producto tecnológico patentado o en proceso de solicitud de patente
- Software de gestión utilizado dentro de la plataforma y algoritmos para toma de decisiones
- Empresas de base tecnológica (spin off o start-up).
- Propuesta de regulación para plataformas de gestión de DER
- Informes finales de investigación
 Informes técnicos
- Vinculación de dos estudiantes de maestría
- Vinculación de (1) estudiante de doctorado.
- Inclusión de dos jóvenes investigadores-alumnos de pregrado de la Universidad ECCI
- Apoyo en la formación del programa de Doctorado de la Universidad ECCI";58,53%;16,97%;0,00%;100,00%;19,82%;4,69%;0,00%;0,00%
2021;Propuesta de Investigación Convocatoria;Contrato firmado;908;CONVOCATORIA “NUEVO CONOCIMIENTO, DESARROLLO TECNOLÓGICO E INNOVACIÓN PARA EL FORTALECIMIENTO DE LOS SECTORES DE TIC, POSTAL Y DE CONTENIDOS AUDIOVISUALES” - Modalidad 1;MinCiencias;Ejecutor;1- ESE Hospital San Rafael (Colaboradora) - HSR;N/A;18;"UDFJC:
- Laboratorio de Investigación y desarrollo en Electrónica y Redes (LIDER)"; $ 714.446.407 ; $ 499.909.119 ; $ 499.909.119 ; $ 214.537.288 ; $ 499.909.119 ; $ -   ; $ 41.400.000 ; $ -   ; $ 173.137.288 ; $ -   ; $ -   ; $ -   ; $ -   ; $ -   ; $ -   ;"1. Implementar y Garantizar a través de una alternativa Wireless la transmisión de los contenidos audiovisuales del servicio de telerehabilitación.
· Artículo
· Informes técnicos
· Cartilla o folleto
· Boletines divulgativos
2. Diseñar los contenidos audiovisuales para el proceso de telerehabilitación basado en los servicios ofertados por la ESE San Rafael en Fisioterapia, Terapia Ocupacional y Fonoaudiología.
· Generación de contenidos
· Boletines divulgativos
· Artículo de divulgación
· Consultoría
3. Desarrollar una aplicación para el acceso a los contenidos audiovisuales para el proceso de telerehabilitación.
· Software
· Artículo
· Informes técnicos
· Cartilla o folleto
· Estrategias pedagógicas para la CTeI
4. Evaluar el del modelo de tele-rehabilitación a través de una alternativa Wireless.
· Libro de divulgación
· Patente modelo de utilidad solicitado
· Informes técnicos
· Talleres
· Presentación de resultados a las autoridades locales
· Organización de eventos
· Espacios de participación ciudadana";"- Un Artículo categoría A2
- Un libro de divulgación
- Un artículo categoría B
- Patente de modelo de utilidad solicitado
- Realización de aplicación móvil
- Informe técnico fase 1 
- Informe técnico fase 2
- Informe técnico fase 3
- Informe de consultoría
- Tres Boletines divulgativos sobre los resultados parciales de la fase 1
- Artículo de divulgación acerca de la creación e importancia de los contenidos audiovisuales que están siendo generados en el marco del proyecto
- Cartilla sobre el despliegue de la red y su funcionamiento
- Generación de un paquete de contenidos audiovisuales
- Tres Boletines divulgativos sobre resultados parciales de las fase 2
- Cartilla sobre las funciones de la aplicación móvil y su funcionamiento
- Dos Talleres de formación y socialización acerca del buen uso de la aplicación móvil
- Tres Presentación de resultados ante las autoridades locales
- Organización de un panel con expertos
- Espacios de participación ciudadana
- Plan pedagógico para la transferencia de conocimiento a la comunidad";69,97%;5,79%;0,00%;100,00%;24,23%;0,00%;0,00%;0,00%
2022;Propuesta de Investigación Alianza Convenio;Desistio;N/A;N/A;;Aliado;1- SENA;N/A;0;N/A; $ 9.300.000 ; $ -   ; $ 9.300.000 ; $ -   ; $ -   ; $ -   ; $ -   ; $ 9.300.000 ; $ -   ; $ -   ; $ -   ; $ -   ; $ -   ; $ -   ; $ -   ;"- Identificar los subsectores de las bibliotecas y archivos que harán parte del estudio.
- Conocer el estado actual de estas importantes instituciones, para proyectarnos con visiónprospectiva
- Diseñar un modelo de programa de acuerdo con el estudio prospectivo 2030
- Socializar los resultados de los estudios , realizar propuesta de actualización decompetencias laborales";"- Elaboración de artículos sobre resultados obtenidos
- Ponencias sobre el resultado de los estudios a los gremios y asociaciones bibliotecarias y archivísticas del país
- Publicación del libro caracterización ocupacional de bibliotecas y archivos en Colombia
- Porpuesta de actualización de contenidos de los programas
- Propuesta de actualización de competencias laborales";0,00%;0,00%;0,00%;0,00%;100,00%;0,00%;0,00%;0,00%
2021;Propuesta de Investigación Convocatoria;Contrato firmado;908;CONVOCATORIA “NUEVO CONOCIMIENTO, DESARROLLO TECNOLÓGICO E INNOVACIÓN PARA EL FORTALECIMIENTO DE LOS SECTORES DE TIC, POSTAL Y DE CONTENIDOS AUDIOVISUALES” - Modalidad 1;MinCiencias;Ejecutor;N/A;N/A;18;"UDFJC:
GIDENUTAS"; $ 634.608.000 ; $ 499.208.000 ; $ 499.208.000 ; $ 135.400.000 ; $ 499.208.000 ; $ -   ; $ 135.400.000 ; $ -   ; $ -   ; $ -   ; $ -   ; $ -   ; $ -   ; $ -   ; $ -   ;"- Documento con protocolo de pruebas para el proyecto.
- Documento con taxonomía de modelos.
- Documento con modelo definido
- Documento con modelo definido
- Documento con protocolo de pruebas para el proyecto.
- Un curso taller para estudiantes.
- Dos trabajos de grado.
- Dos auxiliares de investigación formados.";"- Libro resultado de investigación categoría B
- Un articulo de estado del arte y uno de investigación, categoría A2
- Dos artículos de investigación, categoría B
- Dos software registrados sobre métodos predicción con inteligencia artificial
- Participación como ponentes en 4 congresos nacionales o internacionales
- Simposio dirigido a estudiantes de pregrado, posgrado, investigadores o profesionales
- Una propuesta técnica presentada ante la CRC";78,66%;21,34%;0,00%;100,00%;0,00%;0,00%;0,00%;0,00%
2018;Propuesta de Investigación Convocatoria;Contrato firmado;802;N/A;MinCiencias;Co-ejecutor;Universidad de Cundinamarca - Ejecutor;N/A;18;N/A; $ 468.972.171 ; $ 161.936.108 ; $ 360.072.171 ; $ 108.900.000 ; $ 349.572.171 ; $ 5.250.000 ; $ 54.900.000 ; $ 5.250.000 ; $ 54.000.000 ; $ -   ; $ -   ; $ -   ; $ -   ; $ -   ; $ -   ;"* Determinación de la diversidad de arvenses y usos potenciales en los sistemas agrícolas familiares.
* Caracterización socio económica de la población participante en el proyecto
* Transferencia de conocimiento por medio de la participación en eventos académicos internacionales
* Monitoreo de variables meteorológicas";"* Manual con diversidad de arvenses y usos potenciales
* Características fitoquímicas de arvenses predominantes
* 2 artículos científicos sometidos a revista indexada
* Participación con cuatro ponencias en eventos internacionales y/o nacionales
* Aplicación móvil
* Platafonna web
* Red de sensores NFC";74,54%;12,83%;8,73%;91,27%;12,63%;0,00%;0,00%;0,00%
2022;Propuesta de Investigación Convocatoria;No Avalada;915;"CONVOCATORIA JÓVENES INNOVADORES EN EL MARCO DE LA REACTIVACIÓN ECONÓMICA
TABLA DE";MinCiencias;Ejecutor;N/A;N/A;12;Sistemas y Redes Cognitivas - SIREC; $ 81.680.870 ; $ 12.000.000 ; $ 25.680.870 ; $ 56.000.000 ; $ 12.000.000 ; $ 13.680.870 ; $ 56.000.000 ; $ -   ; $ -   ; $ -   ; $ -   ; $ -   ; $ -   ; $ -   ; $ -   ;0;"- Documento resumen donde se describa el modelo matemático y el pseudocódigo de por lo menos 5 técnicas multicriterio de selección de oportunidades espectrales
- Documento resumen donde se describan las ventajas y desventajas de la técnica seleccionada respecto a las demás estrategias analizadas.
- Código fuente en Matlab
- Métricas de movilidad espectral
- Documento con observaciones y análisis sobre las correcciones y ajustes realizados
- Documento tipo articulo";14,69%;85,31%;19,63%;80,37%;0,00%;0,00%;0,00%;0,00%
2018;Propuesta de Investigación Convocatoria;Contrato firmado;811;N/A;MinCiencias;Ejecutor;N/A;N/A;12;N/A; $ 179.892.140 ; $ 90.000.000 ; $ 132.701.261 ; $ 47.190.879 ; $ 90.000.000 ; $ 42.701.261 ; $ 47.190.879 ; $ -   ; $ -   ; $ -   ; $ -   ; $ -   ; $ -   ; $ -   ; $ -   ;"Participación como ponente en eventos académicos como foros, seminarios, diplomados, cursos de extensión, congresos y simposios.
Presentación de los resultados ante la comunidad académica, la sociedad civil y en especial a los y las jóvenes.
Realización de talleres y cursos en las universidades Nacional y Distrital, el marco de la propuesta de un laboratorio social de paz
Realización de un (1) diario de campo a manera de documentar la experiencia.
Consolidación de un álbum fotográfico que recoja las experiencias del laboratorio
";"Realización de (1) artículo científico e inédito de autoría propia.
Realización de un (1) artículo científico en coautoría con los directores de las dos instituciones aliadas: IPAZUD y OBJUN.
Consolidación de una base de datos, sistematización y medición de la irrupción de las iniciativas juveniles para la cultura de paz en Colombia a través de las redes sociales digitales.
Vinculación de un joven pasante en algún programa de ingeniería del 1 de febrero de 2019 al 1 de junio de 2019
Vinculación de un joven pasante en el área de las ciencias sociales del 1 de febrero de 2019 al 1 de junio de 2019
Inicio de la formación del estudiante de doctorado en el marco del proyecto
Vinculación de un joven auxiliar investigador al proyecto";50,03%;49,97%;47,50%;52,50%;0,00%;0,00%;0,00%;0,00%
2022;Propuesta de Investigación Convocatoria;No Avalada;923;CONVOCATORIA MOVILIDAD ACADÉMICA CON EUROPA - CAPÍTULO UNO: PROGRAMA ECOS NORD INTERCAMBIO DE INVESTIGADORES COLOMBIA - FRANCIA;Programa ECOSNORD Francia;Ejecutor;"1. UT2J Université Jean Jaurès Toulouse - Francia
2. CIMAV Durango - Mexico";N/A;36;"UDFJC:

UT2J:

CIMAV:
"; $ 92.815.840 ; $ 92.815.840 ; $ 92.815.840 ; $ -   ; $ 92.815.840 ; $ -   ; $ -   ; $ -   ; $ -   ; $ -   ; $ -   ; $ -   ; $ -   ; $ -   ; $ -   ;"- Proyecto de documental UVED Parque Chingaza (equivalente del proyecto UVED Reerva de la Biosfera Mapimí) 
- Publicaciones (VIA revista sobre el ecosistema, Geocarrefour, …)
- Coordinación de un Simposio en el 9º Congreso Internacional del Consejo Europeo de Investigaciones Sociales de América Latina (CEISAL) Alvaro Gutiérrez/Teresa Alarcón 2025
- Coordinación de un número de la revista ORDA 2025";"- Actividad de Apropiación Social del Conocimiento.
- Proyecto de documental UVED Parque Chingaza (equivalente del proyecto UVED Reerva de la Biosfera Mapimí
- Publicaciones (VIA revista sobre el ecosistema, Geocarrefour, …)
- Coordinación de un Simposio en el 9º Congreso Internacional del Consejo Europeo de Investigaciones Sociales de América Latina (CEISAL) Alvaro Gutiérrez/Teresa Alarcón 2025
- Coordinación de un número de la revista ORDA 2025";100,00%;0,00%;0,00%;0,00%;0,00%;0,00%;0,00%;0,00%
2022;Propuesta de Investigación Convocatoria;No Avalada;N/A;Concurso Programas Regionales Stic-Amsud, Math-Amsud yClimat-Amsud, Año 2022;Programa Regional Stic-Amsud Francia 2022;Ejecutor;"1. Universidad Tecnológica Nacional (Argentina)
2. Universite Grenoble Alpes (Francia)";N/A;24;"UDFJC:
ITI: Innovación en Tecnologías de Información"; $ 45.833.614 ; $ 15.364.084 ; $ 36.995.097 ; $ 8.838.517 ; $ 15.364.084 ; $ -   ; $ 8.838.517 ; $ 12.533.858 ; $ -   ; $ 9.097.155 ; $ -   ; $ -   ; $ -   ; $ -   ; $ -   ;"- Dissemination actions of the project outcomes (and how STIC AmSud will be mentioned)
- Participation in two conferences related to Artificial Intelligence, Data Mining, or Data Science.";"Expected results
- Data science web-based platform with the results of the behavior of the COVID 19
- Conference paper presenting the Data Understanding and Data Preparation
- Conference paper presenting the first stage of the Modeling
- Journal article presenting the Modeling and Evaluation";33,52%;19,28%;0,00%;100,00%;27,35%;19,85%;0,00%;0,00%
2022;Propuesta de Investigación Convocatoria;No Avalada;N/A;Trampolín “T-ECOS NORD 2022”;Embajada de Francia en Colombia;Ejecutor;Consorcio CIRAD (Montpellier) y el Instituto Clément Ader (ICA, Tarbes);N/A;0;"UDFJC:
Productos y procesos del Bosque (Propobos)"; $ 8.959.800 ; $ 8.959.800 ; $ 8.959.800 ; $ -   ; $ 8.959.800 ; $ -   ; $ -   ; $ -   ; $ -   ; $ -   ; $ -   ; $ -   ; $ -   ; $ -   ; $ -   ;"Visitas al ICA (Tarbes) y al CIRAD (Montpellier):
1. Se realizarán presentaciones sobre el trabajo previo en esta materia y además sobre las sinergias posibles entre los equipos.
2. Definición del anteproyecto de investigación. Se realizarán reuniones donde se acordarán aspectos científicos de la propuesta a presentar por la convocatoria ECOS NORD 2023.
3. Revisión de aspectos técnicos del protocolo de gestión en desarrollo.
4. Visita instalaciones CIRAD en Montpellier e ICA en Tarbes.
5. Reunión de cierre con el fin de realizar una síntesis de las discusiones de ambos equipos.";- Anteproyecto de investigación para presentar a la Convocatoria ECOS NORD 2023;100,00%;0,00%;0,00%;0,00%;0,00%;0,00%;0,00%;0,00%
2022;Propuesta de Investigación Convocatoria;No Avalada;29;Convocatoria de la asignación para la CTeI del SGR para la conformación de un listado de propuestas de proyecto elegibles para el fortalecimiento de capacidades en innovación del tejido empresarial regional.;MinCiencias;Ejecutor;"1. Universidad Tecnológica del Chocó
2. Corporación INNPRENDE
3. Neptuna S.A.S.
4. Alcaldía de Palmira";N/A;24;"UDFJC:
- Internet Inteligente"; $ 5.250.000.000 ; $ -   ; $ 5.000.000.000 ; $ 250.000.000 ; $ 5.000.000.000 ; $ -   ; $ 125.000.000 ; $ -   ; $ 31.250.000 ; $ -   ; $ 50.000.000 ; $ -   ; $ 31.250.000 ; $ -   ; $ 12.500.000 ;"25 IPS habilitadas en telesalud
Capacitación de las 25 IPS, EPS y del 85% de los profesionales intervenidos
25 IPS con implementación de la plataforma tecnológica instalada y en producción 
62 puntos de atención remota instalados y en producción
Capacitación de las comunidades que recibirán la tecnología en sus territorios, de manera que este se adapte a sus principales necesidades y sea validado por la comunidad. 
Generación de 68 nuevos empleos para personas de los territorios, se tomará en cuenta el desarrollo profesional, pertenencia a poblaciones étnicas y el enfoque de género.
1 esquema de monitoreo y mantenimiento de los equipos para el adecuado funcionamiento.
1 esquema de monitoreo de los pacientes.
Vinculación de 31000 usuarios que recibirán atención por medio del nuevo sistema tecnológico.
Paquete tecnológico monitoreado y ejecución de mantenimiento. MEDIANO
Estrategia de comercialización y transferencia de la tecnología instalada.
Validación de las tecnologías implementadas en los territorios, para garantizar que estas sean usadas de manera eficiente por parte de las comunidades.
Instalación de modelo especial de atención en salud en municipios.
Estrategia de propiedad intelectual.
Elaboración de al menos un artículo de investigación por el que se valide la implementación del programa en el departamento, que sirva de insumo a otros territorios y en la toma de decisiones respecto a la implementación e inversión de nuevas tecnologías para la atención en salud básica y toma de muestras de laboratorio.
Se aumentará la capacidad de atención de cuatro hospitales intervenidos en el departamento, aumentado los porcentajes de atención satisfactoria en 5%, que den cuenta del acceso, oportunidad y resolutividad.
100% de los profesionales vinculados estarán capacitados en tecnologías 4.0 y herramientas de investigación para la gestión y ejecución de proyectos.
Se dejará instalada dotación tecnológica que puede seguir siendo usada por las comunidades para acceder a los sistemas de salud.
Sistema de inteligencia epidemiológica.";"- Servicio de apoyo para el desarrollo tecnológico y la innovación: 25 Prototipos desarrollados
- Sistema de información para la innovación empresarial en operación
- Servicio de apoyo para la transferencia de conocimiento y tecnología: 25 Organizaciones beneficiadas a través de la estrategia de gestión de la I+D+i";95,24%;2,38%;0,00%;100,00%;0,60%;0,95%;0,60%;0,24%
2022;Propuesta de Investigación Convocatoria;No Avalada;29;Convocatoria de la asignación para la CTeI del SGR para la conformación de un listado de propuestas de proyecto elegibles para el fortalecimiento de capacidades en innovación del tejido empresarial regional.;MinCiencias;Ejecutor;"1. AGENCIA DE DESARROLLO LOCAL – ADEL NARIÑO
2. CORPORACIÓN INNPRENDE
3. NEPTURA ZOMAC S.A.S
4. FUNDACIÓN TECNALIA COLOMBIA";N/A;24;"UDFJC:
- Aqua Format"; $ 5.299.487.576 ; $ -   ; $ 5.047.131.025 ; $ 252.356.551 ; $ 5.047.131.025 ; $ -   ; $ 126.178.276 ; $ -   ; $ 50.471.310 ; $ -   ; $ 25.235.655 ; $ -   ; $ 25.235.655 ; $ -   ; $ 25.235.655 ;"- Implementación de váuchers de innovación a empresas del sector agroforestal
- Un modelo de transferencia tecnológica e innovación para la validación, experimentos, prueba de concepto y lanzamiento con adoptadores tempranos.
- Plataformas tecnológica para facilitar transacciones de licencias de propiedad intelectual y transferencia de tecnología e innovaciones mediante contratos inteligentes (blockchain).
- Documento estratégico, Documento técnico de inventarios agroforestales, Base de datos fotográficos y contenidos digitales para alimentación de bases big data.
- Documento estratégico generado con la valoración y generación de servicio ecosistémico en captura de carbono
- Desarrollo de un programa para que los operadores de las unidades productivas realicen valoración, control y seguimiento a los activos agroforestales mediante procesos automatizados.
- Áreas priorizadas por los operadores de las unidades productivas conservadas con tecnologías 4.0, como mecanismo de protección a cuencas hídricas y suelos.
- Desarrollar una plataforma de trazabilidad y mecanismos de financiación de los activos productores de descarbonización o de alto crecimiento (Bosque, plantaciones forestales) protectoras de fuentes hídricas y suelos.
- Desarrollar un contrato inteligente con tecnología Blockchain por activo forestal atendido. condiciones de comercialización (Criptoactivos y monetización) para la conservación ambiental.
- Desarrollar un modelo de monetización para la protección de los activos ambientales priorizados.
- Participar en un congreso.
- Diseñar y Publicar una guía técnica con los resultados del proyecto";"- Servicios de apoyo para la implementación de innovación en las empresas: 15 Empresas apoyadas
- Un Sistema de información para la innovación empresarial en operación";95,24%;2,38%;0,00%;100,00%;0,95%;0,48%;0,48%;0,48%
2022;Propuesta de Investigación Convocatoria;No Avalada;N/A;INVESTIGACIÓN E INNOVACIÓN PARA LA SOLUCIÓN DE RETOS DEL SECTOR SALUD;ATENEA;Co-ejecutor;1. Pontificia Universidad Javeriana - PUJ;N/A;36;"UDFJC:
- Instrumentación Científica y Didáctica
PUJ:
- Alimentos, Nutrición y Salud"; $ 1.506.644.248 ; $ -   ; $ 664.873.925 ; $ 841.770.323 ; $ 664.873.925 ; $ -   ; $ 44.400.000 ; $ -   ; $ 797.370.323 ; $ -   ; $ -   ; $ -   ; $ -   ; $ -   ; $ -   ;"Este proyecto se espera genere los siguientes resultados

•	Generación de un producto alimentario innovador que preserve el contenido de los compuestos bioactivos de la planta. A la fecha no hay ningún producto alimentario con inclusión de capuchina que preserve el potencial funcional de la planta, por lo tanto, la metodología empleada para el desarrollo del producto podrá ser considerada como un modelo de utilidad innovador susceptible de transferirse a l industria.
•	Confirmación del efecto funcional de la planta en una muestra representativa de pacientes con obesidad: se espera que la intervención con la bebida funcional induzca una reducción de las concentraciones de lípidos en plasma, de los índices de riesgo cardiovascular y de la resistencia a la insulina, así como la inducción de la respuesta antioxidante. El posible efecto de la intervención con la bebida funcional permitiría a futuro explorar el efecto fitoterapéutico de la capuchina.  
•	Descripción de la concentración de los neuropéptidos relacionados con la regulación de la ingesta y control del balance energético: Se espera hallar un efecto modulador de la ingesta de la bebida sobre la concentración de neuropéptidos reguladores del apetito y el balance energético, lo cual podría sugerir permitir explorar en futuros estudios el potencial de la planta en la regulación del apetito, el cual no ha sido reportado previamente en la literatura.
•	Caracterización de la expresión génica y metabolómica en muestras de sangre de los pacientes obesos previo y posterior a la intervención con la bebida funcional. El análisis nutrigenómico y metabolómico permitirá identificar los mecanismos subyacentes de los efectos detectados en los marcadores bioquímicos mediante el establecimiento de redes de asociación biológica.
•	Caracterización de los aspectos demográficos, socioeconómicos y de los hábitos y estilos de vida de los individuos que participan en el estudio. Permitirá identificar aspectos a intervenir en el marco del abordaje integral de la obesidad, los cuales serán socializados con el personal de salud de las unidades de atención de donde fueron captados los pacientes para el estudio clínico. Dicha caracterización se identifica como un antecedente para establecer un estudio a futuro que permita analizar la obesidad en la población adulta de Bogotá, a la luz del enfoque de determinantes sociales de la salud.";"- Dos Artículos originales de resultados publicado en revistas catalogadas como A1 y A2 
- Generación de un producto alimenticio innovador que preserve el contenido de fitoquímicos de T. majus.
- Participación en un evento científico internacional, presentando los resultados de la investigación
- Elaboración de un material educativo impreso con las guías para la realización de transferencia de capacidades a los profesionales de la salud que laboran en la red integrada de servicios de salud del Distrito de donde se captaron los pacientes para la intervención.
- Cuatro Talleres de socialización de resultados con profesionales de la salud
- Formación culminada de dos estudiantes de pregrado al proyecto.
- Vinculación de un estudiante de doctorado en el marco del proyecto";44,13%;2,95%;0,00%;100,00%;52,92%;0,00%;0,00%;0,00%
2022;Propuesta de Investigación Convocatoria;No Avalada;931;CONVOCATORIA FORTALECIMIENTO ACTORES INDUSTRIA HIDROCARBUROS;MinCiencias;Co-ejecutor;"1. EAFIT
2. Fuerza Aérea Colombiana - FAC
3. Servicio Geológico Colombiano - SGC
4. Corporación de Alta Tecnología para la Defensa -Codaltec";N/A;12;"UDFJC:
- Grupo de Investigación en Telemedicina GITEM++
EAFIT:
- Oficina de Transferencia de Resultados de Investigación - Otri - Dependiente
- Grupo de investigación en modelado matemático
FAC:
- Grupo de Investigación Aplicada en Tecnologías Aeroespaciales - HEFESTO
SGC:
- Institución pública técnica y científica reconocida como Centro de Investigación.
- Grupo reconocido y clasificado de Investigación y Desarrollo en Aplicaciones Satelitales para el estudio de la Dinámica de la Tierra-ASEDT
CODALTEC:
- 2.1.3.1 	Centro de Investigación - Corporación de Alta Tecnología para la Defensa -Codaltec
- 2.1.3.2 	Grupo de Investigación y desarrollo de sensores -GIDS
- 2.1.3.3 	Grupo de investigación enfocado en el desarrollo de software (Knowledge Technology Engineering Group) -KTEG}"; $ 4.604.701.940 ; $ 197.668.000 ; $ 1.998.411.792 ; $ 2.606.290.148 ; $ 1.998.015.792 ; $ -   ; $ 99.500.000 ; $ 264.000 ; $ 234.457.383 ; $ 132.000 ; $ 2.191.297.540 ; $ -   ; $ 66.535.225 ; $ -   ; $ 14.500.000 ;"Informes técnicos
Informes financieros
Reporte de Reconocimiento y diagnóstico de las condiciones técnicas de operación de emisiones
Acta de la reunión de inicio del proyecto entre los equipos de la ALIANZA
Reporte de caracterización
Modelo matemático
Ficha técnica
Informe de rediseño
Procedimiento de Montaje de infraestructura necesaria para el soporte e instalación de las unidades de medición en el sitio.
Ficha técnica del producto.
Reporte de pruebas de campo de emisiones de CO2, H2S y CH4 en instalaciones concentradas y aisladas.
Artículo Científico
Curso de capacitación en medición remota e in situ
Plataforma de software para manejo de datos e información
Plataforma de software para la visualización y monitoreo de la información
Un (1) Capítulos de libro o borradores para ser sometidos a evaluación, una por cada Joven Investigador e Innovador 
Diseño e implementación de una estrategia de comunicación a ANH.
Divulgación a Minciencias y/o ANH
Desarrollo de un algoritmo para identificación de coberturas de nubosidad en imágenes multiespectrales adquiridas por sensores ópticos Satelitales
Desarrollo de un algoritmo de recuperación de gases de efecto invernadero que incorpore la identificación de coberturas de nubosidad a partir de imágenes multiespectrales.
Una (01) propuesta de requerimientos de carga útil con base en los algoritmos desarrollados para la implementación de una futura misión satelital. 
Tres (3) documentos de Vigilancia tecnológica e Inteligencia Competitiva (VTeIC) de las tecnologías de monitoreo
Un (1) documento de vigilancia tecnológico e Inteligencia Competitiva (VTeIC) de la tecnología de procesamiento de datos
Difusión de resultados en dos eventos científicos, presentando los resultados de la investigación
Red de estaciones geodésicas de referencia y de fotocontrol
Coordenadas geodésicas de alta precisión de red geodésica y puntos de control fotogramétrico
Reporte de calibración de cada uno de los sensores. 
Informes técnicos de las actividades realizadas en terreno
Informe de materialización de estaciones de referencia y de control fotogramétrico, esquemas de materialización y descripción de cada estación con registro fotográfico
informe técnico descriptivo de la metodología empleada
Documento de coordenadas calculadas
Evidencias fotográficas y fílmicas de la materialización de los puntos.
Planes  de vuelo a ejecutar
Permiso de vuelo otorgado por la autoridad aeronáutica.
Datos tomados según las condiciones establecidas previamente
Evidencias fotográficas y fílmicas de la realización de vuelos
Bloques fotogramétricos
Modelos tridimensionales
Productos cartográficos finales
Análisis tectónico de la zona de estudio y estado de deformación de corteza terrestre
Estimación de retraso troposférico a partir de datos de estaciones geodésicas GNSS de la región de estudio
Mapas interferométricos
Propuesta metodológica para la generación de información geoespaciaL
Difusión de resultados en un evento científico
";"- Tres artículos categoría A2
- Un artículo categoría A1
- Un capítulo de libro categoría B
- Cuatro ponencias en eventos
- Dos Certificación de registro aprobado por la institución otorgante
- Cuatro Documento del proyecto de investigación que evidencie la
participación activa de las comunidades en su ejecución, o
documento del evento que evidencie la participación en el mismo de
las comunidades. Agenda de las reuniones y listas de asistencia
- Un Documento Estrategias de
comunicación del conocimiento
- Un documento Plan de divulgación y evento científicotécnico con personal de la ANH
- Dos CURSOS A PERSONAL DE ANH DE 20 HORAS
- Un Informe técnico descriptivo de la aplicación geodésica bajo el marco del proyecto
- Una Pieza Audiovisual
- VINCULACION DE TRES JOVENES INVESTIGADORES EN EL
MARCO DE LA PROPUESTA";43,39%;2,16%;0,00%;100,00%;5,10%;47,59%;1,44%;0,31%
2022;Propuesta de Investigación Convocatoria;No Avalada;N/A;INVESTIGACIÓN E INNOVACIÓN PARA LA SOLUCIÓN DE RETOS DEL SECTOR SALUD;ATENEA;Co-ejecutor;"1. Universidad del Rosario - UR
2. Hospital Universitario Méderi - HUM
3. Fabrilab";N/A;24;"UDFJC:
- LASER
UR:
- Gibiome
- Grupo de investigación Clínica
HUM:

FABRILAB:
"; $ 949.156.525 ; $ 27.600.000 ; $ 664.582.171 ; $ 284.574.354 ; $ 664.582.171 ; $ -   ; $ 48.800.000 ; $ -   ; $ 211.774.354 ; $ -   ; $ -   ; $ -   ; $ 24.000.000 ; $ -   ; $ -   ;El dispositivo que se espera obtener de este proyecto permitirá conocer la concentración de glucosa en el organismo del paciente y conocer los alimentos que son aptos para consumir según los datos recolectados de concentración de glucosa. Este dispositivo tendrá un bajo costo comparado a otros dispositivos similares en el mercado permitiendo a pacientes que padecen diabetes en la ciudad de Bogotá D.C acceder a un dispositivo con el cual pueden conocer su nivel de glucosa de forma no invasiva y, conocer de forma instantánea la composición y el índice glucémico del los alimentos que van a consumir con el fin de prevenir complicaciones de la enfermedad y contribuyendo a disminuir el índice de mortalidad por esta enfermedad en la región.;" Biosensor basado en papel y nanopartículas con propiedades fluorescentes que permite la detección de glucosa de forma no invasiva.
 Sensor de bajo costo basado en espectrometría infrarroja para identificar la composición química de los alimentos.
 Aplicación móvil que permita almacenar e interpretar los datos relacionados a los sensores desarrollados.
 Base de datos de composición química de alimentos que son de consumo habitual en la ciudad de Bogotá, D.C.
 Sistema portable de dos partes, la primera en la que se cuantifica la cantidad de glucosa presente en una muestra y la segunda que identifica la composición de los alimentos.
 Artículo Q1 publicado en revista Open-Access
 1 Conferencia nacional
 1 Conferencia internacional
 Registro de software ante de la DNDA
 Evento para apropiación social del conocimiento (EMCS-UR)
- Formación laboral e investigativa de 4 estudiantes recién egresados
- Formación laboral e investigativa de 4 estudiantes de maestría";70,02%;5,14%;0,00%;100,00%;22,31%;0,00%;2,53%;0,00%
2022;Propuesta de Investigación Convocatoria;No Avalada;923;CONVOCATORIA MOVILIDAD ACADÉMICA CON EUROPA - CAPÍTULO TRES: PROGRAMA BMBF ALEMANIA;Programa BMBF Alemania;Ejecutor;1. Universidad de Ciencias Aplicadas de Stuttgart;N/A;24;"UDFJC:

SdeStu:"; $ 55.755.200 ; $ 35.955.200 ; $ 35.955.200 ; $ 19.800.000 ; $ 35.955.200 ; $ -   ; $ 19.800.000 ; $ -   ; $ -   ; $ -   ; $ -   ; $ -   ; $ -   ; $ -   ; $ -   ;"- Listado de elementos cartográficos, variables de la base de datos y compatibilidad de salidas gráficas
- Utilización de las diferentes herramientas para el desarrollo del proyecto 
- Simulación del modelo de cálculo de potencial solar en la zona
- Participantes de la comunidad académica certificados en el manejo de la herramienta de planificación.";"Circulación de conocimiento especializado: participación en redes de conocimiento en el marco de las movilidades internacionales

Entro de los productos esperados se encuentra:
· Listado de elementos cartográficos, variables de la base de datos y compatibilidad de salidas gráficas
· Utilización de las diferentes herramientas para el desarrollo del proyecto
· Simulación del modelo de cálculo de potencial solar en la zona
· Participantes de la comunidad académica certificados en el manejo de la herramienta de planificación.";64,49%;35,51%;0,00%;100,00%;0,00%;0,00%;0,00%;0,00%
2018;Propuesta de Investigación Convocatoria;Contrato firmado;816;N/A;MinCiencias;Co-ejecutor;1- MARKET TEAM S.A.;N/A;12;N/A; $ 696.972.000 ; $ -   ; $ 581.068.000 ; $ 115.904.000 ; $ 474.850.000 ; $ -   ; $ 10.400.000 ; $ 106.218.000 ; $ 105.504.000 ; $ -   ; $ -   ; $ -   ; $ -   ; $ -   ; $ -   ;"Creación de algoritmo de detección de conjuntos de objetos:
Algoritmos ejecutables dentro de la aplicación. 
Creación de aplicación general setup inicial implementación de diseño y plantillas Modulo de proyectos
Autenticación de usuarios administración de usuarios modulo/rol/usuario Administración decategorías-subcategorias-productos
Administración de espacios 
Administración de puestos 
Administración de promocionales
Procesamiento de imágenes supervisión de imágenes 

Aprendizaje de imágenes:
Sistema de administración WEB seguro para el análisis de imágenes. 
Etapa de desarrollo - procesamiento Modulo general -Web Services
Modulo de supervisión de imágenes 
Modulo de interfaz móvil para captura de imágenes 

Modulo de resultados y reportes: 
Aplicación móvil para la captura correcta de imágenes, 
Web services módulos bacth y Online para análisis de imágenes, 
Reportes y resultados web. 
Modulo web de supervisión de imágenes para control de calidad. 
Reporte de resultados obtenidos y conclusiones";"* Reporte con las referencias de productos obtenidos de los  300 Stock Keeping Unit e imágenes de entrenamiento seleccionadas en el sistema. 
* 300 modelo sde TensorFlow y Open Cv generados por categoria 
* Sistema de aprendizaje a traves de texto. 
Algoritmos ejecutables dentro de la aplicación.
* Estructura de datos para la explotación del Sistema de administración WEB seguro para el análisis de imágenes. Sistema de administración 
* Mejora de la usabilidad de la Aplicación móvil para la captura correcta de imágenes, Web services módulos bacth y Online para análisis de imágenes, Reportes y resultados web. modulo web de supervisión de imágenes para control de calidad.
*Reporte de resultados obtenidos y conclusiones ";68,13%;1,49%;0,00%;100,00%;30,38%;0,00%;0,00%;0,00%
2022;Propuesta de Investigación Convocatoria;No Avalada;30;CONVOCATORIA DE LA ASIGNACIÓN PARA LA CTEI DEL SGR PARA LA CONFORMACIÓN DE UN LISTADO DE PROYECTOS ELEGIBLES PARA EL FORTALECIMIENTO DE LAS CAPACIDADES DE INNOVACIÓN EN EL SECTOR EMPRESARIAL Y EL DESARROLLO Y TRANSFERENCIA DE TECNOLOGÍA CON ENFOQUE REGIONAL (Mecanismo 1);MinCiencias;Co-ejecutor;"1. Fundación Ernesto Schiefelbein
2. Alcaldía de Chinácota, Norte de Santander";N/A;14;"UDFJC:
- GICOGE"; $ 9.502.834.187 ; $ -   ; $ 9.449.834.187 ; $ 53.000.000 ; $ 9.449.834.187 ; $ -   ; $ 24.000.000 ; $ -   ; $ 24.000.000 ; $ -   ; $ 5.000.000 ; $ -   ; $ -   ; $ -   ; $ -   ;"Actividad No. 1	No. de Informes respecto del avance y/o realización de los eventos de sensibilización y actas de compromiso.	1
Actividad No. 2	Número de personas capacitadas en buenas prácticas para la implementación de modelos de producción agroecológica	166
Actividad No. 3	Número de personas capacitadas en sostenibilidad e inocuidad como resultado de los modelos de producción agroecológica.	 166
Actividad No. 4 	No. de informes de avance técnico en el establecimiento de los modelos 11
Actividad No. 5	No. De Toma y Análisis de muestras de suelo	320
	No. análisis de agua de riego	320
	No. Análisis de Tejido Vegetal	640
	No. Análisis de Calidad del Fruto (Inocuidad)	640
	No. de Toma, Procesamiento y Análisis de Clorofila.	640
	No. de Toma, Procesamiento y Análisis Índice de Vegetación de Diferencia Normalizada.	640
	No. de Toma, Procesamiento y Análisis de Nitrógeno.	640
Actividad No. 6	Número de personas capacitadas en gestión de la innovación y oportunidades de negocio asociadas a proyectos.	166
Actividad No. 7	Numero de eventos de socialización y divulgación de resultados por cada municipio.	4
Actividad No. 8	No. de informes de avance de administración.	14
Actividad No. 9	No. de Informes de la actividad de apoyo a la supervisión	14";"Un (1) documento con las memorias de las personas sensibilizadas (No. de proyectos 2).
Un (1) documento con el número de paquetes de innovación tecnológica a las familias junto con la adopción del proceso innovador y estandarización de los modelos (160).";99,44%;0,25%;0,00%;100,00%;0,25%;0,05%;0,00%;0,00%
2022;Propuesta de Investigación Convocatoria;No Avalada;31;CONVOCATORIA DE LA ASIGNACIÓN PARA LA CIENCIA, TECNOLOGÍA e INNOVACIÓN PARA AMBIENTE Y DESARROLLO SOSTENIBLE DEL SGR PARA LA CONFORMACIÓN DE UN LISTADO DE PROYECTOS ELEGIBLES DE INVESTIGACIÓN, DESARROLLO E INNOVACIÓN Y FORTALECIMIENTO DE CENTROS DE INVESTIGACIÓN PARA EL AMBIENTE Y EL DESARROLLO SOSTENIBLE EN LAS REGIONES;MinCiencias;Ejecutor;"1. MUNICIPIO DE CUCAITA 
2. MUNICIPIO DE UBATE
3. GESTION ESPECIALIZADA DE SOLUCIONES TECNOLOGICAS Y ORGANIZACIONES SUSTENTABLES SAS
4. ASOCIACIÓN DE SUSCRIPTORES DEL ACUEDUCTO VEREDA EL LLANO ""ACUALLANO""";N/A;18;"UDFJC:
- Grupo de Instrumentación Científica y Didáctica
- Física del Medio Ambiente y Energía Solar
- INDESOS - Investigación para el desarrollo sostenible
- Grupo de Investigación en Ingeniería Civil
Universidad Distrital -GIICUD"; $ 6.505.403.536 ; $ -   ; $ 6.291.000.000 ; $ 214.403.536 ; $ 6.291.000.000 ; $ -   ; $ 199.307.584 ; $ -   ; $ 3.985.280 ; $ -   ; $ 6.740.448 ; $ -   ; $ 4.370.224 ; $ -   ; $ -   ;"- Análisis de las características físicas, químicas y de calidad del agua proveniente de las cuencas Alta, media y baja del Rio Suarez-Ubaté
- Situación de las cuencas de ubicación geográfica, zonas de afectación ambiental y análisis concluyente de interacción de aspectos físicos, sociodemográficos, económicos.
- Obtención de nanomateriales y biomaterial
- Verificación de los nanomateriales y biomateriales
- Filtros de nanomateriales
- Obtención de Biochar-grafeno, validación de óxido de grafeno y oxido de grafeno reducido
- Un módulo de tratamiento de aguas contaminadas con nano y biomateriales
- Solicitud de patente del módulo de tratamiento de aguas
- Obtención de Biochar-grafeno, validación de óxido de grafeno y oxido de grafeno reducido
- Conformación de mesas de trabajo, implementación de concurso
- taller de capacitación
- Jornada de reciclaje , promoción y divulgación, diplomado";"- Tres artículos de investigación
- Una solicitud de patente
- Una pieza divulgativa
- Se realizarán 1 tesis de pregrado, 2 trabajos de maestría,1 tesis de doctorado basados en el proyecto planteado";96,70%;3,06%;0,00%;100,00%;0,06%;0,10%;0,07%;0,00%
2022;Propuesta de Investigación Convocatoria;No Avalada;31;CONVOCATORIA DE LA ASIGNACIÓN PARA LA CIENCIA, TECNOLOGÍA e INNOVACIÓN PARA AMBIENTE Y DESARROLLO SOSTENIBLE DEL SGR PARA LA CONFORMACIÓN DE UN LISTADO DE PROYECTOS ELEGIBLES DE INVESTIGACIÓN, DESARROLLO E INNOVACIÓN Y FORTALECIMIENTO DE CENTROS DE INVESTIGACIÓN PARA EL AMBIENTE Y EL DESARROLLO SOSTENIBLE EN LAS REGIONES;MinCiencias;Ejecutor;"1. Corporación Universidad Piloto de Colombia
2. Alcaldía Municipal de Sopó
3. Alcaldía Municipal de Guasca
4. Alcaldía Municipal de Aquitania
5. Aguas del Tequendama S.A E.S.P - ERAT
7. TECSOL LTDA";N/A;36;"UDFJC:
- Propobos"; $ 6.645.530.826 ; $ -   ; $ 6.065.588.750 ; $ 579.942.076 ; $ 6.065.588.750 ; $ -   ; $ 209.532.600 ; $ -   ; $ 80.000.000 ; $ -   ; $ 45.469.392 ; $ -   ; $ 110.540.084 ; $ -   ; $ 134.400.000 ;"Proporcionar, a través del Modelo de innovación para el ciclo integral de los residuos, mecanismos que permitan a las entidades prestadoras de servicios públicos de aseo y asociaciones de los municipios dedicadas a actividades de aprovechamiento y gestión de los RSU, mayor cobertura, continuidad, eficiencia y calidad en las diferentes estrategias y metas por encima de lo establecidos en los Plan de Gestión Integral de Residuos Sólidos -PGIRS. 

 

Igualmente, como parte de los resultados esperados se contará con: 

    La caracterización de la composición de los RSU de cada municipio priorizado. 

    Alternativas de valorización de los RSU de acuerdo con los resultados de la caracterización realizada en cada municipio. 

    Estudio de factibilidad a la medida de las condiciones particulares de cada municipio priorizado para el transporte de los residuos que contempla el uso de vehículos recolectores eléctricos, con producción de energía solar y la valorización energética propia de los RSU. 

    3 Pilotos de compostaje y valorización energética con implementación de desarrollos tecnológicos distribuidos así: uno para municipios de Cundinamarca de clima frío, uno para municipios de Cundinamarca de clima templando y uno para el municipio de Aquitania Boyacá. 

    Desarrollo de programas de formación y capacitación dirigida a los actores de la cadena de valor de los RSU en cada uno de los municipios priorizados. 

    Campañas de sensibilización a los ciudadanos y a los actores en torno a la cadena de valor de los RSU en cada uno de los municipios priorizados. 

 

El proyecto estima pasar de una disposición total de los residuos en rellenos sanitarios a alcanzar una reducción igual o superior al 40% de sus residuos en rellenos sanitarios, lo cual representa una línea base con la implementación del proyecto, para en un plazo de 3 años y con una reducción del 15% anual acumulada se evidencien mejoras ostensibles a esta problemática. Con esta línea base, en el 2025 se revertiría la situación de los últimos 10 años y adicionalmente se reduce en un 25% la disposición final en los rellenos sanitarios. ";"- Tres Artículos de investigación 
- Tres prototipos desarrollados
- Dos trabajos de grado de Maestria
- Cinco Estrategias de socialización y comunicación del conocimiento desarrolladas e implementadas 
- Doce informes de gestión";91,27%;3,15%;0,00%;100,00%;1,20%;0,68%;1,66%;2,02%
2018;Propuesta de Investigación Convocatoria;Contrato firmado;Invitación a presentar propuesta para dar respuesta al reto de Ciencia y TIC - Construir, educar y proteger: una misión dorada;N/A;MinCiencias;Ejecutor;N/A;N/A;7;N/A; $ 215.639.000 ; $ 179.739.000 ; $ 179.739.000 ; $ 35.900.000 ; $ 179.739.000 ; $ -   ; $ 35.900.000 ; $ -   ; $ -   ; $ -   ; $ -   ; $ -   ; $ -   ; $ -   ; $ -   ;"Nuestra propuesta consiste en la implementación de un programa de lavado artesanal llamado “Mi Pez” que contará con una fase de intervención física a los lavaderos con implementación de elementos TIC y otra de proyección y apropiación social.
 
Se adecuarán lavaderos acordes al contexto sobre el mismo lugar en el que están ubicados actualmente, los cuales contarán con un sistema de filtrado y limpieza para disminuir porcentajes de contaminación del agua antes de ser vertida nuevamente a la quebrada y adecuando sensores que enviarán datos de uso a un punto de información físico que permitirá generar conciencia y apropiación en la población. Se asegura que el funcionamiento de los dispositivos TIC no intervendrá ni modificará el proceso de lavado de ropa de las personas.
 
Por otra parte, tendremos un proceso de educación ambiental y concientización que potenciará la apropiación social del conocimiento de la solución, lo que permitirá incluir de manera activa a la comunidad fortaleciendo el proceso de construcción de tejido social desde la base de la interacción entre los pobladores.
 
Por último, se desarrollará una página web para divulgar el proceso y resultados del proyecto hacia otras comunidades interesadas en resolver problemáticas comunes.
";"1- Se adecuará la zona en la que actualmente se encuentran los lavaderos para levantar unos nuevos que permitan realizar el proceso de lavado fuera de la quebrada, su altura estará acorde a los resultados que arroje la caracterización de la población con el fin de prevenir enfermedades o dolencias corporales, el agua subirá desde la quebrada hasta la altura de los lavaderos por medio de un ducto impulsado por una bomba. Los nuevos lavaderos contarán con un sistema de filtrado y limpieza que disminuirá los grados de contaminación del agua utilizada en el proceso antes de ser vertida nuevamente al afluente. Se instalarán sensores que permitirán medir datos de la actividad como litros de agua utilizada, Litros de agua procesada regresada al afluente, horas de mayor afluencia, que serán enviados a un punto de información físico que se construirá en el proceso pedagógico con la población.

2- Se implementará un punto de información físico que incluirá herramientas TIC para recibir las mediciones realizadas por los sensores en los lavaderos y mostrarlas por medio de una pantalla programada con elementos gráficos e interactivos para generar conciencia e incentivo en la población sobre el uso adecuado de los lavaderos.
También se desarrollará una página web que estará orientada al reporte detallado del proceso para su divulgación hacia otras comunidades que estén interesadas en implementar soluciones similares o en replicar esta.
 
3- Se llevará a cabo un proceso pedagógico sustentado en educación ambiental que incluirá el diseño y aplicación de instrumentos de interacción y recolección de información como árboles de problemas, matriz de viabilidad, pentágono de participación, cartografía social, entre otras, para generar encuentros con la población, talleres, estrategias de concientización e interacción con los nuevos dispositivos instalados y así potenciar el proceso de apropiación social del conocimiento. Se busca que el programa se convierta en un agente cohesionador generador de tejido social en la comunidad.
";83,35%;16,65%;0,00%;100,00%;0,00%;0,00%;0,00%;0,00%
2022;Propuesta de Investigación Convocatoria;No Avalada;31;CONVOCATORIA DE LA ASIGNACIÓN PARA LA CIENCIA, TECNOLOGÍA e INNOVACIÓN PARA AMBIENTE Y DESARROLLO SOSTENIBLE DEL SGR PARA LA CONFORMACIÓN DE UN LISTADO DE PROYECTOS ELEGIBLES DE INVESTIGACIÓN, DESARROLLO E INNOVACIÓN Y FORTALECIMIENTO DE CENTROS DE INVESTIGACIÓN PARA EL AMBIENTE Y EL DESARROLLO SOSTENIBLE EN LAS REGIONES;MinCiencias;Ejecutor;"1 MYLABS SAS
2. CORPORACIÓN INNPRENDE SAS
3. NEPTURA ZOMAC 
4. FUNDACIÓN TECNALIA COLOMBIA";N/A;24;"UDFJC:
- AQUAFORMAT"; $ 13.202.771.295 ; $ -   ; $ 12.943.893.427 ; $ 258.877.869 ; $ 12.943.893.427 ; $ -   ; $ 129.438.934 ; $ -   ; $ 25.887.787 ; $ -   ; $ 25.887.787 ; $ -   ; $ 25.887.787 ; $ -   ; $ 51.775.574 ;"- Laboratorio portátil de biotecnología y robótica aplicada a residuos
sólidos
- Desarrollo de biotecnología para el aprovechamiento de residuos sólidos
- Desarrollar un sistema integrado para el aprovechamiento de residuos sólidos.
- Se realiza un proceso de transferencia de conocimiento de base biológica y en tecnologías emergentes 4.0 para manejo de residuos
sólidos
- Documento de lineamientos técnicos de la miniplanta robotizada
para el aprovechamiento de residuos sólidos";"- 2 Artículos en revistas indexadas SJR o WoS.
- El proyecto vincula a un estudiante de doctorado dentro del equipo base para la ejecución del proyecto
- Dotar laboratorio portátil de biotecnología y robótica aplicada a residuos sólidos.
- Ocho Informes técnicos y financieros de ejecución presentados
- Ocho Informes de supervisión";98,04%;0,98%;0,00%;100,00%;0,20%;0,20%;0,20%;0,39%
2022;Propuesta de Investigación Convocatoria;No Avalada;31;CONVOCATORIA DE LA ASIGNACIÓN PARA LA CIENCIA, TECNOLOGÍA e INNOVACIÓN PARA AMBIENTE Y DESARROLLO SOSTENIBLE DEL SGR PARA LA CONFORMACIÓN DE UN LISTADO DE PROYECTOS ELEGIBLES DE INVESTIGACIÓN, DESARROLLO E INNOVACIÓN Y FORTALECIMIENTO DE CENTROS DE INVESTIGACIÓN PARA EL AMBIENTE Y EL DESARROLLO SOSTENIBLE EN LAS REGIONES;MinCiencias;Ejecutor;"1. ASOMARVI
2. NEPTURA ZOMAC 
3. FUNDACIÓN TECNALIA COLOMBIA
4. AGAF";N/A;24;"UDFJC:
- AQUAFORMAT
- Compatibilidad e Interferencia Electromagnética  (CAMBIO DE ÚLTIMO MOMENTO)"; $ 6.365.980.265 ; $ -   ; $ 6.241.157.123 ; $ 124.823.142 ; $ 6.241.157.123 ; $ -   ; $ 62.411.571 ; $ -   ; $ 12.482.314 ; $ -   ; $ 12.482.314 ; $ -   ; $ 24.964.628 ; $ -   ; $ 12.482.314 ;"- 200 hectáreas con ferti- riego de agua modificada.
- 200 hectáreas protegidas con agua modificada.
- 1 algoritmo inteligencia artificial predictor de enfermedades
- 200 hectáreas atendidas con predictor de enfermedades
- 1 algoritmo de identificación e intervención adecuada para el control de procesos fenológicos.
- 200 hectáreas sembradas con drones aspersores de semillas 
- 200 hectáreas fumigadas con drones aspersores agroinsumos
- Banco estratégico de Germo
plasma con semillas
importadas y estudio de
semillas nacionales
- Aprovechamiento de recursos
destinados a los cultivos
inteligentes y con niveles de
captura de carbono
- Bioprospección
1. productos alimenticios innovadores
2. productos desarrollados tecnológicamente para la industria farmacéutica, alimenticia o cosmética
50 millones ventas comercio
electrónico";"- Cinco artículos de investigación
- Documentos de lineamientos técnicos
- Ocho informes de gestión";98,04%;0,98%;0,00%;100,00%;0,20%;0,20%;0,39%;0,20%
2022;Propuesta de Investigación Convocatoria;No Avalada;31;CONVOCATORIA DE LA ASIGNACIÓN PARA LA CIENCIA, TECNOLOGÍA e INNOVACIÓN PARA AMBIENTE Y DESARROLLO SOSTENIBLE DEL SGR PARA LA CONFORMACIÓN DE UN LISTADO DE PROYECTOS ELEGIBLES DE INVESTIGACIÓN, DESARROLLO E INNOVACIÓN Y FORTALECIMIENTO DE CENTROS DE INVESTIGACIÓN PARA EL AMBIENTE Y EL DESARROLLO SOSTENIBLE EN LAS REGIONES;MinCiencias;Co-ejecutor;"1. ICONTEC
2. NODRIZA
3. TECNALIA
4. ASOPATÍA
5. NEPTURA ZOMAC SAS 
6. Alcaldía Municipio de Patía";N/A;24;N/A; $ 6.457.871.947 ; $ -   ; $ 6.331.247.007 ; $ 126.624.940 ; $ 6.331.247.007 ; $ -   ; $ 37.987.482 ; $ -   ; $ 56.981.223 ; $ -   ; $ 6.331.247 ; $ -   ; $ 25.324.988 ; $ -   ; $ -   ;"- Modelo de medición y predicción de degradación de humedales y manglares.
- Documento técnico de medición de degradación de los humedales y manglares.
- Base de datos fotográficos y contenidos digitales para alimentación de bases big data.
- Documento con recomendaciones de acciones de mitigación y adaptación en humedales y manglares
- Documento estratégico de integración de las TIC
- Desarrollar contratos
inteligentes con
tecnología
Blockchain:
condiciones de
comercialización
(token bonos de
carbono) para la
conservación
ambiental (humedales
y manglares).
- Desarrollar el modelo
de monetización para
la protección de los
activos ambientales
priorizados
(humedales y
manglares).
- Diseñar y Publicar un
artículo de
investigación con los
resultados del
proyecto";"- Elaboración y publicación de (3) tres artículos en revistas indexadas SJR o WoS en temáticas en módelos de comercialización de activos ecosistémicos.
- Formación de estudiantes: (1) Un estudiante de doctorado, (2) dos estudiantes de maestría, (2) dos estudiantes de pregrado
- Desarrollar una plataforma de Descarbonización a partir de la tokenización de sumideros de carbono (humedales y manglares), que genere confiabilidad, tracción y liquidez a los cuidadores y comunidades protectoras.
- Participar en un congreso científico.
- Ocho informes técnicos y financieros
- Ocho informes de supervisión";98,04%;0,59%;0,00%;100,00%;0,88%;0,10%;0,39%;0,00%
2022;Propuesta de Investigación Convocatoria;No Avalada;31;CONVOCATORIA DE LA ASIGNACIÓN PARA LA CIENCIA, TECNOLOGÍA e INNOVACIÓN PARA AMBIENTE Y DESARROLLO SOSTENIBLE DEL SGR PARA LA CONFORMACIÓN DE UN LISTADO DE PROYECTOS ELEGIBLES DE INVESTIGACIÓN, DESARROLLO E INNOVACIÓN Y FORTALECIMIENTO DE CENTROS DE INVESTIGACIÓN PARA EL AMBIENTE Y EL DESARROLLO SOSTENIBLE EN LAS REGIONES;MinCiencias;Co-ejecutor;"1. Neptura (proponente)
2. Instituto Técnico de Putumayo
3. TECNALIA
InnPrende
4. ICONTEC
5. Alcaldía Municipal de Casa Blanca";N/A;24;"UDFJC:
- GIIRA
- Compatibilidad e Interferencia Electromagnética"; $ 4.871.600.469 ; $ -   ; $ 4.776.078.892 ; $ 95.521.578 ; $ 4.776.078.892 ; $ -   ; $ 19.104.316 ; $ -   ; $ 28.656.473 ; $ -   ; $ 19.104.316 ; $ -   ; $ 19.104.316 ; $ -   ; $ 9.552.158 ;"- Infraestructura para la investigación dotada 
- Desarrollar algoritmo con inteligencia artificial para la predicción de enfermedades propias del cultivo de cacao, pimienta y forestal (plagas, hongos, virus, bacterias).
- Capacitar a los docentes, investigadores y semilleristas en el uso de tecnologías emergentes 
- Implementar el análisis genético en los residuos orgánicos de cacao, pimienta y forestal.
- Elaborar un documento de lineamientos técnicos de buenas prácticas en los procesos productivos del cacao, pimienta y forestal.
- Desarrollo de un programa para que los operadores de las unidades productivas realicen valoración, control y seguimiento a los activos agroforestales mediante procesos
automatizados.
- Desarrollar una plataforma de trazabilidad y mecanismos de financiación de los activos productores de descarbonización o de alto crecimiento (Bosque, plantaciones forestales) protectoras de fuentes hídricas y suelos.
- Desarrollar un contrato inteligente con tecnología Blockchain por activo forestal atendido. condiciones de comercialización (Criptoactivos y monetización) para la conservación
ambiental.
- Desarrollar un modelo de monetización para la protección de los activos ambientales priorizados.
- Participar en un congreso. 
- Diseñar y Publicar una guía técnica con los resultados del proyecto ";"- Elaboración y publicación de (3) tres artículos en revistas indexadas SJR o WoS en temáticas en módelos de comercialización de activos ecosistémicos.
- Formación de estudiantes: (1) Un estudiante de doctorado, (2) dos estudiantes de maestría, (2) dos estudiantes de pregrado
- Participar en un congreso científico.
- Ocho informes técnicos y financieros
- Ocho informes de supervisión";98,04%;0,39%;0,00%;100,00%;0,59%;0,39%;0,39%;0,20%
2022;Propuesta de Investigación Convocatoria;No Avalada;N/A;Programa Nacional de Concertación Cultural;MinCultura;Ejecutor;N/A;N/A;5;"UDFJC:
- Malinche"; $ 79.397.843 ; $ -   ; $ 50.000.000 ; $ 29.397.843 ; $ 50.000.000 ; $ -   ; $ 29.397.843 ; $ -   ; $ -   ; $ -   ; $ -   ; $ -   ; $ -   ; $ -   ; $ -   ;"- Relacionar prácticas culturales de frontera como lo son las artes drag y transformista,  con el propósito de relacionarlas entre sí y con públicos amplios de arte formal e institucional.
- Localizar y convocar grupos, personas o colectivos LGBTI dentro de las localidades de Bogotá y otras capitales de Colombia, que tengan como herramienta política el uso de prácticas fotográficas y performáticas. 
- Realizar talleres en donde se puedan aportar ideas y enriquecer el trabajo de invención fotográfica y performática que realizan los  grupos o personas LGBTI en Colombia.
- Propiciar  diálogos que ayuden a la construcción colectiva de  las comunidades drag, trans , queer y vogue de Colombia, para consolidar una cultura LGBTI.
- Convocar artistas de la Facultad de Artes-ASAB que exploren las prácticas performáticas con comunidades específicas. ";"- Talleres de creación colectiva que permitan visibilizar  las estéticas diversas de la comunidad y proponer un montaje escénico final.
- Coordinar, producir y realizar un Encuentro fotográfico y performático de estéticas drag, transformista y queer en las instalaciones del Museo Nacional de Colombia y Teatro Municipal Jorge Eliécer Gaitán  de Bogotá con base en la asignatura Estéticas drag, trans y queer para una sociedad igualitaria, el 15 de julio de 2023.";62,97%;37,03%;0,00%;100,00%;0,00%;0,00%;0,00%;0,00%
2023;Propuesta de Investigación Convocatoria;Desistio;N/A;Cooperación en la Red Pública Distrital de Investigación e Innovación en Salud para la gestión y ejecución de proyectos de investigación en eventos de interés de salud de la ciudad;ATENEA;Ejecutor;"1- SubRed Norte
2- SubRed Sur
3- Universidad Pedagógica Nacional - UPN";N/A;8;"UDFJC:

SubRed:

UPN:"; $ 283.000.000 ; $ 127.000.000 ; $ 127.000.000 ; $ 156.000.000 ; $ 127.000.000 ; $ -   ; $ 92.000.000 ; $ -   ; $ 64.000.000 ; $ -   ; $ -   ; $ -   ; $ -   ; $ -   ; $ -   ;No se relacionan en la ficha de la propuesta de investigación;No se relacionan en la ficha de la propuesta de investigación;44,88%;32,51%;0,00%;100,00%;22,61%;0,00%;0,00%;0,00%
2018;Propuesta de Investigación Convocatoria;Contrato firmado;825;N/A;MinCiencias;Co-ejecutor;"1- UNAD - Ejecutora
2- BOXPOB";N/A;15;N/A; $ 1.002.000.000 ; $ -   ; $ 700.000.000 ; $ 302.000.000 ; $ 700.000.000 ; $ -   ; $ 81.000.000 ; $ -   ; $ 121.000.000 ; $ -   ; $ 100.000.000 ; $ -   ; $ -   ; $ -   ; $ -   ;"* Sistema gamificado de autonomía del estudiante y de acompañamiento docente en Ambientes Virtuales de Aprendizaje, para el fortalecimiento de la educación virtual en el Departamento de Antioquia
* Modelo de sistema gamificado en educación virtual para el Departamento de Antioquia
* 2 tesis de maestría 
* 2 trabajo de pregrado
* Seminario taller sobre el proceso de desarrollo e implementación de sistema gamificado
";"* 1 artículo publicable en revista indexada
* 1 capítulo de libro
* 1 desarrollo de herramienta de sistema Gamificado del Aprendizaje implementado en la plataforma de la UNAD
* 1 ponencia en evento internacional ";69,86%;8,08%;0,00%;100,00%;12,08%;9,98%;0,00%;0,00%
2023;Propuesta de Investigación Convocatoria;No Avalada;934;Convocatoria de estancias posdoctorales orientadas por misiones;MinCiencias;Aliado;N/A;N/A;0;Doctorado en Ambiente y Sustentabilidad; $ -   ; $ -   ; $ -   ; $ -   ; $ -   ; $ -   ; $ -   ; $ -   ; $ -   ; $ -   ; $ -   ; $ -   ; $ -   ; $ -   ; $ -   ;0;0;0,00%;0,00%;0,00%;0,00%;0,00%;0,00%;0,00%;0,00%
2023;Propuesta de Investigación Convocatoria;No Avalada;934;Convocatoria de estancias posdoctorales orientadas por misiones;MinCiencias;Aliado;N/A;N/A;0;Doctorado en Ambiente y Sustentabilidad; $ -   ; $ -   ; $ -   ; $ -   ; $ -   ; $ -   ; $ -   ; $ -   ; $ -   ; $ -   ; $ -   ; $ -   ; $ -   ; $ -   ; $ -   ;0;0;0,00%;0,00%;0,00%;0,00%;0,00%;0,00%;0,00%;0,00%
2023;Propuesta de Investigación Convocatoria;No Avalada;934;Convocatoria de estancias posdoctorales orientadas por misiones;MinCiencias;Aliado;N/A;N/A;0;Doctorado en Ambiente y Sustentabilidad; $ -   ; $ -   ; $ -   ; $ -   ; $ -   ; $ -   ; $ -   ; $ -   ; $ -   ; $ -   ; $ -   ; $ -   ; $ -   ; $ -   ; $ -   ;0;0;0,00%;0,00%;0,00%;0,00%;0,00%;0,00%;0,00%;0,00%
2023;Propuesta de Investigación Convocatoria;No Avalada;934;Convocatoria de estancias posdoctorales orientadas por misiones;MinCiencias;Aliado;N/A;N/A;0;Doctorado en Ambiente y Sustentabilidad; $ -   ; $ -   ; $ -   ; $ -   ; $ -   ; $ -   ; $ -   ; $ -   ; $ -   ; $ -   ; $ -   ; $ -   ; $ -   ; $ -   ; $ -   ;0;0;0,00%;0,00%;0,00%;0,00%;0,00%;0,00%;0,00%;0,00%
2023;Propuesta de Investigación Convocatoria;No Avalada;934;Convocatoria de estancias posdoctorales orientadas por misiones;MinCiencias;Aliado;N/A;N/A;0;Doctorado en Estudios Artísticos; $ -   ; $ -   ; $ -   ; $ -   ; $ -   ; $ -   ; $ -   ; $ -   ; $ -   ; $ -   ; $ -   ; $ -   ; $ -   ; $ -   ; $ -   ;0;0;0,00%;0,00%;0,00%;0,00%;0,00%;0,00%;0,00%;0,00%
2023;Propuesta de Investigación Convocatoria;No Avalada;934;Convocatoria de estancias posdoctorales orientadas por misiones;MinCiencias;Aliado;N/A;N/A;0;Doctorado en Estudios Artísticos; $ -   ; $ -   ; $ -   ; $ -   ; $ -   ; $ -   ; $ -   ; $ -   ; $ -   ; $ -   ; $ -   ; $ -   ; $ -   ; $ -   ; $ -   ;0;0;0,00%;0,00%;0,00%;0,00%;0,00%;0,00%;0,00%;0,00%
2023;Propuesta de Investigación Convocatoria;No Avalada;934;Convocatoria de estancias posdoctorales orientadas por misiones;MinCiencias;Aliado;N/A;N/A;0;Doctorado en Ingeniería; $ -   ; $ -   ; $ -   ; $ -   ; $ -   ; $ -   ; $ -   ; $ -   ; $ -   ; $ -   ; $ -   ; $ -   ; $ -   ; $ -   ; $ -   ;0;0;0,00%;0,00%;0,00%;0,00%;0,00%;0,00%;0,00%;0,00%
2023;Propuesta de Investigación Convocatoria;No Avalada;934;Convocatoria de estancias posdoctorales orientadas por misiones;MinCiencias;Aliado;N/A;N/A;0;Doctorado en Ingeniería; $ -   ; $ -   ; $ -   ; $ -   ; $ -   ; $ -   ; $ -   ; $ -   ; $ -   ; $ -   ; $ -   ; $ -   ; $ -   ; $ -   ; $ -   ;0;0;0,00%;0,00%;0,00%;0,00%;0,00%;0,00%;0,00%;0,00%
2023;Propuesta de Investigación Convocatoria;No Avalada;934;Convocatoria de estancias posdoctorales orientadas por misiones;MinCiencias;Aliado;N/A;N/A;0;Doctorado en Ingeniería; $ -   ; $ -   ; $ -   ; $ -   ; $ -   ; $ -   ; $ -   ; $ -   ; $ -   ; $ -   ; $ -   ; $ -   ; $ -   ; $ -   ; $ -   ;0;0;0,00%;0,00%;0,00%;0,00%;0,00%;0,00%;0,00%;0,00%
2023;Propuesta de Investigación Convocatoria;No Avalada;934;Convocatoria de estancias posdoctorales orientadas por misiones;MinCiencias;Aliado;N/A;N/A;0;Doctorado Interinstitucional en Educación / IEIE; $ -   ; $ -   ; $ -   ; $ -   ; $ -   ; $ -   ; $ -   ; $ -   ; $ -   ; $ -   ; $ -   ; $ -   ; $ -   ; $ -   ; $ -   ;0;0;0,00%;0,00%;0,00%;0,00%;0,00%;0,00%;0,00%;0,00%
2023;Propuesta de Investigación Convocatoria;No Avalada;934;Convocatoria de estancias posdoctorales orientadas por misiones;MinCiencias;Aliado;N/A;N/A;0;Doctorado Interinstitucional en Educación; $ -   ; $ -   ; $ -   ; $ -   ; $ -   ; $ -   ; $ -   ; $ -   ; $ -   ; $ -   ; $ -   ; $ -   ; $ -   ; $ -   ; $ -   ;0;0;0,00%;0,00%;0,00%;0,00%;0,00%;0,00%;0,00%;0,00%
2023;Propuesta de Investigación Convocatoria;No Avalada;934;Convocatoria de estancias posdoctorales orientadas por misiones;MinCiencias;Aliado;N/A;N/A;0;Doctorado Interinstitucional en Educación; $ -   ; $ -   ; $ -   ; $ -   ; $ -   ; $ -   ; $ -   ; $ -   ; $ -   ; $ -   ; $ -   ; $ -   ; $ -   ; $ -   ; $ -   ;0;0;0,00%;0,00%;0,00%;0,00%;0,00%;0,00%;0,00%;0,00%
2023;Propuesta de Investigación Convocatoria;No Avalada;935;Programa Orquídeas. Mujeres en la Ciencia: Agentes para la Paz;MinCiencias;Aliado;N/A;N/A;12;N/A; $ 247.692.308 ; $ -   ; $ 197.692.308 ; $ 50.000.000 ; $ 188.000.000 ; $ 9.692.308 ; $ 50.000.000 ; $ -   ; $ -   ; $ -   ; $ -   ; $ -   ; $ -   ; $ -   ; $ -   ;"Generación de nuevo conocimiento
Artículo de investigación centrado en los resultados experimentales de la obtención del biochar del
café, caracterización y evaluación como absorbente de nitrógeno proveniente del compostaje.
Productos y resultados de actividades de Apropiación Social del Conocimiento.
¨ Ponencia. Participación en eventos científicos, presentando los resultados de la
investigación
¨ Evento de carácter científico: Participación en evento de carácter científico a través de un
poster.
¨ Cartilla o folleto: Medio de divulgación del proyecto para las mujeres de la zona.
¨ Presentación de los resultados a las autoridades locales, nacionales y sectoriales:
Presentación de los trabajos de grado ante la universidad.
¨ Participación ciudadana en CTeI. Reunión con las mujeres de la zona asesorando el los
usos de la economía circular dentro de sus actividades agroindustriales.
Productos y resultados de Formación de Recurso Humano.
¨ Jóvenes investigadores: Vinculación del joven investigador al proyecto.
¨ Formación de pregrado: Formación culminada del estudiante de otro estudiante de
pregrado vinculado al proyecto.";0;75,90%;24,10%;16,24%;83,76%;0,00%;0,00%;0,00%;0,00%
2023;Propuesta de Investigación Convocatoria;No Avalada;935;Programa Orquídeas. Mujeres en la Ciencia: Agentes para la Paz;MinCiencias;Aliado;N/A;N/A;12;N/A; $ -   ; $ -   ; $ -   ; $ -   ; $ -   ; $ -   ; $ -   ; $ -   ; $ -   ; $ -   ; $ -   ; $ -   ; $ -   ; $ -   ; $ -   ;0;0;0,00%;0,00%;0,00%;0,00%;0,00%;0,00%;0,00%;0,00%
2023;Propuesta de Investigación Convocatoria;Desistio;935;Programa Orquídeas. Mujeres en la Ciencia: Agentes para la Paz;MinCiencias;Aliado;N/A;N/A;12;Doctorado en Estudios Artísticos; $ 216.153.846 ; $ -   ; $ 216.153.846 ; $ -   ; $ 200.000.000 ; $ 16.153.846 ; $ -   ; $ -   ; $ -   ; $ -   ; $ -   ; $ -   ; $ -   ; $ -   ; $ -   ;0;0;92,53%;7,47%;100,00%;0,00%;0,00%;0,00%;0,00%;0,00%
2023;Propuesta de Investigación Convocatoria;No Avalada;937;CONVOCATORIA “INVESTIGACIÓN FUNDAMENTAL”;MinCiencias;Ejecutor;"1- Universidad Surcolombiana (co-ejecutor)
2- FUNDACIÓN PARA EL DESARROLLO DE LA EDUCACIÓN EN LA ORINOQUIA (co-ejecutor) - FDEO";N/A;24;"UDFJC:
- Moralia

USC:
- CRECER"; $ 1.717.056.256 ; $ 454.000.000 ; $ 830.000.000 ; $ 887.056.256 ; $ 830.000.000 ; $ -   ; $ 420.000.000 ; $ -   ; $ 372.056.256 ; $ -   ; $ 95.000.000 ; $ -   ; $ -   ; $ -   ; $ -   ;"En estricta alineación con los obejtivos trazados, así como cada una de las fases metodológicas propuesta, se plantean los siguientes
resultados de investigación:
-Instrumentos cualimétricos para la identificación de actitudes, creencias y emociones en narrativas de miembros de instituciones
educativas (exosistema), actores comunitarios (mesosistema) y víctimas y comparecientes (microsistema), en normas sociales que
inhiben la confianza en la justicia restaurativa como vía para la reconciliación entre los colombianos.
- Modelo pedagógico de justicia restaurativa en territorios PDET con perspectiva cualimétrica, multisistémica e interseccional.
-Portal web con narrativas transmedia que sistematiza los resultados obtenidos y promueve la confianza en la justicia restaurativa
como vía para la reconciliación entre los colombianos a través de un estudio cualimétrico.
-Informe con hallazgos y recomendaciones que contribuyan al fortalecimiento de ecosistemas científicos y la generación de nuevo
conocimiento en el campo de la justicia restaurativa y la paz, a partir del modelo pedagógico con perspectiva cualimétrica,
multisistémica e interseccional.";"- Un artículo categoría A1
- Un artículo categoría B
- Un libro categoría B
- Elaboración de una Cartillas o Folletos como medio de divulgación de los resultados del proyecto.
- Tres Cursos de capacitación, seminarios o talleres realizados en el campo de conocimiento del proyecto
- Una Comunicación del conocimiento con entidades competentes
- Fortalecimiento de la Red Colectivo Educación para la paz y
conformación de una nueva red que permita un ecosistema científico internacional en el marco de la justicia restaurativa (2)
- Generación de 4 contenidos multimodales y digitales en el marco del Modelo pedagógico de justicia restaurativa.
- Vinculación de las estudiantes Carolina González León y Aída Marcela Gutiérrez al proyecto.";48,34%;24,46%;0,00%;100,00%;21,67%;5,53%;0,00%;0,00%
2023;Propuesta de Investigación Convocatoria;No Avalada;937;CONVOCATORIA “INVESTIGACIÓN FUNDAMENTAL”;MinCiencias;Ejecutor;1- Universidad Nacional de Colombia - UNAL;N/A;36;"UDFJC:
- Productos Naturales Vegetales

UNAL:
- Grupo de Investigación en Química de Productos Naturales Vegetales Bioactivos (QuiProNaB)"; $ 1.459.126.328 ; $ 371.113.733 ; $ 878.179.904 ; $ 580.946.424 ; $ 878.179.904 ; $ -   ; $ 376.346.950 ; $ -   ; $ 204.599.474 ; $ -   ; $ -   ; $ -   ; $ -   ; $ -   ; $ -   ;"Realizar la identificación a nivel macroscópico y molecular de los principales hongos y/o oomycetes fitopatógenos asociados con las enfermedades presentes en los cultivos de papa criolla.
Establecer de manera racional a través de estudios metabolómicos, cuáles de las especies vegetales pertenecientes al género Piper son las más promisorias como fuentes de sustancias capaces de inhibir significativamente el crecimiento de agentes fitopatógenos asociados al cultivo de papa criolla.
Determinar algunos de los constituyentes químicos responsables de la actividad exhibida por los extractos provenientes del género Piper frente a los hongos y/o oomycetes fitopatógenos asociados al cultivo de papa criolla.
Determinar la influencia de los diferentes grupos funcionales de las moléculas más activas frente a la inhibición de hongos fitopatógenos asociados al cultivo de papa criolla.
Caracterizar al fitotoxicidad y el potencial antifúngico de las sustancias más promisorias para el control de los hongos fitopatógenos asociados al cultivo de papa criolla.
Los resultados propuestos permitirán proponer y desarrollar alternativas que permitan mejorar las capacidades nacionales para el manejo y control de hongos fitopatógenos asociados al cultivo de papa criolla. Adicionalmente, los resultados enfocados en la caracterización química y biológica de las especies vegetales como fuente natural de sustancias bioactivas eficientes y seguras, podría significar la puesta en marcha de una estrategia nacional encaminada a la bioprospección en la biodiversidad colombiana como estrategia para el descubrimiento y desarrollo de nuevos agentes fitosanitarios que le permitan a los agricultores reducir gastos en antifúngicos en sus cultivos.";"- Un artículo categoría B
- Un artículo categoría A1
- Presentación de 2 ponencias orales en dos congresos nacionales o internacionales
- Vinculación de dos Estudiantes de pregrado adscrito a algún programa de la Universidad Distrital FJC
- Vinculación de un Estudiante de doctorado adscrito al Programa de Doctorado en Ciencias - Química de la UNAL";60,19%;25,79%;0,00%;100,00%;14,02%;0,00%;0,00%;0,00%
2023;Propuesta de Investigación Convocatoria;No Avalada;937;CONVOCATORIA “INVESTIGACIÓN FUNDAMENTAL”;MinCiencias;Co-ejecutor;1- Universidad de Cundinamarca - UdeC;N/A;33;"UDFJC: 
- LIDER

UdeC:
- Área de Trabajo
- Arado"; $ 1.495.131.959 ; $ 424.500.000 ; $ 879.000.000 ; $ 616.131.959 ; $ 879.000.000 ; $ -   ; $ 95.600.000 ; $ -   ; $ 520.531.959 ; $ -   ; $ -   ; $ -   ; $ -   ; $ -   ; $ -   ;"El estudio evidenciaría estrategias de gestión orientadas a la integración ambiental desde la construcción participativa para la conservación y promoción de la sostenibilidad, en producciones agrícolas familiares en la Provincia del Sumapaz, cuyos resultados
redundarán en la caracterización y tipificación de estas, con especial interés en producción orgánica, lo cual en el corto plazo
evidenciaría una línea base específica en cuanto a las prácticas agropecuarias representativas de los sistemas de producción
agropecuarios a esta escala, con lo cual se pueden proyectar intervenciones específicas y precisas según las necesidades
identificadas.
Así mismo, en el mediano plazo toma en consideración el estado del recurso hídrico, suelo, entomofauna, asociados a las prácticas
agropecuarias que se llevan a cabo a esta escala, de tal forma, que permita precisar las estrategias para intervenir desde los
principios de la gestión sostenible de estos recursos, buscando que las actividades y prácticas que se lleven a cabo en estos sistemas
conduzcan a la preservación y conservación de los recursos naturales.
Es así, como desde la integración de las actividades anteriores, cuyo punto de partida es el análisis de la información generada de la
caracterización y tipificación de estos sistemas, se podrá tener la línea base de información, para poder interactuar con la
comunidad, desde procesos participativos en donde se construyan y gestionen estrategias innovadoras y contextualizada orientadas
a la sostenibilidad de los recursos naturales, de modo que se promocionen en efectivamente, a través de ejercicios demostrativos en
donde se articulan métodos, técnicas y prototipos para el uso y optimización del recurso hídrico.
Finalmente y a la luz de la necesidad que se tiene de disminuir la brecha existente en cuanto al uso de las tecnología en la ruralidad,
el proyecto desarrollará una plataforma web, a través de la cual se logre la centralización y procesamiento de datos que facilitarán la
localización y seguimiento al desarrollo de las prácticas agrícolas.
Por lo anterior, los resultados serán medibles a partir del seguimiento de las actividades que conducen al diseño, aplicación, y
análisis de los instrumentos que se apliquen para la caracterización, tipificación y análisis de las prácticas agropecuarias en las
aporx. 20-25 unidades productivas y su impacto en el recurso hídrico, suelo, lo cual se materializa con los resultados de laboratorio,
a partir de los cuales se realizará el documento de análisis que permita dar cuenta de la relación entre las prácticas llevadas a cabo
en las unidades productivas, y los impactos que en los recursos mencionados tienen.
Los productos anteriores, dan lugar a la base de información tanto para la toma de decisiones técnicas, como para socializar ante la
comunidad el estado de los recursos de acuerdo las prácticas que llevan a cabo. De tal forma, que a partir de la articulación de los
aspectos técnicos y la participación de la comunidad, se proyectarán estrategias contextualizadas y acordes con la cultura y sobre
todo orientadas a la conservación y sostenibilidad de los recursos naturales. De donde, se puede dar lugar al diseño de protocolos de
buenas prácticas, ajustados según la estrategia, el tipo de unidad, impacto a mitigar y/o práctica de conservación, según sea el caso.
Igualmente, el cuarto objetivo dará lugar a un producto tecnológico tipo plataforma web, en el que se podrá realizar la localización
y seguimiento de prácticas agropecuarias. Aunado a lo anterior, se generarán tesis de pregrado y a nivel de maestría, artículos
científicos en los que se visibilicen los resultados logrados. A partir de estos productos, se espera mitigar los efectos generados por
el uso inadecuado del recurso hídrico y las condiciones del suelo.
La relación entre la capacidad agrícola familiar con respecto a las prácticas de producción agroalimentaria que propendan por
sistemas más seguros. Siendo este un aporte para la agenda 2030 de los ODS (Objetivos de Desarrollo Sustentable), en sus objetivos
2 y 12, al Conpes 3918 de 2018 y al Plan de Desarrollo de Cundinamarca 2020-2024 en la línea estratégica: Más sostenibilidad,
como una apuesta a agroecosistemas sostenibles desde la denominada: El Campo Corazón de progreso de Cundinamarca, como
principal alternativa para mantener la Seguridad Alimentaria, en concordancia con lo establecido en el Plan Nacional de Desarrollo
2018 – 2022, “Pacto por Colombia, Pacto por la Equidad”.
De otra parte, es importante resaltar que desde el ámbito de la agricultura familiar, el proyecto busca visibilizar el aporte y
participación de la mujer rural al capital social de su comunidad local y regional, en las múltiples actividades a las que se encuentra
vinculada (maternidad, educación, oficios domésticos, productividad agropecuaria, artesanal, artística, etc); y la importancia de los
mercados orgánicos, que promocionan sus productos sin intermediarios, como actividad principal de las familias; aporte directo a
los ODS 5, 8 y 10, que además de reconocer el papel que representa la mujer rural para el desarrollo de los territorios, contribuye a
la reducción de las desigualdades y promueve el crecimiento económico sostenido, inclusivo y sostenible, el empleo y el trabajo
decente para todos. En este sentido, desde el Plan de Desarrollo de Cundinamarca 2020-2024, el proyecto aportaría a los siguientes
programas: Cundinamarca sin estereotipos y productividad- un camino de desarrollo, que hace parte de la línea estratégica: “Más
Competitividad y más Productividad” (Objetivos de Desarrollo Sostenible, 2015).
A partir de los encuentros, socializaciones y talleres con las comunidades y particularmente, con la mujer rural, se pretende el
fortalecimiento de prácticas agropecuarias que propendan por la conservación de los recursos naturales, especialmente agua y suelo.
Desde el rol de madre y líder, como mujer rural, se promuevan y repliquen en niños y jóvenes, conocimientos y saberes que
fortalezcan la sostenibilidad de estos sistemas.";"- 1 Libro de formación. Producto: libro sometido a editorial Institucional. RESPONSABLES Grupo Arado y Área Verde.
- 1 artículos A2 sometido a evaluación en revista. RESPONSABLES Grupo Arado
- 1 artículos A2 sometido a evaluación en revista. RESPONSABLES Grupo Área Verde
- 1 artículos B sometido a evaluación en revista. RESPONSABLES Grupos Área Verde y Arado
- 1 artículos B sometido a evaluación en revista. RESPONSABLES Grupos LIDER
- 1PLATAFORMA WEB. RESPONSABLES Grupo Líder
- 1 APLICATIVO MÓVIL. RESPONSABLE Grupo Líder 
- 1 mapa de riesgo ambiental. RESPONSABLES Grupos Arado, Área Verde y Líder
- 3 organizaciones de eventos especializados.  RESPONSABLES Grupo Arado: 1, Grupo Área Verde:1, Grupo Líder: 1
- 1 Cartilla como medio de divulgación de los resultados del proyecto. RESPONSABLES Grupos Arado y Área Verde
- 3 capacitaciones. RESPONSABLES Grupos Arado y Área Verde
- 3 Participaciones ciudadanas con comunidades en proyectos de investigación. RESPONSABLES Grupos Arado y Área Verde
- 1 Vídeo. RESPONSABLES Grupos Arado y Área Verde
- 6 participaciones en eventos científicos nacionales. RESPONSABLES Grupo Arado: 2 ponencia nacional Grupo Área Verde:2 ponencia nacional Grupo Líder: 2 ponencia nacional
- 6 participaciones en eventos científicos internacionales.
RESPONSABLES Grupo Arado: 2 ponencia internacional Grupo Área Verde:2 ponencia internacional Grupo Líder: 2 ponencia internacional
- 3 participaciones en eventos científicos en calidad de póster. RESPONSABLES Grupo Arado: 3 participaciones tipo póster
- 5 TRABAJOS DE PREGRADO CON ACTA DE SUSTENTACIÓN
- 1 TRABAJO DEMAESTRÍA CON ACTA DE SUSTENTACIÓN";58,79%;6,39%;0,00%;100,00%;34,82%;0,00%;0,00%;0,00%
2023;Propuesta de Investigación Convocatoria;No Avalada;937;CONVOCATORIA “INVESTIGACIÓN FUNDAMENTAL”;MinCiencias;Ejecutor;N/A;N/A;24;"UDFJC:
- Grupo de Instrumentación Cientifica & Didáctica
- Laboratorio de Investigación y desarrollo en Electrónica y Redes (LIDER)"; $ 1.000.000.000 ; $ 611.000.000 ; $ 611.000.000 ; $ 389.000.000 ; $ 611.000.000 ; $ -   ; $ 389.000.000 ; $ -   ; $ -   ; $ -   ; $ -   ; $ -   ; $ -   ; $ -   ; $ -   ;"Durante el desarrollo del proyecto, uno de los primeros resultados esperados es identificar los PAM más relevantes actualmente en
el desarrollo de tratamientos antibióticos alternativos. Se sabe que en general los PAM son de gran interés puesto que tienen un
amplio rango de actividad bactericida; sin embargo, con base en la revisión de la literatura científica de los últimos años buscamos
determinar de la amplia gama de PAM que existen en la naturaleza y de los PAM análogos que derivan de los naturales, cuáles son
los más prometedores para el desarrollo de nuevos antibióticos.
Una vez realizadas las simulaciones de dinámica molecular y analizados los datos obtenidos, se espera caracterizar la estabilidad
mecánica de los PAM identificados como prometedores para los futuros antibióticos alternativos. Como resultado esperado en esta
fase tenemos una mejor comprensión del comportamiento a nivel molecular de la interacción péptido-membrana, lo cual permite
explicar el mecanismo de acción bactericida del péptido a partir de resultados obtenidos de herramientas computacionales y
complementar los resultados obtenidos por otros grupos de investigación de estudios experimentales.
Finalmente, otro de los resultados esperados con el desarrollo del proyecto es poder proponer diseños de PAM análogos que tengan
un comportamiento ideal en la futura fabricación de tratamientos antibióticos alternativos basados en péptidos con el fin de tratar
las infecciones bacterianas que se han vuelto resistentes a los antibióticos convencionales.
Por otro lado, los productos esperados de la invesigación son:
PRODUCTO 1: Artículo científico sometido a revista Q1 (Artículo original en revista indexada internacional)
PRODUCTO 2: Artículo científico sometido a revista Q2 (Artículo original en revista indexada internacional)
PRODUCTO 3: Ponencia en congreso internacional
PRODUCTO 4: Evento científico (póster)
PRODUCTO 5: Participación Ciudadana en CTeI
PRODUCTO 6: Capítulo en libro resultado de investigación";"- Publicación de artículo en revista A2 resultado del proyecto de investigación propuesto
- Publicación de artículo en revista B resultado de las simulaciones obtenidas del proyecto de investigación
- Publicación de capítulo de libro sobre las simulaciones efectuadas en el proyecto y los resultados obtenidos acerca de la actividad bactericida de los péptidos antimicrobianos.
- Dos Charlas de divulgación científica para la apropiación social del conocimiento dirigida a investigadores y estudiantes de carreras ciencias naturales o ingenierías
- Formación de tres estudiantes de pregrado
- Formación de un estudiante de maestría
- Formación de un estudiante de doctorado";61,10%;38,90%;0,00%;100,00%;0,00%;0,00%;0,00%;0,00%
2023;Propuesta de Investigación Convocatoria;No Avalada;937;CONVOCATORIA “INVESTIGACIÓN FUNDAMENTAL”;MinCiencias;Co-ejecutor;1- Corporación Universitaria Minuto de Dios - UniMinuto;N/A;24;"UDFJC:
- Robótica Móvil Autónoma (ROMA)

Uniminuto:
- AGROECO y Gestión Ambiental
- Investigación-IT Minuto"; $ 1.356.183.858 ; $ 148.082.492 ; $ 871.787.797 ; $ 484.396.061 ; $ 871.787.797 ; $ -   ; $ 200.632.661 ; $ -   ; $ 283.763.400 ; $ -   ; $ -   ; $ -   ; $ -   ; $ -   ; $ -   ;0;"- Dos artículos de investigación categoría A2
- Un Registro de solicitud de patente de modelo de utilidad de la estación de monitoreo
- Un libro categoría A
- Un Modelo de estación de monitoreo ambiental desarrollado con todas las características técnicas y de funcionamiento del producto";64,28%;14,79%;0,00%;100,00%;20,92%;0,00%;0,00%;0,00%
2023;Propuesta de Investigación Convocatoria;No Avalada;937;CONVOCATORIA “INVESTIGACIÓN FUNDAMENTAL”;MinCiencias;Ejecutor;N/A;N/A;24;"UDFJC:
- Instrumentación Química
- INDESOS - Investigación para el desarrollo sostenible
- Física del medio ambiente y energía solar
- Grupo de instrumentación científica & didáctica"; $ 1.198.940.000 ; $ 880.000.000 ; $ 880.000.000 ; $ 318.940.000 ; $ 880.000.000 ; $ -   ; $ 318.940.000 ; $ -   ; $ -   ; $ -   ; $ -   ; $ -   ; $ -   ; $ -   ; $ -   ;"- Reconocimiento del actual índice de calidad de las Aguas del rio Cáqueza perteneciente a la Cuenca hidrográfica del río Guayuriba en el municipio de Cáqueza Cundinamarca
- Implementación de tecnologias a nivel de aguas contaminadas en las Aguas del rio Cáqueza usando nanociencia y nanotecnología
- Solución de un problema ambiental local usando
nanociencia y nanotecnología";"- Dos Artículo categoría B publicado o carta de aceptación del artículo para su publicación emitida por el editor o comité editorial de la respectiva revista respecto al objetivo especifico 1
- Un Artículo categoría A2 publicado o carta de aceptación del artículo para su publicación emitida por el editor o comité editorial de la respectiva revista . Cumple con el objetivo especifico 2
- Un Cursos de capacitación, seminarios o talleres realizados. Producto: Programa del curso, capacitación, seminario o taller; intensidad horaria, duración y lista de asistencia
- Organización de tres eventos especializados. Producto: Certificación de la organización y realización de eventos científicos tales como workshops, simposios y congresos
- Participacion y ponencia a dos congreso internacional en nanotecnologia, ciencias o ingenieria
- Cuatro Estudiantes en formación de pregrado ciencias, licenciaturas e ingeniería
- Vinculación de un estudiante de maestría
- Vinculación de un estudiante de doctorado";73,40%;26,60%;0,00%;100,00%;0,00%;0,00%;0,00%;0,00%
2023;Propuesta de Investigación Convocatoria;No Avalada;937;CONVOCATORIA “INVESTIGACIÓN FUNDAMENTAL”;MinCiencias;Ejecutor;1- Fuerza Aérea Colombiana - FAC;N/A;36;"UDFJC:
- IDEAS

FAC:
- Grupo de investigación en electrónica y tecnologías para la defensa (TESDA)"; $ 1.674.610.312 ; $ 486.856.872 ; $ 724.324.872 ; $ 950.285.440 ; $ 724.324.872 ; $ -   ; $ 600.467.440 ; $ -   ; $ 349.818.000 ; $ -   ; $ -   ; $ -   ; $ -   ; $ -   ; $ -   ;"El cumplimiento a los objetivos de la presente investigación permitirá evidenciar el comportamiento de una celda de combustible de hidrogeno para energizar un sistema aéreo remotamente tripulado de tipo multirotor bajo condiciones ambientales de trópico colombiano, teniendo en cuenta variables como humedad relativa, el porcentaje de oxígeno y la temperatura. Además, se espera que el cambio en la fuente de alimentación del RPAS a celdas de combustible de hidrogeno conlleve a cambios de rendimiento y operatividad de la aeronave, así como los cambios inherentes que se pueden dar sobre el sistema electromecánico, sistema estructural y sistema de comando y control. De esta manera, a  continuación, se relaciona el conocimiento generado y el resultado esperado con el cumplimiento de los objetivos específicos, así:
Objetivo específico 1: diseños conceptuales del sistema estructural (frame, chasis o fuselaje) sometido a esfuerzos. Prototipado y optimización de las piezas. Sistema estructural fabricado en materiales compuestos por manufactura aditiva impresión 3D. Bitácora de control de cambios, seguimiento a pruebas, hallazgos y optimización del sistema.
Objetivo específico 2: prototipo industrial del sistema aéreo remotamente tripulado acoplado a la celda de combustible de hidrógeno. Documento con los cálculos y proyecciones eléctricas, electrónica y mecánicas, argumentado la elección de los sistemas de propulsión, integración de sistemas electromecánico, estructural y comando y control.
Objetivo específico 3: prototipo de banco de pruebas (cámara) bioclimático y altimétrico; desarrollo del diseño de experimentos por superficie de respuesta, control mediante bitácora. Documento detallado con la optimización del sistema aéreo remotamente pilotado acoplado a la celda de combustible de hidrógeno, según los hallazgos y validación en el banco de pruebas.
Lo anterior permitirá la generación de nuevo conocimiento científico, de interés para la comunidad científica, redundando en el fortalecimiento de la cadena de valor del hidrogeno, como base del desarrollo de RPAS, con potenciales aplicaciones en el entorno civil y/o militar.";"- Un artículo categoría A1
- Un artículo categoría A2
- Prototipo de vehículo aéreo pilotado remotamente tipo cuadricóptero, con detalle de especificaciones en cuanto a capacidades técnicas, de percepción y operación 
- Prototipo de banco bioclimático de pruebas de 1 m3 de volumen, con posibilidad de controlar características de temperatura, humedad y porcentaje de oxígeno en su interior.
- Participación como ponentes en cuatro eventos científicos internacionales, afines al área de conocimiento en la cual se centra la investigación
- Vinculación estudiante de doctorado
- Desarrollo de cuatro trabajos de pregrado";43,25%;35,86%;0,00%;100,00%;20,89%;0,00%;0,00%;0,00%
2018;Propuesta de Investigación Convocatoria;Contrato firmado;829;N/A;MinCiencias;Co-ejecutor;1- Ejecutor: Universidad de Cundinamarca;N/A;18;N/A; $ 414.467.094 ; $ -   ; $ 289.017.670 ; $ 125.449.424 ; $ 289.017.670 ; $ -   ; $ 63.355.890 ; $ -   ; $ 62.093.534 ; $ -   ; $ -   ; $ -   ; $ -   ; $ -   ; $ -   ;"Datos sobre la generación promedio diaria de residuos agroalimentarios en la ciudad la plaza de Fusagasugá
Protocolo para el manejo adecuado de los residuos generados por la plaza de mercado en Fusagasugá
Datos sobre la naturaleza y composición fisicoquímica de los residuos de la plaza de mercado de Fusagasugá
Parámetros adecuados de trabajo para conseguir que el proceso de digestión anaerobia a partir de residuos agroalimentarios sea estable y sostenible en el tiempo (temperatura, pH, carga orgánica)
Prototipo de reactor anaerobio de flujo continuo completamente instrumentado para el monitoreo en línea del proceso de degradación anaerobia de residuos agroalimentarios en la plaza de mercado de Fusagasugá
Un prototipo para generación de energía eléctrica mediante el aprovechamiento del biogás producido mediante la digestión anaeróbica de residuos agroalimentarios de la plaza de Fusagasugá
Herramientas de transferencia y apropiación de tecnologías producidas a lo largo del proyecto (cartillas, jornadas de capacitación, asistencia a eventos de divulgación)";"1- PRODUCTOS RESULTADOS DE ACTIVIDADES DE DESARROLLO TECNOLOGICO E INNOVACION: Generación de ideas, métodos y herramientas que impactan el desarrollo económico y generan transformaciones en la sociedad. Solución a problemas sociales, técnicos y económicos.
2- PRODUCTO TECNOLOGICO CERTIFICADO O VALIDADO: Prototipo Industrial
3- PRODUCTOS RESULTADOS DE ACTIVIDADES DE APROPIACION SOCIAL DEL CONOCIMIENTO: a. Circulación de conocimiento especializado i. Participación u organizaciones de eventos científicos, tecnológicos y de innovación (congresos, seminarios, foros, conversatorios, talleres)
4- PRODUCTOS DE ACTIVIDADES RELACIONADAS CON LA FORMACION DE RECURSO HUMANO PARA CTeI: a. Estudiante de Doctorado (1) (Gestión de proyectos de Investigación) b. Estudiantes de especialización (2) (Trabajo de grado en Gestión Ambiental) c. Estudiantes de pregrado (6) (Trabajos de grado en Ingeniería Electrónica)";69,73%;15,29%;0,00%;100,00%;14,98%;0,00%;0,00%;0,00%
2023;Propuesta de Investigación Convocatoria;No Avalada;937;CONVOCATORIA “INVESTIGACIÓN FUNDAMENTAL”;MinCiencias;Co-ejecutor;"1- Universidad Pedagógica Nacional (ejecutor) - UPN
2- Universidad del Valle - UniValle
3- Universidad Tecnológica y Pedagógica de Colombia - UTPC
4- Institución Universitaria Politécnico Grancolombiano - IUPG";N/A;36;"UDFJC:
- Educación y Cultura Política

UPN:
- Sujetos y Nuevas Narrativas en la investigación y enseñanza de las Ciencias Sociales

UniValle:
- Grupo de investigaciones Históricas en Economía, Política y Educación (IHEPE)

UTPC:
- ASOCIACION: CENTRO DE ESTUDIOS REGIONALES, REGION

IUPG:
- Educación, innovación y sociedad"; $ 1.767.878.626 ; $ -   ; $ 879.966.000 ; $ 887.912.626 ; $ 879.966.000 ; $ -   ; $ 115.200.000 ; $ -   ; $ 548.907.586 ; $ -   ; $ 92.160.000 ; $ -   ; $ 76.182.000 ; $ -   ; $ 55.463.040 ;"En correspondencia con los objetivos de la investigación se consideran los siguientes resultados:
Conocimiento acerca de las características del ejercicio docente de las ciencias sociales y la historia en la Educación Básica y Media en Colombia, determinando los factores que influyen en su desarrollo tales como los contextos locales y regionales y los procesos de formación profesional.
A partir de establecer las prácticas docentes en la enseñanza de las ciencias sociales y la historia, se considera la formulación de propuestas y recomendaciones que contribuyan al debate nacional acerca de la política educativa pública sobre la enseñanza del área de ciencias sociales, historia, geografía, constitución política y democracia.";"- Artículo original en revista indexada - Dos (2) artículos originales en C
- Un (1) libro o borrador sometido a evaluación - Copia de libro publicado o borrador avalado por una editorial para ser publicado
- Serie de seis podcasts (uno por región) dos vídeos documentales, memoria fotográfica y pagina web de divulgación del proyecto.
- Evento científico (Congreso) especializado, nacional sobre enseñanza de las ciencias sociales y la historia.
- Realización de tres (3) seminarios orientados a estudiantes de Licenciatura, docentes, investigadores y público en general interesado en la enseñanza de las ciencias sociales y la historia.
- Participación en cinco (5) eventos científicos nacionales o
internacionales, en los cuales se presentarán los resultados de la investigación.
- Articulación a una (1) red nacional o internacional vinculada con la enseñanza de las ciencias sociales y la historia.
- Participación en el proceso de investigación de al menos un (1) estudiante de doctorado.";49,78%;6,52%;0,00%;100,00%;31,05%;5,21%;4,31%;3,14%
2023;Propuesta de Investigación Convocatoria;No Avalada;938;CONVOCATORIA ECOSISTEMAS EN ENERGÍA SOSTENIBLE, EFICIENTE Y ASEQUIBLE- 2023;MinCiencias;Co-ejecutor;"1- CENTRO DE INVESTIGACIÓN E INNOVACIÓN EN TECNOLOGÍA Y CIENCIA CEINTECCI - UNIVERSIDAD ECCI - EJECUTOR
2- CENTRO INDUSTRIAL Y DE DESARROLLO EMPRESARIAL DE SOACHA - TECNOPARQUE NODO CAZUCÁ COEJECUTOR
3- VOLTIA SOLUCIONES ELÉCTRICAS S.A.S. COEJECUTOR
4- FUNDACIÓN SMARTCITY COLOMBIA COEJECUTOR";106072 - Centro de planeación de microrredes inteligentes;36;"UDFJC:
- Comercio Electronico en Colombia - GICOECOL
- Laboratorio de Investigación y desarrollo en Electrónica y Redes (LIDER)"; $ 644.509.744 ; $ 155.227.000 ; $ 544.828.730 ; $ 99.681.014 ; $ 544.828.730 ; $ -   ; $ 82.596.000 ; $ -   ; $ 340.000 ; $ -   ; $ 10.745.014 ; $ -   ; $ 6.000.000 ; $ -   ; $ -   ;"Gestión de vehículos eléctricos desde estaciones de microrredes inteligentes y uso de baterías recargables.
- Sistema de almacenamiento abastecido por fuentes de energía alternativas
- Aplicación móvil
- Prototipo de calidad del aire
- Generador eléctrico a partir de máquina spinning
- Presentación de proyecto en secretaria distrital de medio ambiente
- Creación de red creada o articulación en una red a nivel nacional o internacional.";"- Un Artículo publicable Categoría A1
- Dos Artículo publicable Categoría A2
- Tres Artículo publicable Categoría C
- Dos Artículo publicable Categoría B";84,53%;12,82%;0,00%;100,00%;0,05%;1,67%;0,93%;0,00%
2023;Propuesta de Investigación Convocatoria;Seleccionada;940;CONVOCATORIA MOVILIDAD ACADÉMICA CON EUROPA 2023;MinCiencias;Ejecutor;"1- Universidad Antonio Nariño (UAN)
2- Department of Nanobiophotonics, Leibniz Institute of Photonic Technology (IPHT)";N/A;24;N/A; $ 40.500.000 ; $ -   ; $ 40.500.000 ; $ -   ; $ 40.500.000 ; $ -   ; $ -   ; $ -   ; $ -   ; $ -   ; $ -   ; $ -   ; $ -   ; $ -   ; $ -   ;0;"- Presentación de resultados de la investigación y de la movilidad en dos eventos Nacionales
- Participación en el Simposio Internacional Molecular Plasmonics 2025
- Cuatro Informes parciales y final de investigación
- Un Artículo científico sometido para publicación en revista indexada de alto impacto";100,00%;0,00%;0,00%;0,00%;0,00%;0,00%;0,00%;0,00%
2023;Propuesta de Investigación Convocatoria;No Avalada;940;CONVOCATORIA MOVILIDAD ACADÉMICA CON EUROPA 2023;MinCiencias;Co-ejecutor;"1- Universidad Nacional de Colombia - UNAL
2- CIRAD (Centro de Cooperación Internacional en Investigación Agrícola para el Desarrollo)
3- La Unidad de Investigación BioWooEB (Biomasa, Madera, Energía, Bioproductos)
4- El Institut Clément Ader (ICA UMR CNRS 5312)
5- El Jardín Botánico de Bogotá JBB";N/A;36;N/A; $ 60.000.000 ; $ -   ; $ 60.000.000 ; $ -   ; $ 60.000.000 ; $ -   ; $ -   ; $ -   ; $ -   ; $ -   ; $ -   ; $ -   ; $ -   ; $ -   ; $ -   ;"Establecer un protocolo para la adquisición, procesamiento, análisis e interpretación de señales e imágenes tomográficas.
Estudiar especies de madera mediante un método de imagen fiable adaptado para expertos en la gestión de ecosistemas arbóreos urbanos.
Promover las transferencias tecnológicas y científicas entre todos los socios de investigación franceses y colombianos en el campo de la silvicultura y la arboricultura.
Formar estudiantes franceses y colombianos a través de la investigación. En términos más generales, este proyecto es importante para ambos grupos, creando estrechos vínculos de cooperación entre instituciones francesas y colombianas, particularmente en el campo del procesamiento de señales e imagen, ciencia de materiales, aplicadas a la gestión de árboles urbanos.";"- Tres artículos de divulgación
- Una ponencia
- Desarrollo de una antena radar: Modelo de árbol para simulaciones numéricas, Antena de radar adecuada para árboles en pie
- Validación de esta antena y fusión de datos: Método de análisis de imágenes, Viabilidad de una solución completa de imágenes separada
- Campaña de medición in situ: Constitución del repositorio de patología y validación del análisis, Integración de la metodología desarrollada
- Comoparte del intercambio de conocimientos se ha planteado como estrategia de divulgación, la realización de publicaciones y congresos en los siguientes temas: Desarrollo de una antena radar multifrecuencia adaptada al control de árboles en pie, Método de fusión de datos para la detección in situ de patologías arbóreas en crecimiento, Implementación de soluciones acopladas para el control in situ de árboles en pie. 
- Así como la participación en seminarios: Al final de cada etapa del proyecto se organizará un seminario entre todos los socios. Un seminario final de restitución se llevará a cabo en Bogotá con todos los socios. Estará abierto al público profesional e institucional. Irá acompañado de acciones para comunicar los resultados en la prensa especializada.";100,00%;0,00%;0,00%;0,00%;0,00%;0,00%;0,00%;0,00%
2023;Propuesta de Investigación Convocatoria;Desistio;938;CONVOCATORIA ECOSISTEMAS EN ENERGÍA SOSTENIBLE, EFICIENTE Y ASEQUIBLE- 2023;MinCiencias;Ejecutor;"1- Universidad de Ibague - UI
2- Coreducación
3- Universidad de Cundinamarca - UdeC
4- Universidad de Lovaina Bélgica - UL
5- Empresa DYE Ingenieros
6- Rastro Urbano - RU
7- CIPAV";N/A;36;N/A; $ 8.421.200.128 ; $ -   ; $ 6.915.000.000 ; $ 1.506.200.128 ; $ 6.900.000.000 ; $ -   ; $ 57.628.800 ; $ -   ; $ 901.965.595 ; $ -   ; $ 55.957.824 ; $ -   ; $ 341.147.077 ; $ 15.000.000 ; $ 149.500.832 ;"- Sistema TRL5 mejorado para el aprovechamiento del biogás y biol, en generación de energía eléctrica,secado de grano(café y cacao),cocción de alimentos y evaluación del biol como fertilizante 
- Probar el sistema STAB mejorado para la validación en 5 comunidades del departamento del Tolima para llevar la tecnología del TRL5 al TRL7
- Evaluación del impacto ambiental que genera la instalación y operación del STAB mejorado en las 5 comunidades teniendo en cuenta como eje principal de la evaluación la huella de carbono,antes y después del proyecto
- Entrega del sistema STAB mejorado en nivel TRL7 ";"- Dos artículos de investigación A1
- Se presentará 4 tesis  de pregrado y 2 tesis de maestría 
- Creación y promoción de grupos de investigación en el ámbito departamental o regional.
- Vinculación a la red Biolac 
- 1 simposio y 6 workshops
- 1 Feria demostrativa con la comunidad 
- Difusión en LinkedIn, Instagram,facebook.
- 2 Productos de desarrollo tecnológico
- 1 Cartilla didáctica de diffusion con ISBN
- 1 Prototipo a nivel TRL 7
- Material audiovisual de difusión
- Micrositio web de diffusion de todo el contenido de audio 
- Creación de una red municipal de biodigestión apoyada por las alcaldías de algunos municipios del Tolima ";81,94%;0,68%;0,00%;100,00%;10,71%;0,66%;4,05%;1,95%
2023;Propuesta de Investigación Convocatoria;En tramite;N/A;Ayudas a la I+D+i, en el ámbito del Plan Andaluz de Investigación, Desarrollo e Innovación (PAIDI 2020): Programa de ayudas a proyectos de I+D+i.;Junta de Andalucía - España;Aliado;"1- Universidad de Jaén
2- Universidad de Talca Chile
3- Universidad Técnica Federico Santa María
4- Universidad de Chile
5- Universidad del Bio Bio";N/A;36;N/A; € 203.809,00 ; € -   ; € 203.809,00 ; € -   ; € 203.809,00 ; $ -   ; $ -   ; $ -   ; $ -   ; $ -   ; $ -   ; $ -   ; $ -   ; $ -   ; $ -   ;0;0;100,00%;0,00%;0,00%;0,00%;0,00%;0,00%;0,00%;0,00%
2023;Propuesta de Investigación Convocatoria;Seleccionada;1047;INVITACIÓN A PRESENTAR PROPUESTAS ORIENTADAS A FORTALECER EL CATASTRO MULTIPROPÓSITO A TRAVES DE LA VINCULACIÓN DE JÓVENES INVESTIGADORES E INNOVADORES;MinCiencias;Ejecutor;N/A;N/A;12;"UDFJC:
- NIDE"; $ 56.284.000,00 ; $ 36.084.000,00 ; $ 36.084.000,00 ; $ 20.200.000,00 ; $ 36.084.000,00 ; $ -   ; $ 20.200.000 ; $ -   ; $ -   ; $ -   ; $ -   ; $ -   ; $ -   ; $ -   ; $ -   ;"Los resultados esperados del proyecto se centran en alcanzar un análisis crítico sobre la tenencia colectiva de la tierra en Colombia, se espera que el estudio arroje luz sobre la comprensión de cómo los diferentes modelos de tenencia afectan el entorno natural y la comunidad en general. En cuanto a la tenencia colectiva de la tierra, se espera que los hallazgos generen índices significativos relacionados con el número de investigaciones realizadas en este ámbito. Se buscará identificar el grado de relevancia y enfoque que ha recibido este tema en el contexto académico y científico, lo que permitirá evaluar el nivel de atención que se le ha dado a esta importante cuestión en diferentes contextos y  Regiones.
Con base en estos resultados, se pretende generar un aporte sustancial tanto en el ámbito académico como en el desarrollo de
políticas públicas. La comprensión más profunda de la relación entre la tenencia de la tierra y la sostenibilidad ambiental y social
podría servir como fundamento para la toma de decisiones más informadas y la implementación de estrategias que promuevan
prácticas más sostenibles y equitativas en la gestión del territorio. Asimismo, el análisis de las investigaciones sobre tenencia
colectiva de la tierra permitirá identificar posibles brechas de conocimiento y áreas de interés que requieran mayor atención y
enfoque para futuras investigaciones, buscando lograr un impacto sustancial tanto en el ámbito académico como en la formulación
de políticas públicas.
La comprensión más profunda de la interrelación entre la tenencia de la tierra y la sostenibilidad ambiental y social se convertirá en un fundamento crucial para la toma de decisiones informadas y la implementación de estrategias que promuevan prácticas de gestión territorial más sostenibles y equitativas.
Como culminación de estas actividades, se elaborarán informes técnicos detallados de las acciones realizadas durante la
investigación para el alcance de los objetivos propuestos y los resultados obtenidos en la propuesta de I+D+i. Junto con ello, se
entregará un informe financiero completo que detalla la ejecución financiera del proyecto, y se elaborará un artículo científico
basado en la propuesta de I+D+i, con la intención de ser enviado a una revista indexada con categorización A1, A2, B o C. Por
último, se llevará a cabo una socialización de los resultados, brindando un espacio para la discusión y difusión de los hallazgos y conclusiones del proyecto.";"UDFJC:
- Hector Javier Fuentes Lopez (tutor)
- Lina Maria Molina Parra (joven investigador)
- Maria Camila Rubiano Alarcón (joven investigador)
- Deysa Katherine Pulido Valenzuela (joven investigador)";64,11%;35,89%;0,00%;100,00%;0,00%;0,00%;0,00%;0,00%
2023;Propuesta de Investigación Convocatoria;Seleccionada;1047;INVITACIÓN A PRESENTAR PROPUESTAS ORIENTADAS A FORTALECER EL CATASTRO MULTIPROPÓSITO A TRAVES DE LA VINCULACIÓN DE JÓVENES INVESTIGADORES E INNOVADORES;MinCiencias;Ejecutor;N/A;N/A;12;"UDFJC:
- NIDE"; $ 94.568.000,00 ; $ 72.168.000,00 ; $ 72.168.000,00 ; $ 22.400.000,00 ; $ 72.168.000,00 ; $ -   ; $ 22.400.000 ; $ -   ; $ -   ; $ -   ; $ -   ; $ -   ; $ -   ; $ -   ; $ -   ;"1. Número de usuarios registrados en la plataforma: Este resultado medirá la cantidad de personas que se han registrado en la plataforma participativa para contribuir con información geográfica, opiniones y propuestas relacionadas con la gestión del territorio y el catastro multipropósito.
Características de los resultados: Cuantitativo y verificable a través del sistema de registro de usuarios en la plataforma. 
Medios de Verificación: Registro de usuarios en la base de datos de la plataforma.
Indicador: Número total de usuarios registrados en la plataforma.
Cantidad de contribuciones de la comunidad: Este resultado medirá la cantidad de aportes realizados por los usuarios en la plataforma, como la cantidad de datos geográficos ingresados, las opiniones expresadas en foros de discusión y las propuestas presentadas para la gestión territorial.
Características de los resultados: Cuantitativo y verificable a través de registros y conteos de las contribuciones realizadas en la plataforma.
Medios de Verificación: Registro de contribuciones y datos ingresados en la base de datos de la plataforma.
Indicador: Número total de contribuciones realizadas por los usuarios.
3. Nivel de satisfacción de los usuarios con la plataforma: Este resultado medirá el grado de satisfacción de los usuarios con respecto a la usabilidad, funcionalidades y utilidad de la plataforma participativa.
Características de los resultados: Cuantitativo y cualitativo, se obtendrá a través de encuestas de satisfacción y retroalimentación de los usuarios.
Medios de Verificación: Encuestas de satisfacción y retroalimentación de los usuarios.
Indicador: Puntuación promedio de satisfacción de los usuarios en una escala del 1 al 5.
4. Impacto en la toma de decisiones y la gestión territorial: Este resultado medirá el impacto de la plataforma en la toma de decisiones relacionadas con la gestión del territorio y el catastro multipropósito.
Características de los resultados: Cualitativo y verificable a través de estudios de caso, entrevistas con autoridades y análisis de documentos que reflejen la influencia de la plataforma en la toma de decisiones.
Medios de Verificación: Estudios de caso, entrevistas con autoridades y análisis de documentos.
Indicador: Número de decisiones o políticas influenciadas por la información y participación aportadas en la plataforma.
5. Eficiencia en la actualización y mantenimiento del catastro multipropósito: Este resultado medirá la eficiencia y rapidez en la actualización y mantenimiento de la información geográfica en el catastro multipropósito a través del uso de la plataforma participativa.
Características de los resultados: Cuantitativo y verificable mediante registros de tiempo y procesos de actualización del catastro.
Medios de Verificación: Registros de tiempo y procesos de actualización del catastro multipropósito.
Indicador: Reducción del tiempo promedio requerido para la actualización del catastro multipropósito después de la implementación de la plataforma.
6. Entrega de informes técnicos finales: Se espera entregar informes técnicos completos y detallados que describan en profundidad las actividades realizadas en el proyecto, así como los hallazgos y resultados obtenidos. Estos informes serán exhaustivos y rigurosos en su documentación para garantizar la transparencia y comprensión de los avances logrados en el proyecto.
Características: Exhaustividad, claridad y rigor científico en la documentación de actividades y hallazgos.
Medios de Verificación: Revisión y aprobación por el equipo, coordinador del proyecto y expertos en la materia.
Indicador: Número total de informes técnicos entregados y aprobados.
7. Informe financiero de la ejecución: Como resultado de la ejecución del proyecto, se generará un informe financiero completo que proporcionará una visión detallada del uso de los recursos financieros asignados. Este informe contendrá información sobre los gastos realizados en cada etapa del proyecto, asegurando la precisión y transparencia necesaria para demostrar una adecuada gestión financiera y cumplimiento de las regulaciones establecidas por el Ministerio al cual será entregado.
Características: Precisión, transparencia y conformidad con las normativas financieras establecidas.
Medios de Verificación: Revisión y auditoría de los registros contables y justificativos de gastos.
Indicador: Nivel de precisión y cumplimiento del informe financiero con estándares y regulaciones del Ministerio.";"UDFJC:
- Hector Javier Fuentes Lopez (tutor)
- Erika Juliana Gonzalez Rivera (joven investigador)
- Jhoan Sebastian Dueñas Vargas (joven investigador)
- Gabriel Andrés Ávila Macheta (joven investigador)
- Miguel Ángel Velásquez Gómez (joven investigador)";76,31%;23,69%;0,00%;100,00%;0,00%;0,00%;0,00%;0,00%
2023;Propuesta de Investigación Convocatoria;Seleccionada;1047;INVITACIÓN A PRESENTAR PROPUESTAS ORIENTADAS A FORTALECER EL CATASTRO MULTIPROPÓSITO A TRAVES DE LA VINCULACIÓN DE JÓVENES INVESTIGADORES E INNOVADORES;MinCiencias;Ejecutor;N/A;N/A;12;"UDFJC:
- NIDE"; $ 52.841.000,00 ; $ 36.084.000,00 ; $ 36.084.000,00 ; $ 16.757.000,00 ; $ 36.084.000,00 ; $ -   ; $ 16.757.000 ; $ -   ; $ -   ; $ -   ; $ -   ; $ -   ; $ -   ; $ -   ; $ -   ;"La implementación exitosa del Catastro Multipropósito requiere no solo de la consolidación de información catastral precisa y actualizada, sino también del involucramiento activo de las comunidades en la gestión de la información sobre su territorio; se espera diseñar estrategias innovadoras que permitan a la comunidad ser protagonistas de los procesos de conservación catastral, sintiéndose partícipes de un catastro que refleja su realidad territorial para la adecuada toma de decisiones.
Este proyecto tiene como propósito central contribuir al efectivo empoderamiento de la comunidad en la gestión de la información catastral de su territorio. Se espera que los ciudadanos se apropien y sean protagonistas de las decisiones en los procesos de conservación catastral, convirtiéndose en actores clave para el éxito del Catastro Multipropósito.
En términos de fortalecimiento técnico, se proyecta optimizar la metodología actual de aseguramiento de calidad de los datos levantados, Identificando oportunidades de mejora para mayor precisión y utilidad de la información. Asimismo, se contempla la socialización de resultados ante el IGAC y demás actores involucrados, exponiendo de forma didáctica los avances logrados en el proceso de empoderamiento comunitario y fortalecimiento técnico en la gestión catastral de Quebradanegra.
También se proyecta a generar resultados de tipo informativo - académico como:
Informes Técnicos y Financieros Documentados: Se elaborarán informes técnicos detallados que documenten las actividades desarrollada, así como los resultados obtenidos en la propuesta de I+D+i.
Artículo Científico de Investigación: Se redactará un artículo científico en formato de revista indexada, en autoría o coautoría, que cumpla con los rigurosos parámetros de publicación en revistas categorizadas (A1, A2, B y C).
Socialización de Resultados en el IGAC: SAdicional a la socialización de los resultados obtenidos en el proyecto ante el IGAC, durante esta presentación, se expondrán de manera clara y concisa los logros, avances y hallazgos alcanzados en el proceso de implementación del Catastro Multipropósito en Quebradanegra y lo que veamos que puede ser replicable en otros municipios.";"UDFJC:
- Carlos Hernán Castro Ortega (tutor)
- Diego Andrés Garzón Girón (joven investigador)
- Laura Dayan Díaz Beltrán (joven investigador)";68,29%;31,71%;0,00%;100,00%;0,00%;0,00%;0,00%;0,00%
2023;Propuesta de Investigación Convocatoria;Seleccionada;1047;INVITACIÓN A PRESENTAR PROPUESTAS ORIENTADAS A FORTALECER EL CATASTRO MULTIPROPÓSITO A TRAVES DE LA VINCULACIÓN DE JÓVENES INVESTIGADORES E INNOVADORES;MinCiencias;Ejecutor;N/A;N/A;12;"UDFJC:
- NIDE"; $ 71.908.894,00 ; $ 54.126.000,00 ; $ 54.126.000,00 ; $ 17.782.894,00 ; $ 54.126.000,00 ; $ -   ; $ 17.782.894 ; $ -   ; $ -   ; $ -   ; $ -   ; $ -   ; $ -   ; $ -   ; $ -   ;"El resultado esperado de este proyecto de investigación es proporcionar una plataforma de datos abiertos a bajo coste que promueva
ciudades sostenibles y apoye la planificación urbana de manera más eficiente a partir de los datos suministrados por la ciudadanía,
fomentando un entorno urbano optimizado y mejorando la calidad de vida de los habitantes, por medio de del desarrollo de
software de código abierto para recopilar, almacenar, visualizar y facilitar la gestión de datos geográficos de la malla de
edificaciones, con el fin de proporcionar doce capas de información relacionada con las construcciones de la ciudad que permitan
impulsar una mejor estructuración y centralización de datos.
La implementación exitosa de la iniciativa ""Colouring Cities"" en Bogotá será un logro clave. Se espera que la metodología se haya
aplicado de manera efectiva para simplificar y categorizar la información sobre construcciones y el entorno urbano, lo que permitirá
una visualización más accesible y comprensible para diversos públicos, siendo pieza clave de una iniciativa mundial.
Se espera que la implementación de este proyecto empodere a la comunidad del barrio San José al proporcionarles conocimientos
para tomar decisiones informadas en asuntos urbanos y de desarrollo local. La capacidad de acceder a los datos espaciales a través
de una iniciativa internacional permitirá a la comunidad participar activamente en la planificación y la toma de decisiones que
afecten su entorno.
1. Resultado: Implementación de la plataforma ""Colouring Bogotá"" con acceso a datos geoespaciales de la malla de
edificaciones.
Características: Existencia de la plataforma web o aplicación móvil con las doce capas de información sobre
construcciones de la ciudad de Bogotá.
Medios de verificación: Revisión de la plataforma desarrollada y funcional.
Indicador: Porcentaje de completitud de las doce capas de información en la plataforma .
2. Resultado: Las instituciones podrán emplear la información espacial proporcionada por la metodología ""Colouring Cities""
para conocer la realidad urbana y mejorar el impacto de sus decisiones en la comunidad.
Características: Los datos espaciales recopilados y estructurados permitirá a las instituciones obtener una visión clara y
completa de la realidad urbana, incluyendo datos detallados sobre construcciones, infraestructuras y el entorno de la
ciudad.
Medios de verificación: Seguimiento de la utilización de la información geoespacial por parte de las instituciones en
procesos de planificación urbana y toma de decisiones relacionadas con el desarrollo y mejoramiento de la comunidad.
Indicador: Numero de instituciones que emplean activamente la información suministrada por la ciudadanía en sus
procesos de planificación y toma de decisiones.
3. Resultado: Empoderamiento de la comunidad del barrio San José para la toma de decisiones informadas.
Características: Acceso y uso activo de la plataforma por parte de los ciudadanos para consultar datos geoespaciales y
participar en la planificación.
Medios de verificación: Registro de usuarios y actividad en la plataforma.
Indicador: Número de usuarios activos por mes en la plataforma
4. Resultado: Divulgación y alcance global del proyecto ""Colouring Cities"".
Características: Reconocimiento y aplicación del proyecto como caso de estudio en otras ciudades y países.
Medios de verificación: Investigación y recopilación de evidencia de la aplicación de la metodología en otras
ubicaciones.
Indicador: Número de ciudades o países que han implementado la metodología ""Colouring Cities"" basada en el
proyecto de Bogotá";"UDFJC:
- Edilberto Suárez Torres (tutor)
- Angie Juliana Pirachicán Naranjo (joven investigador)
- Juan David Dallos Becerra (joven investigador)
- María Camila Velez Dueñas (joven investigador)";75,27%;24,73%;0,00%;100,00%;0,00%;0,00%;0,00%;0,00%
2023;Propuesta de Investigación Convocatoria;En tramite;N/A;Convocatoria de internacionalización de la Fundación de Investigación de Minas Gerais - FAPEMIG;FAPEMIG;Aliado;"Universidad Federal de Triángulo Minero (UFTM) del Brasil
UCLA - Venezuela
Universidade de Sevilha - Espanha
The University of West Indies, Jamaica
UMinho - Portugal 
Universidade do Minho, Portugal
UDG - México
Universidade do Minho, Portugal
Universidade de Lisboa e MUHNAC, Portugal";N/A;0;N/A; $ -   ; $ -   ; $ -   ; $ -   ; $ -   ; $ -   ; $ -   ; $ -   ; $ -   ; $ -   ; $ -   ; $ -   ; $ -   ; $ -   ; $ -   ;0;"UDFJC:
- Luis Eduardo Castillo Mendez (tutor)
- Daniel Felipe Pinzón Ramirez (joven investigador)
- Lina Rocio Roncancio Cardenas (joven investigador)";0,00%;0,00%;0,00%;0,00%;0,00%;0,00%;0,00%;0,00%
2023;Propuesta de Investigación Convocatoria;Seleccionada;1047;INVITACIÓN A PRESENTAR PROPUESTAS ORIENTADAS A FORTALECER EL CATASTRO MULTIPROPÓSITO A TRAVES DE LA VINCULACIÓN DE JÓVENES INVESTIGADORES E INNOVADORES;MinCiencias;Ejecutor;N/A;N/A;12;"UDFJC:
- GEFEM - Grupo de Estudio en temas de la Física, de la Estadística y la Matemática"; $ 36.084.000,00 ; $ 36.084.000,00 ; $ 36.084.000,00 ; $ -   ; $ 36.084.000,00 ; $ -   ; $ -   ; $ -   ; $ -   ; $ -   ; $ -   ; $ -   ; $ -   ; $ -   ; $ -   ;"Los resultados del proyecto de investigación que se esperan obtener luego de hacer el respectivo análisis y desarrollo metodológico es lograr una identificación precisa de las variables que desempeñan un papel fundamental en la valuación de los bienes inmuebles
de interés ambiental en el páramo de Sumapaz. Asimismo, se espera establecer con precisión la ponderación y el grado de influencia que cada una de estas variables ejerce en la metodología valuatoria diseñada, lo que permitirá una evaluación más profunda y
contextualizada de los avalúos comerciales en este tipo de ecosistemas. De igual forma se proyecta la selección del modelo matemático o enfoque metodológico más pertinente para la determinación precisa de los avalúos comerciales de los bienes inmuebles en el páramo de Sumapaz. Además, se prevé la creación detallada y exhaustiva de este modelo, teniendo en cuenta las particularidades intrínsecas de la región y las características únicas de los bienes inmuebles de interés ambiental, contribuyendo así a una aproximación valuatoria más adaptada y concuerda con el tipo de bienes inmuebles que se encuentran en este páramo.
Además, se espera llevar a cabo un análisis minucioso y comparativo de los resultados obtenidos en relación a los avalúos determinados por los métodos tradicionales de costo de reposición a nuevo y de renta, tal y como establece la resolución IGAC 620 del año 2008. Estos análisis permitirán evaluar la eficacia y precisión de la nueva metodología valuatoria en el contexto específico de los bienes inmuebles de interés ambiental en el páramo de Sumapaz dentro de la ciudad de Bogotá para el año 2022.
En conjunto, estos resultados contribuirán al logro del objetivo general de diseñar una metodología idónea para determinar los avalúos de los bienes inmuebles privados en la región del páramo de Sumapaz, en concordancia con los requisitos establecidos en
los artículos 8vo y 14vo de la ley 1930 de 2018.
Adicionalmente, se plantea como un aporte de significativa trascendencia la presentación al Instituto Geográfico Agustín Codazzi (IGAC) de un modelo intrínsecamente adaptado, capaz de discernir y precisar el valor inherente a este particular género de bienes
inmuebles. Un aspecto esencial que subyace en esta iniciativa radica en la actual carencia de un modelo definido en la actualidad; aquellos escasos intentos llevados a cabo previamente se han sustentado en enfoques empíricos y en la aplicación de experiencia
obtenida en otras esferas de valuación. La aspiración concreta es la de instituir una normativa metodológica que trascienda estas limitaciones, instaurando un marco riguroso y estandarizado que aporte soluciones eficaces a aquellos que requieran abordar esta
compleja empresa en el futuro. Este modelo propuesto no solo aspira a llenar el vacío existente en el ámbito de la valuación de bienes inmuebles dentro del majestuoso contexto del páramo de Sumapaz, sino que también procura fundamentar su fundamentación en principios sólidos y un riguroso análisis conceptual. En su esencia, esta propuesta se erige como una respuesta a la necesidad de conferir precisión, justicia y uniformidad a un proceso que, hasta el momento, ha carecido de una orientación unificada y coherente.
Dentro de este enfoque más amplio, la intención es superar las limitaciones inherentes a las metodologías basadas en la intuición y la experiencia en ámbitos distintos, y en su lugar, establecer un paradigma metodológico sólido que tome en cuenta las
especificidades únicas de los bienes inmuebles en el páramo de Sumapaz. La expectativa de este aporte no se limita a una aplicación única o una situación específica, sino que se proyecta como una herramienta versátil y de utilidad generalizada, destinada a todos
aquellos que se enfrenten a la desafiante tarea de valuar bienes inmuebles en este entorno tan peculiar. Así, este modelo no solo busca mitigar la incertidumbre asociada con la valuación de bienes inmuebles en una región de tal relevancia ecológica y social, sino que también anhela facilitar el proceso para todas las partes interesadas, ofreciendo una guía estructurada y una base metodológica sólida en la que se puede confiar. En última instancia, esta propuesta se erige como un aporte tangible a la búsqueda de una valuación equitativa y precisa en una región de incalculable valor como es el páramo de Sumapaz. ";"1. Video explicativo de corta duración, en el mismo deberá ir una breve explicación del proyecto, su alcance, su importancia e
información de interés que pueda permitir a la comunidad entender el proyecto no como un mero esfuerzo teórico sino como
algo cercano a la realidad.
2. Realización de un poster a manera de infografía donde se encuentre la información, datos, resultados e impacto del proyecto
para así usarlo como medio de difusión en redes autorizadas por las entidades involucradas en el mismo.
3. Participación en algún evento académico relacionado al tema de estudio y autorizado por las entidades promotoras del
proyecto, para ser expuesto en un ambiente académico, realizando énfasis en los hallazgos metodológicos y resultados
obtenidos para ser sometidos al escrutinio de pares académicos.
Por otro lado, recordar que el producto final solicitado para validar el cumplimiento del proyecto es un artículo de investigación en
una revista indexada por Minciencias, esta se considera otra forma de que la investigación sea sometida a la revisión de pares
académicos y sea publica para el uso futuro en el marco de la protección de derechos de autor.
Con respecto al aporte que los mismos resultados y su divulgación pueden tener en la comunidad o la entidad, se debe comenzar
con la entidad la cuál por mandato de la ley 1930 de 2018 se le asigna la tarea de realizar una metodología valuatoria de aquellos
predios ubicados en ronda de paramo y que por lo mismo son objeto del proceso de adquisición por el estado para proteger el
ecosistema, pues se espera que con el uso de este modelo multicriterio se sirva como guía o ayuda al desarrollo de la metodología
que a futuro desarrollará el IGAC.";100,00%;0,00%;0,00%;0,00%;0,00%;0,00%;0,00%;0,00%
2023;Propuesta de Investigación Convocatoria;No Avalada;1047;INVITACIÓN A PRESENTAR PROPUESTAS ORIENTADAS A FORTALECER EL CATASTRO MULTIPROPÓSITO A TRAVES DE LA VINCULACIÓN DE JÓVENES INVESTIGADORES E INNOVADORES;MinCiencias;Ejecutor;N/A;N/A;12;"UDFJC:
- NIDE"; $ 71.483.647,00 ; $ 54.126.000,00 ; $ 54.126.000,00 ; $ 17.357.647,00 ; $ 54.126.000,00 ; $ -   ; $ 17.357.647 ; $ -   ; $ -   ; $ -   ; $ -   ; $ -   ; $ -   ; $ -   ; $ -   ;"El resultado esperado de este proyecto de investigación es proporcionar una plataforma de datos abiertos a bajo coste que promueva ciudades sostenibles y apoye la planificación urbana de manera más eficiente a partir de los datos suministrados por la ciudadanía, fomentando un entorno urbano optimizado y mejorando la calidad de vida de los habitantes, por medio de del desarrollo de software de código abierto para recopilar, almacenar, visualizar y facilitar la gestión de datos geográficos de la malla de edificaciones, con el fin de proporcionar doce capas de información relacionada con las construcciones de la ciudad que permitan impulsar una mejor estructuración y centralización de datos.
La implementación exitosa de la iniciativa ""Colouring Cities"" en Bogotá será un logro clave. Se espera que la metodología se haya aplicado de manera efectiva para simplificar y categorizar la información sobre construcciones y el entorno urbano, lo que permitirá una visualización más accesible y comprensible para diversos públicos, siendo pieza clave de una iniciativa mundial.
Se espera que la implementación de este proyecto empodere a la comunidad del barrio San José al  proporcionarles conocimientos para tomar decisiones informadas en asuntos urbanos y de desarrollo local. La capacidad de acceder a los datos espaciales a través de una iniciativa internacional permitirá a la comunidad participar activamente en la planificación y la toma de decisiones que afecten su entorno.
1. Resultado: Implementación de la plataforma ""Colouring Bogotá"" con acceso a datos geoespaciales de la malla de edificaciones.
Características: Existencia de la plataforma web o aplicación móvil con las doce capas de información sobre construcciones de la ciudad de Bogotá.
Medios de verificación: Revisión de la plataforma desarrollada y funcional.
Indicador: Porcentaje de completitud de las doce capas de información en la plataforma .
2. Resultado: Las instituciones podrán emplear la información espacial proporcionada por la metodología ""Colouring Cities"" para conocer la realidad urbana y mejorar el impacto de sus decisiones en la comunidad.
Características: Los datos espaciales recopilados y estructurados permitirá a las instituciones obtener una visión clara y completa de la realidad urbana, incluyendo datos detallados sobre construcciones, infraestructuras y el entorno de la ciudad.
Medios de verificación: Seguimiento de la utilización de la información geoespacial por parte de las instituciones en procesos de planificación urbana y toma de decisiones relacionadas con el desarrollo y mejoramiento de la comunidad.
Indicador: Numero de instituciones que emplean activamente la información suministrada por la ciudadanía en sus procesos de planificación y toma de decisiones.
3. Resultado: Empoderamiento de la comunidad del barrio San José para la toma de decisiones informadas.
Características: Acceso y uso activo de la plataforma por parte de los ciudadanos para consultar datos geoespaciales y participar en la planificación.
Medios de verificación: Registro de usuarios y actividad en la plataforma.
Indicador: Número de usuarios activos por mes en la plataforma
4. Resultado: Divulgación y alcance global del proyecto ""Colouring Cities"".
Características: Reconocimiento y aplicación del proyecto como caso de estudio en otras ciudades y países.
Medios de verificación: Investigación y recopilación de evidencia de la aplicación de la metodología en otras
ubicaciones.
Indicador: Número de ciudades o países que han implementado la metodología ""Colouring Cities"" basada en el proyecto de Bogotá";"1. Angie Juliana Pirachican Naranjo
Identificar conjuntos de datos clave para el proyecto de Colouring Cities en Bogotá proporcionados por entidades públicas.
Evaluar la calidad y precisión de los datos espaciales recopilados de diferentes fuentes nacionales.
Priorizar los datos según su relevancia y utilidad para la iniciativa Colouring Cities en el contexto de la ciudad.
Organizar reuniones y charlas informativas con la comunidad del Barrio San José, para presentar el proyecto y sus objetivos, y para escuchar las necesidades y expectativas de los habitantes.
Establecer un canal de comunicación directa con la Junta de Acción Comunal, participando en sus reuniones y eventos para compartir avances y recibir retroalimentación.
Crear espacios de diálogo y colaboración con la comunidad y la Junta de Acción Comunal para identificar oportunidades de mejora y soluciones conjuntas para el desarrollo territorial del barrio.
Utilizar herramientas de análisis geoespacial para examinar y visualizar patrones de uso del suelo, infraestructura y servicios.
Identificar tendencias y áreas de interés para la toma de decisiones informadas en el proyecto.
Presentar los resultados de manera clara y comprensible para el equipo de investigación y otras partes interesadas.
Mantener un registro detallado de los cambios y actualizaciones realizadas en el repositorio.
Facilitar la colaboración y retroalimentación de otros desarrolladores y expertos en el campo.
Responder a los problemas y solicitudes de mejora en el repositorio para una gestión eficiente y transparente del proyecto, las cuales serán comentadas a través de “issues” en GitHub.
2. Juan David Dallos Becerra
Configurar el servidor y las dependencias necesarias para el funcionamiento, algunas tareas son: actualizar sistema instalación de herramientas básicas y establecer variables de entorno en el sistema.
Asegurar la disponibilidad y adecuada capacidad de almacenamiento para los datos espaciales y la plataforma 
Instalar y configurar el sistema operativo Ubuntu 22.04 en el ambiente de desarrollo.
Configurar las herramientas de desarrollo y ambientes virtuales necesarios para el proyecto, tales como NodeJS y ambiente Python.
Establecer permisos y seguridad en el sistema para garantizar un entorno de desarrollo confiable.
Documentar la estructura de la base de datos para reflejar las 12 categorías de Colouring Cities y los atributos adaptados.
Importar y adaptar los datos existentes al nuevo esquema de base de datos por medio de ETL y transformación de información por medio de instrucciones SQL.
Implementar mecanismos de actualización y sincronización de datos para asegurar su integridad
Configurar el servidor web para alojar y desplegar el visor geográfico.
Implementar medidas de seguridad para proteger la plataforma y los datos sensibles.
Realizar pruebas de despliegue para verificar la funcionalidad del visor en línea.
Monitorear el rendimiento del visor y gestionar el consumo de recursos.
Brindar soporte técnico y resolver incidencias para asegurar la disponibilidad continua del visor geográfico.
3. María Camila Vélez Dueñas
Transferir y adaptar el código fuente de Colouring Cities a un entorno de desarrollo local en Colombia.
Verificar la compatibilidad de la plataforma con los recursos y tecnologías locales.
Documentar el proceso de migración y establecer procedimientos para futuras actualizaciones
Realizar un estudio detallado del entorno urbano del Barrio San José de Bogotá, para identificar las problemáticas territoriales y sociales existentes.
Analizar las necesidades y demandas específicas de la comunidad local en relación con el desarrollo
Contextualizar los datos espaciales recopilados con el fin de generar soluciones pertinentes y ajustadas a las particularidades de la zona de estudio
Diseñar material gráfico y audiovisual para presentar los resultados y avances del proyecto de manera clara y atractiva.
Establecer una estrategia de comunicación para compartir la información con la comunidad, entidades involucradas y otros interesados.
Organizar eventos y webinars para difundir los avances y promover la participación activa de la comunidad en el proyecto
Desarrollar formularios y métodos de captura en campo utilizando tecnologías móviles o sistemas de recolección de datos remotos.
Establecer un sistema de recolección de información que permita la posterior integración y actualización de los datos en la base de datos del visor geográfico.
Garantizar la precisión y validez de los datos capturados en campo para su adecuada utilización en el proyecto Colouring Cities.		
";75,72%;24,28%;0,00%;100,00%;0,00%;0,00%;0,00%;0,00%
2023;Propuesta de Investigación Convocatoria;No Avalada;1047;INVITACIÓN A PRESENTAR PROPUESTAS ORIENTADAS A FORTALECER EL CATASTRO MULTIPROPÓSITO A TRAVES DE LA VINCULACIÓN DE JÓVENES INVESTIGADORES E INNOVADORES;MinCiencias;Ejecutor;N/A;N/A;12;"UDFJC:
- Grupo de Investigación de Ingeniería Sanitaria (GIIS)"; $ 72.168.000,00 ; $ 72.168.000,00 ; $ 72.168.000,00 ; $ -   ; $ 72.168.000,00 ; $ -   ; $ -   ; $ -   ; $ -   ; $ -   ; $ -   ; $ -   ; $ -   ; $ -   ; $ -   ;"Como resultados se espera obtener:

1. Se realizará una clasificación para los canales abiertos que se puedan transformar en canales cerrados implementando Sistemas Urbanos de Drenaje Sostenible, lo cual aportará para la toma de decisiones en materia de habitabilidad en centros urbanos. Por medio de una herramienta que determine el SUDS con mejor potencial de implementación para cada tipo de canal.
2. Se elaborará manual con la metodología técnica desarrollada para la transformación de canales abiertos generalmente en sistemas de tuberías de menor área hidráulica a flujo libre, mediante la integración y selección de (SUDS).
3. Se adaptará dicho manual como una extensión para sistemas de información geográfica (SIG), que permita visualizar y analizar espacialmente los canales pluviales y los SUDS asociados, así como priorizar y evaluar las zonas óptimas para su transformación mediante un análisis multicriterio.
4. Se realizarán informes parciales y final técnico de las actividades desarrolladas por los jóvenes innovadores y los resultados obtenidos en la propuesta.
5. Se presentarán informes parciales y final financiero de la ejecución los cuales serán entregados al Ministerio
6. Se producirá un artículo científico en autoría o coautoría en formato de una revista indexada con los parámetros para ser publicado en una revista categorizada (A1, A2, B y C), esto con la respectiva Socialización de los resultados.";"- Identificación para análisis de canales
- Instrumento para integración de SUD
- Herramienta SIG
- Informes parciales y final
- Articulo científico";100,00%;0,00%;0,00%;0,00%;0,00%;0,00%;0,00%;0,00%
2023;Propuesta de Investigación Convocatoria;No Avalada;1047;INVITACIÓN A PRESENTAR PROPUESTAS ORIENTADAS A FORTALECER EL CATASTRO MULTIPROPÓSITO A TRAVES DE LA VINCULACIÓN DE JÓVENES INVESTIGADORES E INNOVADORES;MinCiencias;Ejecutor;N/A;N/A;12;"UDFJC:
- Grupo de Investigación de Ingeniería Sanitaria (GIIS)"; $ 54.126.000,00 ; $ 54.126.000,00 ; $ 54.126.000,00 ; $ -   ; $ 54.126.000,00 ; $ -   ; $ -   ; $ -   ; $ -   ; $ -   ; $ -   ; $ -   ; $ -   ; $ -   ; $ -   ;"ARTÍCULO POR PROPUESTA I+D+i
En la Tabla 5, se encuentran los resultados, indicadores y métodos de verificación, destacando la planificación de la elaboración de dos artículos científicos en formato de revista indexada.
El primero de estos artículos abordará la metodología empleada y los resultados específicos derivados de la propuesta I+D+i. El segundo artículo se centrará en la exposición detallada de la metodología propuesta para implementar sistemas urbanos de drenaje sostenible (SUDs) en zonas inundables. Este incluirá la descripción de la ruta para identificar áreas vulnerables, el análisis de amenazas y riesgos, la integración de criterios múltiples en la selección de ubicaciones y diseños de SuDS, así como un plan completo de implementación y monitoreo
INFORME FINANCIERO
considerando los recursos asignados para la ejecución de la propuesta de investigación, se plantea la presentación de un informe financiero que detallará la asignación de estos recursos en cada una de las fases del proyecto. Este informe incluirá una especificación clara de cómo se han destinado los fondos y mostrará el porcentaje de cumplimiento, tal como se ilustra en el indicador de la Tabla 5.A
SOCIALIZACIÓN DE RESULTADOS
Se llevarán a cabo actividades de socialización en colaboración con el Instituto Geográfico Agustín Codazzi (IGAC). Estas incluirán seminarios, talleres y la elaboración de materiales de difusión para presentar los hallazgos clave y las recomendaciones de la investigación a una audiencia diversa, programados estratégicamente a lo largo del proyecto.";"- Artículos de revista cientifica indexada, en categorias A1, A2, B o C
- Cumplimiento de la metodología planteada en la investigación
- Validación de la metodología para la implementación de SUDs en zonas potencialmente inundables, aplicado en un area de estudios
- Informe financiero de la ejecución de los rublos entregados por Minciencias.
- Socialización de resultados, los cuales serán presentados en el IGAC";100,00%;0,00%;0,00%;0,00%;0,00%;0,00%;0,00%;0,00%
2023;Propuesta de Investigación Convocatoria;En tramite;33;CONVOCATORIA DE LA ASIGNACIÓN PARA LA CIENCIA, TECNOLOGÍA E INNOVACIÓN DEL SISTEMA GENERAL DE REGALÍAS PARA LA CONFORMACIÓN DE UN LISTADO DE PROYECTOS ELEGIBLES PARA EL FOMENTO DE VOCACIONES TEMPRANAS EN LAS REGIONES A TRAVÉS DE LA ESTRATEGIA ONDAS;MinCiencias;Aliado;"1- Observatorio del Caribe Colombiano
2- Gobernación de Córdoba
3- Fundación Sabanas
4- Asesoria Estratégica Empresarial S.A.S.";N/A;24;"UDFJC:
- Grupo de investigación en pedagogía, currículo y evaluación

Observatorio del Caribe Colombiano:

 Gobernación de Córdoba: 

Fundación Sabanas:

Asesoria Estratégica Empresarial S.A.S:
"; $ 6.847.500.000,00 ; $ -   ; $ 6.600.000.000,00 ; $ 247.500.000,00 ; $ 6.600.000.000,00 ; $ -   ; $ 50.000.000 ; $ -   ; $ 120.000.000 ; $ -   ; $ 50.000.000 ; $ -   ; $ 2.500.000 ; $ -   ; $ 25.000.000 ;"Mediante la ejecución de este proyecto Ondas en el departamento, se forjarán entornos educativos sólidos, en
los cuales se fomentará la didáctica, la colaboración y la creatividad. Estos ambientes serán fundamentales
para revitalizar las vocaciones de los niños, niñas y jóvenes de las instituciones educativas aprovechando la
influencia positiva del ámbito científico e investigativo. Como resultado de esta iniciativa, el departamento estará
en condiciones de establecer pautas pedagógicas que enriquezcan a las instituciones educativas, incentivando
una mayor participación, seguimiento y evaluación de las habilidades de los estudiantes en este dominio del
conocimiento.
Se llevará a cabo un análisis exhaustivo para identificar las necesidades existentes. Con base en este análisis,
se desarrollarán mecanismos y se recopilará información que posibilite el continuo estímulo de la investigación
tanto entre los docentes como entre los estudiantes. Este enfoque se orientará hacia el fortalecimiento del
potencial científico y tecnológico. Además, se establecerán canales de coordinación y articulación entre los
niveles educativos básico, medio y superior, así como con los diversos actores que se dedican a distintas
vocaciones en el territorio. Como resultado, se implementarán estrategias concretas que permitirán la
generación, aplicación y transferencia de conocimiento e investigación en un contexto académico.
Un componente esencial de esta iniciativa será la creación de bases sólidas para redes investigativas. Estas
redes desempeñarán un papel clave en la promoción y fortalecimiento del talento científico y tecnológico. Su
establecimiento permitirá que las autoridades gubernamentales respalden la ejecución de proyectos enfocados
en la formación de grupos y semilleros de investigación enfocados en diferentes retos, como estrategia para el
desarrollo de talentos en NNA. En paralelo, se pondrán en marcha metodologías para fomentar la participación
de la comunidad académica en proyectos de investigación científica y desarrollo tecnológico.
A través de estas acciones, se establecerán los mecanismos necesarios para difundir la ciencia y la tecnología
para el desarrollo integral de la infancia y adolescencia. Además, se proporcionará acceso a la información,
contribuyendo a fortalecer la eventual creación de un sistema departamental sólido en el ámbito de la ciencia y
la tecnología. En conjunto, la estrategia Ondas se presenta como un enfoque integral para estimular el interés
y la participación en CTeI entre los jóvenes, estableciendo cimientos sólidos para el desarrollo académico y la
innovación en la región.";"- Servicio de apoyo financiero para el fomento de vocaciones científicas en CTeI
- Servicio para el fortalecimiento de capacidades institucionales para el fomento de vocación científica
- Servicio de apoyo para el fomento de las vocaciones científicas en CTeI
- Servicios de comunicación con enfoque en Ciencia
Tecnología y Sociedad";96,39%;0,73%;0,00%;100,00%;1,75%;0,73%;0,04%;0,37%
2023;Propuesta de Investigación Convocatoria;En tramite;33;CONVOCATORIA DE LA ASIGNACIÓN PARA LA CIENCIA, TECNOLOGÍA E INNOVACIÓN DEL SISTEMA GENERAL DE REGALÍAS PARA LA CONFORMACIÓN DE UN LISTADO DE PROYECTOS ELEGIBLES PARA EL FOMENTO DE VOCACIONES TEMPRANAS EN LAS REGIONES A TRAVÉS DE LA ESTRATEGIA ONDAS;MinCiencias;Ejecutor;"1- Multiverso S.A.S.
2- Gobernación de Caqueta
3- Fundación Reduca";N/A;24;"UDFJC:
- Grupo de investigación en pedagogía, currículo y evaluación

Multiverso S.A.S.

Gobernación de Caqueta

Fundación Reduca"; $ 6.447.831.000,00 ; $ -   ; $ 6.159.791.000,00 ; $ 288.040.000,00 ; $ 6.159.791.000,00 ; $ -   ; $ 227.360.000 ; $ -   ; $ 27.840.000 ; $ -   ; $ 5.000.000 ; $ -   ; $ 27.840.000 ; $ -   ; $ -   ;0;"- Servicio de apoyo financiero para el fomento de vocaciones científicas en CTeI
- Servicios de apoyo financiero para la comunicación con enfoque en Ciencia Tecnología y Sociedad";95,53%;3,53%;0,00%;100,00%;0,43%;0,08%;0,43%;0,00%
2023;Propuesta de Investigación Convocatoria;En tramite;33;CONVOCATORIA DE LA ASIGNACIÓN PARA LA CIENCIA, TECNOLOGÍA E INNOVACIÓN DEL SISTEMA GENERAL DE REGALÍAS PARA LA CONFORMACIÓN DE UN LISTADO DE PROYECTOS ELEGIBLES PARA EL FOMENTO DE VOCACIONES TEMPRANAS EN LAS REGIONES A TRAVÉS DE LA ESTRATEGIA ONDAS;MinCiencias;Ejecutor;"1- Asociación Colombiana de micros y pequeñas empresas - ACOPI seccional Atlántico
2- CLI Corporation";N/A;24;"UDFJC:

ACOPI:

CLI:
"; $ 5.300.050.000,00 ; $ -   ; $ 5.200.000.000,00 ; $ 100.050.000,00 ; $ 5.200.000.000,00 ; $ -   ; $ 33.350.000 ; $ -   ; $ 33.350.000 ; $ -   ; $ 33.350.000 ; $ -   ; $ -   ; $ -   ; $ -   ;"Niños, niñas y adolescentes con vocaciones y habilidades científicas fortalecidas en el departamento: 4.000
Grupos de investigación conformados por niños niñas y adolescentes en instituciones educativas públicas de Casanare: 120
Maestros y maestras con vocaciones científicas e investigativas fortalecidas de instituciones educativas de Casanare: 120
Instituciones educativas vinculadas al proyecto: 120
Número de kits pedagógicos para grupos de investigación: 120
Número de kits pedagógicos (lineamientos) para docentes: 120
Número de kits pedagógicos (lineamientos) para asesores: 14
Número de programas y proyectos en Ciencia, Tecnología e Innovación: 120
Número de apoyos financieros (capital semilla) entregados a los grupos de investigación para el desarrollo de los proyectos: 120
Número de kits tecnológicos entregados a los grupos de investigación: 120
Número de certificados por participación entregados a los beneficiarios de las instituciones educativas focalizadas del departamento: 4.120
Número de asesorías especializadas desarrolladas a través de expertos en algún tema presente en los proyectos ejecutados por los niños, niñas y adolescentes de instituciones educativas del departamento: 120
Número de estrategias de divulgación y apropiación del conocimiento: 7
Número de circuitos institucionales para el fomento de las CTeI, apropiación social, divulgación y fomento de vocaciones tempranas de NNA: 120
Número de espacios de interacción en CTeI municipales para la apropiación social, divulgación y fomento de vocaciones de NNA:8
Número de espacios de interacción en CTeI departamentales para la apropiación social, divulgación y fomento de vocaciones tempranas de NNA:	2
Número de grupos de investigación de NNA participantes en espacios de divulgación de la CTeI regionales: 60
Número de grupos de investigación de NNA participantes en espacios de divulgación de la CTeI nacionales: 10
Número de grupos de investigación de NNA participantes en Ferias Internacionales de Ciencia, Tecnología e Innovación: 2";"Producto 1.1 Servicio de apoyo financiero para el fortalecimiento de las vocaciones científicas en CTI
Producto 2.1 Servicios de apoyo financiero para programas y proyectos de apropiación social del conocimiento
Producto 3.1 Servicio de apropiación social del conocimiento";98,11%;0,63%;0,00%;100,00%;0,63%;0,63%;0,00%;0,00%
2023;Propuesta de Investigación Convocatoria;En tramite;33;CONVOCATORIA DE LA ASIGNACIÓN PARA LA CIENCIA, TECNOLOGÍA E INNOVACIÓN DEL SISTEMA GENERAL DE REGALÍAS PARA LA CONFORMACIÓN DE UN LISTADO DE PROYECTOS ELEGIBLES PARA EL FOMENTO DE VOCACIONES TEMPRANAS EN LAS REGIONES A TRAVÉS DE LA ESTRATEGIA ONDAS;MinCiencias;Ejecutor;"1- Asociación Colombiana de micros y pequeñas empresas - ACOPI seccional Atlántico
2- CLI Corporation";N/A;24;"UDFJC:

ACOPI:

CLI:
"; $ 5.300.050.000,00 ; $ -   ; $ 5.200.000.000,00 ; $ 100.050.000,00 ; $ 5.200.000.000,00 ; $ -   ; $ 33.350.000 ; $ -   ; $ 33.350.000 ; $ -   ; $ 33.350.000 ; $ -   ; $ -   ; $ -   ; $ -   ;"Niños, niñas y adolescentes con vocaciones y habilidades científicas fortalecidas en el departamento: 4.000
Grupos de investigación conformados por niños niñas y adolescentes en instituciones educativas públicas de Casanare: 120
Maestros y maestras con vocaciones científicas e investigativas fortalecidas de instituciones educativas de Casanare: 120
Instituciones educativas vinculadas al proyecto: 120
Número de kits pedagógicos para grupos de investigación: 120
Número de kits pedagógicos (lineamientos) para docentes: 120
Número de kits pedagógicos (lineamientos) para asesores: 14
Número de programas y proyectos en Ciencia, Tecnología e Innovación: 120
Número de apoyos financieros (capital semilla) entregados a los grupos de investigación para el desarrollo de los proyectos: 120
Número de kits tecnológicos entregados a los grupos de investigación: 120
Número de certificados por participación entregados a los beneficiarios de las instituciones educativas focalizadas del departamento: 4.120
Número de asesorías especializadas desarrolladas a través de expertos en algún tema presente en los proyectos ejecutados por los niños, niñas y adolescentes de instituciones educativas del departamento: 120
Número de estrategias de divulgación y apropiación del conocimiento: 7
Número de circuitos institucionales para el fomento de las CTeI, apropiación social, divulgación y fomento de vocaciones tempranas de NNA: 120
Número de espacios de interacción en CTeI municipales para la apropiación social, divulgación y fomento de vocaciones de NNA:8
Número de espacios de interacción en CTeI departamentales para la apropiación social, divulgación y fomento de vocaciones tempranas de NNA:	2
Número de grupos de investigación de NNA participantes en espacios de divulgación de la CTeI regionales: 60
Número de grupos de investigación de NNA participantes en espacios de divulgación de la CTeI nacionales: 10
Número de grupos de investigación de NNA participantes en Ferias Internacionales de Ciencia, Tecnología e Innovación: 2";"Producto 1.1 Servicio de apoyo financiero para el fortalecimiento de las vocaciones científicas en CTI
Producto 2.1 Servicios de apoyo financiero para programas y proyectos de apropiación social del conocimiento
Producto 3.1 Servicio de apropiación social del conocimiento";98,11%;0,63%;0,00%;100,00%;0,63%;0,63%;0,00%;0,00%
2023;Propuesta de Investigación Convocatoria;En tramite;33;CONVOCATORIA DE LA ASIGNACIÓN PARA LA CIENCIA, TECNOLOGÍA E INNOVACIÓN DEL SISTEMA GENERAL DE REGALÍAS PARA LA CONFORMACIÓN DE UN LISTADO DE PROYECTOS ELEGIBLES PARA EL FOMENTO DE VOCACIONES TEMPRANAS EN LAS REGIONES A TRAVÉS DE LA ESTRATEGIA ONDAS;MinCiencias;Ejecutor;"1- Asociación Colombiana de micros y pequeñas empresas - ACOPI seccional Atlántico
2- CLI Corporation";N/A;24;"UDFJC:

ACOPI:

CLI:
"; $ 5.300.050.000 ; $ -   ; $ 5.200.000.000 ; $ 100.050.000 ; $ 5.200.000.000,00 ; $ -   ; $ 33.350.000 ; $ -   ; $ 33.350.000 ; $ -   ; $ 33.350.000 ; $ -   ; $ -   ; $ -   ; $ -   ;"Niños, niñas y adolescentes con vocaciones y habilidades científicas fortalecidas en el departamento: 4.000
Grupos de investigación conformados por niños niñas y adolescentes en instituciones educativas públicas de Casanare: 120
Maestros y maestras con vocaciones científicas e investigativas fortalecidas de instituciones educativas de Casanare: 120
Instituciones educativas vinculadas al proyecto: 120
Número de kits pedagógicos para grupos de investigación: 120
Número de kits pedagógicos (lineamientos) para docentes: 120
Número de kits pedagógicos (lineamientos) para asesores: 14
Número de programas y proyectos en Ciencia, Tecnología e Innovación: 120
Número de apoyos financieros (capital semilla) entregados a los grupos de investigación para el desarrollo de los proyectos: 120
Número de kits tecnológicos entregados a los grupos de investigación: 120
Número de certificados por participación entregados a los beneficiarios de las instituciones educativas focalizadas del departamento: 4.120
Número de asesorías especializadas desarrolladas a través de expertos en algún tema presente en los proyectos ejecutados por los niños, niñas y adolescentes de instituciones educativas del departamento: 120
Número de estrategias de divulgación y apropiación del conocimiento: 7
Número de circuitos institucionales para el fomento de las CTeI, apropiación social, divulgación y fomento de vocaciones tempranas de NNA: 120
Número de espacios de interacción en CTeI municipales para la apropiación social, divulgación y fomento de vocaciones de NNA:8
Número de espacios de interacción en CTeI departamentales para la apropiación social, divulgación y fomento de vocaciones tempranas de NNA:	2
Número de grupos de investigación de NNA participantes en espacios de divulgación de la CTeI regionales: 60
Número de grupos de investigación de NNA participantes en espacios de divulgación de la CTeI nacionales: 10
Número de grupos de investigación de NNA participantes en Ferias Internacionales de Ciencia, Tecnología e Innovación: 2";"Producto 1.1 Servicio de apoyo financiero para el fortalecimiento de las vocaciones científicas en CTI
Producto 2.1 Servicios de apoyo financiero para programas y proyectos de apropiación social del conocimiento
Producto 3.1 Servicio de apropiación social del conocimiento";98,11%;0,63%;0,00%;100,00%;0,63%;0,63%;0,00%;0,00%
2023;Propuesta de Investigación Convocatoria;En tramite;33;CONVOCATORIA DE LA ASIGNACIÓN PARA LA CIENCIA, TECNOLOGÍA E INNOVACIÓN DEL SISTEMA GENERAL DE REGALÍAS PARA LA CONFORMACIÓN DE UN LISTADO DE PROYECTOS ELEGIBLES PARA EL FOMENTO DE VOCACIONES TEMPRANAS EN LAS REGIONES A TRAVÉS DE LA ESTRATEGIA ONDAS;MinCiencias;Ejecutor;"1- Asociación Colombiana de micros y pequeñas empresas - ACOPI seccional Atlántico
2- CLI Corporation";N/A;24;"UDFJC:

ACOPI:

CLI:
"; $ 5.300.050.000 ; $ -   ; $ 5.200.000.000 ; $ 100.050.000 ; $ 5.200.000.000,00 ; $ -   ; $ 33.350.000 ; $ -   ; $ 33.350.000 ; $ -   ; $ 33.350.000 ; $ -   ; $ -   ; $ -   ; $ -   ;"Niños, niñas y adolescentes con vocaciones y habilidades científicas fortalecidas en el departamento: 4.000
Grupos de investigación conformados por niños niñas y adolescentes en instituciones educativas públicas de Casanare: 120
Maestros y maestras con vocaciones científicas e investigativas fortalecidas de instituciones educativas de Casanare: 120
Instituciones educativas vinculadas al proyecto: 120
Número de kits pedagógicos para grupos de investigación: 120
Número de kits pedagógicos (lineamientos) para docentes: 120
Número de kits pedagógicos (lineamientos) para asesores: 14
Número de programas y proyectos en Ciencia, Tecnología e Innovación: 120
Número de apoyos financieros (capital semilla) entregados a los grupos de investigación para el desarrollo de los proyectos: 120
Número de kits tecnológicos entregados a los grupos de investigación: 120
Número de certificados por participación entregados a los beneficiarios de las instituciones educativas focalizadas del departamento: 4.120
Número de asesorías especializadas desarrolladas a través de expertos en algún tema presente en los proyectos ejecutados por los niños, niñas y adolescentes de instituciones educativas del departamento: 120
Número de estrategias de divulgación y apropiación del conocimiento: 7
Número de circuitos institucionales para el fomento de las CTeI, apropiación social, divulgación y fomento de vocaciones tempranas de NNA: 120
Número de espacios de interacción en CTeI municipales para la apropiación social, divulgación y fomento de vocaciones de NNA:8
Número de espacios de interacción en CTeI departamentales para la apropiación social, divulgación y fomento de vocaciones tempranas de NNA:	2
Número de grupos de investigación de NNA participantes en espacios de divulgación de la CTeI regionales: 60
Número de grupos de investigación de NNA participantes en espacios de divulgación de la CTeI nacionales: 10
Número de grupos de investigación de NNA participantes en Ferias Internacionales de Ciencia, Tecnología e Innovación: 2";"Producto 1.1 Servicio de apoyo financiero para el fortalecimiento de las vocaciones científicas en CTI
Producto 2.1 Servicios de apoyo financiero para programas y proyectos de apropiación social del conocimiento
Producto 3.1 Servicio de apropiación social del conocimiento";98,11%;0,63%;0,00%;100,00%;0,63%;0,63%;0,00%;0,00%
2023;Propuesta de Investigación Convocatoria;En tramite;33;CONVOCATORIA DE LA ASIGNACIÓN PARA LA CIENCIA, TECNOLOGÍA E INNOVACIÓN DEL SISTEMA GENERAL DE REGALÍAS PARA LA CONFORMACIÓN DE UN LISTADO DE PROYECTOS ELEGIBLES PARA EL FOMENTO DE VOCACIONES TEMPRANAS EN LAS REGIONES A TRAVÉS DE LA ESTRATEGIA ONDAS;MinCiencias;Ejecutor;"1- Asociación Colombiana de micros y pequeñas empresas - ACOPI seccional Atlántico
2- CLI Corporation";N/A;24;"UDFJC:

ACOPI:

CLI:
"; $ 5.300.050.000 ; $ -   ; $ 5.200.000.000 ; $ 100.050.000 ; $ 5.200.000.000,00 ; $ -   ; $ 33.350.000 ; $ -   ; $ 33.350.000 ; $ -   ; $ 33.350.000 ; $ -   ; $ -   ; $ -   ; $ -   ;"Niños, niñas y adolescentes con vocaciones y habilidades científicas fortalecidas en el departamento: 4.000
Grupos de investigación conformados por niños niñas y adolescentes en instituciones educativas públicas de Casanare: 120
Maestros y maestras con vocaciones científicas e investigativas fortalecidas de instituciones educativas de Casanare: 120
Instituciones educativas vinculadas al proyecto: 120
Número de kits pedagógicos para grupos de investigación: 120
Número de kits pedagógicos (lineamientos) para docentes: 120
Número de kits pedagógicos (lineamientos) para asesores: 14
Número de programas y proyectos en Ciencia, Tecnología e Innovación: 120
Número de apoyos financieros (capital semilla) entregados a los grupos de investigación para el desarrollo de los proyectos: 120
Número de kits tecnológicos entregados a los grupos de investigación: 120
Número de certificados por participación entregados a los beneficiarios de las instituciones educativas focalizadas del departamento: 4.120
Número de asesorías especializadas desarrolladas a través de expertos en algún tema presente en los proyectos ejecutados por los niños, niñas y adolescentes de instituciones educativas del departamento: 120
Número de estrategias de divulgación y apropiación del conocimiento: 7
Número de circuitos institucionales para el fomento de las CTeI, apropiación social, divulgación y fomento de vocaciones tempranas de NNA: 120
Número de espacios de interacción en CTeI municipales para la apropiación social, divulgación y fomento de vocaciones de NNA:8
Número de espacios de interacción en CTeI departamentales para la apropiación social, divulgación y fomento de vocaciones tempranas de NNA:	2
Número de grupos de investigación de NNA participantes en espacios de divulgación de la CTeI regionales: 60
Número de grupos de investigación de NNA participantes en espacios de divulgación de la CTeI nacionales: 10
Número de grupos de investigación de NNA participantes en Ferias Internacionales de Ciencia, Tecnología e Innovación: 2";"Producto 1.1 Servicio de apoyo financiero para el fortalecimiento de las vocaciones científicas en CTI
Producto 2.1 Servicios de apoyo financiero para programas y proyectos de apropiación social del conocimiento
Producto 3.1 Servicio de apropiación social del conocimiento";98,11%;0,63%;0,00%;100,00%;0,63%;0,63%;0,00%;0,00%
2023;Propuesta de Investigación Convocatoria;No Avalada;N/A;Iniciativa Darwin;Departamento de Medio Ambiente, Alimentación y Asuntos Rurales (Defra) del Gobierno del Reino Unido.;Aliado;"1- University of Sussex
2- Instituto Alexander Von Humboldt
3- CorEducación Tolima";N/A;24;"UDFJC:
- AMAUTAS
- Uso y Conservación de la Diversidad Forestal"; £297.028,00 ; $ -   ; £209.647,00 ; £87.381,00 ; £196.881,00 ; £12.766,00 ; £87.381,00 ; $ -   ; $ -   ; $ -   ; $ -   ; $ -   ; $ -   ; $ -   ; $ -   ;"- taller fundamental con funcionarios de alto nivel de diferentes sectores, incluidos gobiernos municipales y regionales, autoridades regionales ambientales, institutos de investigación, departamentos de bomberos, parques nacionales, reservas privadas y empresas de servicios públicos. Adquirirán conocimientos sobre la amenaza de incendios forestales más frecuentes debido a las estaciones secas cada vez más severas y los efectos del clima
- cursos dirigidos principalmente a agricultores y personas estrechamente relacionadas con TDF. Para los agricultores locales, habrá dos cursos prácticos, para mejorar su capacidad en prácticas de restauración, viveros y conservación de bosques. Además, un curso de restauración en línea estará disponible para cualquier persona interesada en el manejo de incendios forestales y la conservación de bosques secos en todo el país
- ""Exposición Itinerante - La Maleta de TDF"". Consiste en una exposición fotográfica y carteles educativos sobre la conservación y restauración de TDF en las escuelas locales. Las exposiciones se complementan con actividades interactivas y lúdicas. Finalmente, los estudiantes técnicos, profesionales y de posgrado avanzarán sus habilidades y conocimientos a través del desarrollo de proyectos de tesis, pasantías y cursos especializados en Colombia y en el exterior";"- Identificar a los actores clave y sus perspectivas sobre la restauración forestal. Esto implicará dos talleres y trabajo de campo, principalmente durante el primer año del proyecto, que incluirá actividades de apoyo a los agricultores y de extensión forestal.
- Levantamiento de bordes forestales utilizando parcelas de vegetación en áreas con y sin incendio reciente (2019)
- Documentar las prácticas de gestión de los bordes de los bosques por parte de los propietarios de tierras, incluidas las especies, el tipo de suelo y el uso de la tierra.
- Para reclutar especies, mediremos los rasgos funcionales que nos informarán sobre la inflamabilidad y determinaremos experimentalmente la germinación inducida por el fuego y la supervivencia de las semillas después del fuego:
•	3 tratamientos de temperatura, 3 tiempos de exposición
•	Con o sin discos de humo en un experimento separado, considere la posibilidad de combinarlos, pero esto aumentará el tamaño del experimento
•	Para estas especies, identificaremos rasgos funcionales cruciales que aseguran el éxito de las plantas más allá de la supervivencia inicial en ambientes propensos a incendios.
•	Determinar el potencial de estas plantas para el consumo de ganado, madera, protección del agua, fruta.
- Diseñe directrices de restauración que optimicen tanto el uso como la diversidad de los bordes
- Involucrar a las mujeres locales para que dirijan las actividades de propagación y recolección de semillas.
- Parcelas de restauración de ensayos vegetales en fincas colaboradoras (15 fincas x 3 bordes x parcela media de 0,05ha, con el objetivo de un total de 2ha). Estándar de restauración: 1000 árboles por ha. (5 mil pesos por árbol. 
- Llevar a cabo el raleo de los bosques a lo largo de los bordes y en las parcelas de restauración, y la eliminación de especies inflamables (diseño experimental)
- Plan de intercambio de conocimientos y capacitación de las partes interesadas locales, incluidos los agricultores, las instituciones educativas locales y los niños en edad escolar. Consistirá en: 
•	Capacidad y formación: 3 sesiones
•	Difusión y divulgación
•	Crear materiales de difusión (en español) utilizando videos cortos u otros recursos para contar historias sobre: 
	Incendios forestales y diversidad
	Manejo de incendios y bosques
	Riesgo de plantación e introducción de plantas invasoras (más allá de las gramíneas)";66,28%;33,72%;12,75%;87,25%;0,00%;0,00%;0,00%;0,00%
2023;Propuesta de Investigación Convocatoria;Seleccionada;N/A;CONVOCATORIA DE PROYECTOS DE INVESTIGACIÓN. SUE DISTRITO CAPITAL, 2023 - Modalidad 1. Apoyo para el desarrollo de proyectos de investigación, investigación-creación e innovación y apropiación social del conocimiento.;SUE DISTRITO CAPITAL;Co-ejecutor;"1- Universidad Nacional de Colombia - UNAL (entidad ejecutora)
2- Colegio Externado Nacional Camilo Torres (IED) (Aliado)";N/A;12;"UDFJC:
- Grupo de Investigación en Ciencias de Materiales y Minerales
UNAL:
- Grupo de Física de Nuevos Materiales
- Semillero de Superconductividad y Magnetismo
"; $ 539.032.232 ; $ -   ; $ 160.000.000 ; $ 379.032.232 ; $ 160.000.000,00 ; $ -   ; $ 31.707.800 ; $ -   ; $ 347.324.432 ; $ -   ; $ -   ; $ -   ; $ -   ; $ -   ; $ -   ;"- Formación de al menos dos MSc en física.
- Obtención de al menos dos materiales con propiedades que permitan generación de corrientes de espín polarizado.
- Participación en red internacional de materia condensada y ciencia de materiales
- Presentación de al menos tres ponencias en eventos científicos internacionales.
- Publicación de al menos tres artículos en revistas científicas clasificadas Q1 o Q2.";"- Articulación y/o participación de redes de conocimiento nacional o internacional
- Tres Artículo publicado en revista indexada que presente resultados originales de la investigación
- Tres Presentación de ponencia en evento cientifico o tecnológico nacional o internacional
- Un TDG (Trabajo dirigido de grado)
- Dos Trabajo final de maestría en profundización";29,68%;5,88%;0,00%;100,00%;64,43%;0,00%;0,00%;0,00%
2023;Propuesta de Investigación Convocatoria;Seleccionada;N/A;CONVOCATORIA DE PROYECTOS DE INVESTIGACIÓN. SUE DISTRITO CAPITAL, 2023 - Modalidad 1. Apoyo para el desarrollo de proyectos de investigación, investigación-creación e innovación y apropiación social del conocimiento.;SUE DISTRITO CAPITAL;Ejecutor;"1- Universidad Militar Nueva Granada - UMNG
2- Universidad de Autónoma de México - UNAM";N/A;12;"UDFJC:
- DIGITI
UMNG:
-GI-ITEC"; $ 255.993.870 ; $ -   ; $ 160.000.000 ; $ 95.993.870 ; $ 160.000.000,00 ; $ -   ; $ 79.000.846 ; $ -   ; $ 16.993.024 ; $ -   ; $ -   ; $ -   ; $ -   ; $ -   ; $ -   ;"- Desarrollo de una aplicación de detección temprana de FA compatible con una variedad de dispositivos y sistemas operativos
- Adecuación y mejora de algoritmos existentes para la detección de FA en datos PPG.
- Creación de una API versátil para conectar dispositivos con sensores PPG a la aplicación.
- Cumplimiento de estándares abiertos para garantizar la compatibilidad de la aplicación con diferentes dispositivos.
- Implementación de una aplicación basada en la nube para almacenar y acceder a datos de PPG de manera segura.
- Realización de pruebas de compatibilidad con una amplia gama de dispositivos.
- Potencial validación clínica en futuros estudios.";"- Presentación de ponencia en evento científico o tecnológico nacional o internacional
- Dos TDG (Trabajo dirigido de grado)
- Un Artículo científico o de investigación publicado o sometido en revistas indexada nacional e internacional Q1 y Q2. Minciencias A1, A2
- Un Desarrollo de software
- Un Informe de avance de investigación
- Un Informe final de investigación
- Un Libro resultado de investigación
- Un Evento académico, de carácter científico, tecnológico";62,50%;30,86%;0,00%;100,00%;6,64%;0,00%;0,00%;0,00%
2023;Propuesta de Investigación Convocatoria;Desistio;N/A;CONVOCATORIA DE PROYECTOS DE INVESTIGACIÓN. SUE DISTRITO CAPITAL, 2023 - Modalidad 1. Apoyo para el desarrollo de proyectos de investigación, investigación-creación e innovación y apropiación social del conocimiento.;SUE DISTRITO CAPITAL;Ejecutor;1- Universidad Pedagógica Nacional - UPN;N/A;12;"UDFJC:
- EMILIO 1
UPN:
- Sujetos y nuevas narrativas en la investigación y enseñanza de las ciencias sociales
"; $ 263.980.480 ; $ -   ; $ 160.000.000 ; $ 103.980.480 ; $ 160.000.000,00 ; $ -   ; $ 48.000.000 ; $ -   ; $ 55.980.480 ; $ -   ; $ -   ; $ -   ; $ -   ; $ -   ; $ -   ;"En los resultados de la investigación buscamos dar a conocer un producto de impacto regional y nacional en torno a la práctica pedagógica alternativa en Colombia. Lo anterior rescatando su historia desde 1982 a la actualidad en momentos en que las posiciones de borde en investigación en el ámbito intercultural, crítico y decolonial están demandando la recuperación de este tipo de saberes enmarcados en lo que Castro (2005) denominó el tercio incluido. Para efectos de esta propuesta se espera recuperar los saberes pedagógicos alternativos que la pedagogía moderna e institucional dejó por fuera y no reconoció.

Con el desarrollo del proyecto Memorias pedagógicas alternativas en Colombia, 1982-2020 buscamos tener una incidencia significativa con los tres colectivos de profesores del movimiento magisterial que harán parte de la propuesta en términos de sistematización de sus experiencias de práctica pedagógica alternativa (Bogotá, Huila y Nariño). Nuestra intención es que a la vez que sistematizan su experiencia, logren difundirla por medio de una pequeña cartilla o texto de difusión entre los maestros que hacen parte del movimiento magisterial a nivel nacional. En esta perspectiva, pretendemos darles un mayor protagonismo a los actores vinculados a la propuesta, trascendiendo el lugar tradicional de “sujetos de investigación” o “población destinataria”, a coautores de la investigación. Así pretendemos avanzar en uno de los elementos de mayor potencialidad en la política de Ciencia Abierta 2022-2031 como es el de la ciencia ciudadana, en la cual los sujetos partícipes en la investigación entablan un diálogo con el equipo de investigación y participan de manera activa en la construcción de productos y actividades de apropiación social del conocimiento. En este sentido, nos identificamos con el enfoque de la Escuela Pública en torno a la ciencia abierta, en donde se contempla la accesibilidad de los ciudadanos al proceso de investigación (Sánchez, s.f.)";"- Un Libro resultado de investigación.
- Avance y elaboración de dos capítulo de tesis doctoral de  dos estudiantes del DIE- UDFJC.
- Un Documento de avance o final de trabajo de grado (TDG) 
- Participación ciudadana o comunidades en el proyecto 
- Un Libro de divulgación científica (producto adicional)
- Un Artículo en revista científica (producto adicional)
- Tres Cartillas de apoyo a la investigación (producto adicional)";60,61%;18,18%;0,00%;100,00%;21,21%;0,00%;0,00%;0,00%
2023;Propuesta de Investigación Convocatoria;No Avalada;N/A;CONVOCATORIA DE PROYECTOS DE INVESTIGACIÓN. SUE DISTRITO CAPITAL, 2023 - Modalidad 1. Apoyo para el desarrollo de proyectos de investigación, investigación-creación e innovación y apropiación social del conocimiento.;SUE DISTRITO CAPITAL;Co-ejecutor;1- Universidad Nacional de Colombia UNAL;N/A;12;"UDFJC:
- Grupo de Investigación en Prevención y Atención de Desastres
UNAL:
- Grupo de Investigación en Análisis, Diseño y Materiales – GIES
"; $ 196.821.312 ; $ -   ; $ 135.000.000 ; $ 61.821.312 ; $ 135.000.000,00 ; $ -   ; $ 17.186.688 ; $ -   ; $ 44.634.624 ; $ -   ; $ -   ; $ -   ; $ -   ; $ -   ; $ -   ;"Para el objetivo específico 1 se propone lo siguiente: Como medio de verificación que el objetivo se ha cumplido a su cabalidad se encuentra los resultados de los diferentes métodos con los que se puede utilizar la cáscara de cemento, como material fino (menor a pasa tamiz 0,3mm), como material extrafino con pasa tamiz 0,074mm (No. 200) y pasa tamiz 0,045mm (No. 325), seca al aire libre o seca al horno (24 horas a 110°C), calcinada en horno mufla, junto con la ejecución del ensayo del ensayo de Colorimetría diferencial de barrido DSC.
Para el objetivo específico 2: Como fuente de verificación presentará un informe que contenga los resultados de ensayos en concretos de 21Mpa y 28Mpa con diferentes porcentajes de adición de cáscara de huevo, sometidos a carbonatación y cloruros para ser fallados a 3, 7, 14, 28, 56 y 112 días, junto con muestras patrón que identifiquen la variación en las muestras.
Para el objetivo específico 3: Se realizará una matriz BGA, de todo el ciclo de vida propuesto para el concreto con cáscaras de huevo, así mismo, con base en los resultados del objetivo 2, se realizará una matriz DOFA, que permita el análisis de aspectos positivos y negativos; finalmente se realiza una guía sobre como reutilizar nuevamente este material que quede en proceso de Residuo de construcción y Demolición - RCD";"- Informe de avance a la mitad del tiempo (6) meses e Informe Final de Investigación
- Tres Artículos de investigación en revista indexada
- Un webinar sobre los aspectos más relevantes de concretos sostenibles
- Un Seminario permanente de estructuras organización conferencia sobre concreto sostenible
- Participación en LACCEI 2024 o congreso internacional de Ingeniería Civil.
- Vinculación de dos estudiantes de pregrado de la Universidad Nacional de Colombia y de dos estudiantes de la Universidad Distrital Francisco José de Caldas";68,59%;8,73%;0,00%;100,00%;22,68%;0,00%;0,00%;0,00%
2023;Propuesta de Investigación Convocatoria;No Avalada;N/A;CONVOCATORIA DE PROYECTOS DE INVESTIGACIÓN. SUE DISTRITO CAPITAL, 2023 - Modalidad 1. Apoyo para el desarrollo de proyectos de investigación, investigación-creación e innovación y apropiación social del conocimiento.;SUE DISTRITO CAPITAL;Co-ejecutor;"1- Universidad Nacional de Colombia UNAL
2- Corporación Universitaria Minuto de Dios – UNIMINUTO
3- Museo de Ciencias, Madrid, España";N/A;12;"UDFJC:
- Grupo de Investigación en Artrópodos y otros Invertebrados. KUMANGUI.
- Grupo de investigación en Ecología y plantas de Colombia. GIECPC
Semilleros:
- Semillero en Artrópodos, Semillero en Biogeografía y Ecología Evolutiva Neotropical
- Semillero interdisciplinar en Ciencias Biológicas
- Semillero de ecología y conservación de plantas de Colombia


UNAL:
- Grupo de investigación Territorio, Agroecología y Sistemas Agroalimentarios, TERRAS
- Grupo Genética de Rasgos de Interés Agronómico
Semilleros:
- Semillero de Investigación en Entomología de la Facultad de Ciencias Agrarias Bogotá

UNAL:
Semilleros
- Semillero de Investigación Agroecología y Recursos Entomológicos - AGROENTOS - "; $ 367.908.152 ; $ -   ; $ 169.641.000 ; $ 198.267.152 ; $ 169.641.000,00 ; $ -   ; $ 72.679.536 ; $ -   ; $ 125.587.616 ; $ -   ; $ -   ; $ -   ; $ -   ; $ -   ; $ -   ;"- Registro de los principales insectos visitantes florales de los órdenes Hymenoptera, Diptera, Coleopotera, Lepidoptera y Thysanoptera, para plantas ubicadas en cinco zonas de estudio.
- Colección de referencia de los principales insectos visitantes florales de los órdenes Hymenoptera, Diptera, Coleopotera, Lepidoptera y Thysanoptera, para plantas ubicadas en cinco zonas de estudio.
- Análisis de diversidad con estimadores de riqueza, dominancia y especies efectivas.
- Caracterización de polen presente en los insectos florales y en plantas muestreadas de las zonas climáticas  
- Diversidad de especies vegetales
- Caracterización del paisaje asociado a las unidades muestrales
- Análisis de diversidad con estimadores de riqueza, dominancia y especies efectivas.
- Modelamiento en escenarios de cambio climático las especies insectiles más representativas por unidad muestral. 
- Talleres de reconocimiento con cada comunidad.
- Percepción de la diversidad de insectos, plantas y su importancia biológica como parte de su territorio de las comunidades de las cinco zonas estudiadas
- Elaboración de material divulgativo para la comunidad.
- Socialización de resultados en eventos académicos y científicos
- Formación de recurso humano";"- Un Artículo científico o de investigación sometido o, aceptado o aprobado para publicación en revista indexada
- Dos Documento de avance o final de trabajo de grado (TDG)
- Documento de avance o final de tesis de maestría
- Cuatro Estudiante en formación pregrado
- Estudiante en formación Maestría
- Manuales y/o cartillas de apoyo a la investigación
- Presentación de ponencia en evento científico o tecnológico nacional o internacional
- Espacio / evento de participación ciudadana
- Dos Informe de actividades realizadas por semilleros o estudiantes vinculados a proyectos
- Colección científica
- Dos Informes técnico académico ";46,11%;19,75%;0,00%;100,00%;34,14%;0,00%;0,00%;0,00%
2023;Propuesta de Investigación Convocatoria;No Avalada;N/A;CONVOCATORIA DE PROYECTOS DE INVESTIGACIÓN. SUE DISTRITO CAPITAL, 2023 - Modalidad 1. Apoyo para el desarrollo de proyectos de investigación, investigación-creación e innovación y apropiación social del conocimiento.;SUE DISTRITO CAPITAL;Co-ejecutor;1- Universidad Nacional de Colombia UNAL;N/A;12;"UDFJC:
- Gestión, emprendimiento, innovación y tecnología, GEIT
- Grupo de Instrumentación científica y didáctica
UNAL:
- Grupo de Investigación AFIS (Análisis de fallas, integridad y superficies)"; $ 322.963.882 ; $ -   ; $ 160.000.000 ; $ 162.963.882 ; $ 160.000.000,00 ; $ -   ; $ 53.317.482 ; $ -   ; $ 109.646.400 ; $ -   ; $ -   ; $ -   ; $ -   ; $ -   ; $ -   ;"- Obtención de los recubrimientos de vidrios bioactivos de los sistemas  43B2O3 -5SiO2-2P2O5- 20Na2O –30CaO y 60B2O3- 10CaO - 20Na2O -10MgO sobre aleaciones Magnesio y TiAlV ibres de grietas superficiales y uniformes a través de un cuidadoso control de los parámetros de depósito en un sistema de sputtering r.f.
- Caracterización fisicoquímica, óptica y estructural de los recubrimientos de vidrios bioactivos depositados sobre aleaciones de Magnesio y  TiAlV.
- Evaluación de  la resistencia a la corrosión y la bioactividad de los sistemas recubrimiento-sustrato producidos en presencia de fluido biológico simulado.
- Análisis de la influencia de la composición química y la estructura sobre las propiedades ópticas, mecánicas, tribológicas y bioactivas  de los recubrimientos de vidrios bioactivos.";"- Informe parcial y final
- Estudiante en formación pregrado
- Estudiante en formación Maestría
- Artículo científico o de investigación sometido o, aceptado o aprobado para publicación en revista  indexada
- Presentación de ponencia en evento científico o tecnológico nacional o internacional 
- Informe de actividades realizadas por estudiantes vinculados a proyectos
- Espacio / evento de participación ciudadana ( socializar con estudiantes del colegio distrital Heladia Mejía, algunos métodos de investigación científica para la creación de recubrimientos como nuevos materiales)";49,54%;16,51%;0,00%;100,00%;33,95%;0,00%;0,00%;0,00%
2023;Propuesta de Investigación Convocatoria;No Avalada;N/A;CONVOCATORIA DE PROYECTOS DE INVESTIGACIÓN. SUE DISTRITO CAPITAL, 2023 - Modalidad 1. Apoyo para el desarrollo de proyectos de investigación, investigación-creación e innovación y apropiación social del conocimiento.;SUE DISTRITO CAPITAL;Ejecutor;1- Universidad Pedagógica Nacional - UPN;N/A;12;"UDFJC:
- Sensibilidades y Culturas del Sur Global
UPN: 
- Praxis Visual"; $ 93.599.872 ; $ -   ; $ 76.000.000 ; $ 17.599.872 ; $ 76.000.000,00 ; $ -   ; $ 14.400.000 ; $ -   ; $ 3.199.872 ; $ -   ; $ -   ; $ -   ; $ -   ; $ -   ; $ -   ;"- Resultado académico expresado en un Libro de investigación-creación a partir de relatos que presenta propuestas de vestidos con sus respectivos moldes, todo ello, basado en experiencias significativas de cada participante.
- Resultado social a partir de talleres de Creación con diversas comunidades del territorio bogotano, aportando en los contextos locales y generando redes que articulen y dinamicen las prácticas estéticas, como pilares del fortalecimiento del tejido social.";"- Un Libro resultado de investigación
- Dirección de un trabajo de grado de pregrado y un trabajo
de Maestría en relación con el tema de la propuesta.
- Se prevé contar con un practicante de la Licenciatura en artes Visuales y un pasante del mismo proyecto curricular.
- Evento artístico y cultural, entre otros.
- Cinco Talleres de creación
- Una Obra o Creación Efímera
- Informe de avance y final";81,20%;15,38%;0,00%;100,00%;3,42%;0,00%;0,00%;0,00%
2023;Propuesta de Investigación Convocatoria;Seleccionada;N/A;CONVOCATORIA DE PROYECTOS DE INVESTIGACIÓN. SUE DISTRITO CAPITAL, 2023 - Modalidad 1. Apoyo para el desarrollo de proyectos de investigación, investigación-creación e innovación y apropiación social del conocimiento.;SUE DISTRITO CAPITAL;Ejecutor;1- Universidad Nacional de Colombia - UNAL;N/A;12;"UDFJC:
- PRODUCTOS NATURALES VEGETALES (PNV)
UNAL:
- GRUPO DE INVESTIGACIÓN EN QUÍMICA DE PRODUCTOS NATURALES VEGETALES BIOACTIVOS (QUIPRONAB)"; $ 239.215.680 ; $ -   ; $ 160.000.000 ; $ 79.215.680 ; $ 160.000.000,00 ; $ -   ; $ 41.140.224 ; $ -   ; $ 38.075.456 ; $ -   ; $ -   ; $ -   ; $ -   ; $ -   ; $ -   ;"- Obtención de los constituyentes químicos presentes en partes aéreas de P. cumanense con potencial inhibitorio del QS y en la formación de la biopelícula.
- Determinación del efecto inhibitorio de los constituyentes químicos bioactivos provenientes de P. cumanense sobre los factores de virulencia de P. aeruginosa, estableciendo una correlación con la disminución de la concentración de autoinductores de tipo AI-1 medida en los tratamientos con los compuestos por medio de LC-MS-Q-ToF.
- Correlación estructural de la actividad presentada por los compuestos bioactivos aislado de la especie P.cumanse con las proteínas de tipo inductor y receptor LasI/R, RhlI/R y PqS/R por medio de estudios farmacoforicos y de acoplamiento molecular que evidencien las interacciones y energías de unión con residuos de aminoácidos clave.";"- Un Artículo científico o de investigación sometido o, aceptado o aprobado para publicación en revista indexada.
- Dos Documento de avance o final de trabajo de grado (TDG)
- Una Presentación de ponencia en evento científico o tecnológico nacional o internacional
- Informe de actividades realizadas por semilleros o estudiantes vinculados a proyectos
- Un Posters presentados
- Un Espacio / evento de comunidades en actividades de CTeI";66,89%;17,20%;0,00%;100,00%;15,92%;0,00%;0,00%;0,00%
2023;Propuesta de Investigación Convocatoria;No Avalada;N/A;CONVOCATORIA DE PROYECTOS DE INVESTIGACIÓN. SUE DISTRITO CAPITAL, 2023 - Modalidad 1. Apoyo para el desarrollo de proyectos de investigación, investigación-creación e innovación y apropiación social del conocimiento.;SUE DISTRITO CAPITAL;Co-ejecutor;1- Universidad Nacional de Colombia - UNAL;N/A;12;"UDFJC:
- Grupo internacional en informática y comunicaciones para la gestión del conocimiento (GICOGE)
UNAL:
- INMUNOLOGIA EVOLUTIVA E
INMUNOGENETICA
Semilleros
- Semillero Inmunología Evolutiva e Inmunogenética"; $ 325.768.028 ; $ -   ; $ 160.000.000 ; $ 165.768.028 ; $ 160.000.000,00 ; $ -   ; $ 42.581.916 ; $ -   ; $ 123.186.112 ; $ -   ; $ -   ; $ -   ; $ -   ; $ -   ; $ -   ;"- Se espera desarrollar un modelo que explique el equilibrio establecido entre el parásito y el hospedero, que de luces sobre la auscencia de una respuesta inmune que elimine al parásito, en auscencia de enfermedad.
- Se espera indentificar genes diferencialmente expresados en P. vogli como consecuencia de la infección por hemoparásitos. Se espera que la gran mayoría de esto genes esén relacionados con la respuesta inmune tanto innata como adaptativa.
- Se espera obtener el primer genoma ensamblado y anotado de P. vogli, identificando en él complejos génicos escenciales en la respuesta inmune, como el Complejo Mayor de Histocompatibilidad (MHC), los loci de inmunoglobulinas y receptores de células T, el compeljo de Receptores de células Natural Killer (NKC) y el complejo de receptores leucocitarios (LRC).";"- Artículo científico o de investigación publicado o sometido en revistas indexada nacional e internacional Q1 y Q2. Minciencias A1, A2
- Un Documento de avance o final de tesis de maestría
- Dos Documento de avance o final de trabajo de grado (TDG";49,11%;13,07%;0,00%;100,00%;37,81%;0,00%;0,00%;0,00%
2023;Propuesta de Investigación Convocatoria;No Avalada;N/A;CONVOCATORIA DE PROYECTOS DE INVESTIGACIÓN. SUE DISTRITO CAPITAL, 2023 - Modalidad 1. Apoyo para el desarrollo de proyectos de investigación, investigación-creación e innovación y apropiación social del conocimiento.;SUE DISTRITO CAPITAL;Co-ejecutor;"1- Universidad Nacional de Colombia - UNAL
2- Universidad de América";N/A;12;"UDFJC:
- Grupo de Instrumentación Científica & Didáctica
UNAL:
- Grupo de Materiales Nanoestructurados y sus aplicaciones
UA:
- Grupo Physchemath"; $ 270.581.048 ; $ -   ; $ 159.820.000 ; $ 110.761.048 ; $ 159.820.000,00 ; $ -   ; $ 52.171.272 ; $ -   ; $ 40.691.920 ; $ -   ; $ 17.897.856 ; $ -   ; $ -   ; $ -   ; $ -   ;"De acuerdo con los objetivos propuestos esperamos obtener un prototipo de sensor SPR calibrado y caracterizado para detección de cadmio. a través del desarrollo de este prototipo, obtendremos los siguientes resultados específicos:
1. Obtención de una metodología eficiente: Desarrollo exitoso de una metodología basada en resonancia de plasmón superficial para la detección precisa y sensible de cadmio en aguas de riego. La metodología se optimizará para ser aplicable in situ, proporcionando resultados rápidos y confiables.
- Informe técnico detallado tipo manual de uso de la metodología SPR para detección de cadmio.
- Este resultado se evidenciará a través de un documento de avance o finalización de trabajo de Grado (TDG) y el avance de una tesis de posgrado.
- Fecha de entrega: Diciembre de 2024.
2. Caracterización dinámica del prototipo a través de simulaciones computacionales: Simulaciones computacionales detalladas mediante un modelo multicapas, permitiendo la caracterización completa de la dinámica de detección del cadmio.
- Artículo científico o de investigación sometido o aceptado o aprobado para publicación en revista indexada.
- Fecha de entrega: Enero de 2024
3. Validación con Muestras Reales: Evaluación exitosa de la metodología utilizando muestras reales de agua contaminada con cadmio con fines agroindustriales. Se determinarán la selectividad, especificidad, sensibilidad y límite de detección del sistema, validando su eficacia en condiciones prácticas.
- Avance de trabajo de grado de estudiante de pregrado
- Fecha de entrega: Julio de 2024.";"- Dos Documento de avance o final de trabajo de grado (TDG)
- Una Tesis de posgrado
- Un Artículo científico o de investigación sometido o, aceptado o aprobado para publicación en revista indexada
- Un Artículo publicado en revista de divulgación
- Dos Presentación de ponencia en evento científico o tecnológico nacional o internacional
- Un Espacio - Evento de participación ciudadana";59,07%;19,28%;0,00%;100,00%;15,04%;6,61%;0,00%;0,00%
2023;Propuesta de Investigación Convocatoria;No Avalada;N/A;CONVOCATORIA DE PROYECTOS DE INVESTIGACIÓN. SUE DISTRITO CAPITAL, 2023 - Modalidad 1. Apoyo para el desarrollo de proyectos de investigación, investigación-creación e innovación y apropiación social del conocimiento.;SUE DISTRITO CAPITAL;Co-ejecutor;1- Universidad Nacional de Colombia - UNAL;N/A;12;"UDFJC:
- Grupo de Física Aplicada a las ciencias biológicas (FIACIBI)
UNAL:
- Grupo de Farmacogenética del Cáncer
- Grupo de Física medica"; $ 270.000.000 ; $ -   ; $ 120.000.000 ; $ 150.000.000 ; $ 120.000.000,00 ; $ -   ; $ 50.000.000 ; $ -   ; $ 100.000.000 ; $ -   ; $ -   ; $ -   ; $ -   ; $ -   ; $ -   ;"•	Desarrollo respecto a la comparación de modelos de cultivo celular 2D y 3D. Se espera encontrar diferencias cuantificables en la morfología, crecimiento, viabilidad y respuesta a la radiación de las líneas celulares de cáncer de cabeza y cuello cuando se cultivan en modelos 2D y 3D. Nuestra hipótesis es que los esferoides 3D imitarán mejor el microambiente tumoral in vivo y mostrarán una mayor resistencia a la radiación que las monocapas 2D. Además, se espera que se observe heterogeneidad entre las líneas celulares en términos de su radiosensibilidad y expresión de marcadores EMT y CSC. (Melissaridou et al., 2019; Raitanen et al., 2023)

•	Con el análisis posterior de marcadores y su correspondiente expresión de EMT y CSC C en los modelos de cultivo celular mediante RT-PCR y Western blot, nuestra hipótesis es que los esferoides 3D mostrarán una mayor expresión de marcadores EMT y CSC que las monocapas 2D, lo que indica un fenotipo más agresivo y similar a un tallo. También se espera encontrar diferencias en la expresión de estos marcadores en función de la línea celular y la dosis de radiación.(Al-Ramadan et al., 2018)

•	En cuanto a la respuesta a la radiación, se debe evaluar los cambios inducidos por la radiación en los modelos de cultivo celular utilizando varios ensayos, como clonogénico y resazurina, además de los asociados a los cambios en la expresión génica del ADN. Nuestra hipótesis es que dosis más altas de radiación reducirán la proliferación celular, la viabilidad y el potencial clonógeno, y aumentarán el daño del ADN y la apoptosis en modelos 2D y 3D. Sin embargo, se anticipa que los esferoides 3D mostrarán menores efectos inducidos por la radiación que las monocapas 2D, lo que indica una mayor radiorresistencia. (Dubessy et al., 2000; Durand & Sutherland, 1984)

•	Con la implementación de algunos modelos encontrados en la literatura que combinan modelos de biología celular con modelos de transporte de radiación, se espera establecer la viabilidad para simular la respuesta de cultivos celulares a la radiación. Dependiendo del modelo computacional implementado, esta respuesta se enfoca bien sea en la determinación de la energía depositada en el tumor o en la evaluación de rompimientos de hebras inducidos en el ADN.";"- Un Artículo científico o de investigación sometido o, aceptado o aprobado para publicación en revista 
Indexada.
- Tres Participaciones en programas académicos (dos estudiante de pregrado y uno estudiante de maestria)
- Dos Presentación de ponencia en evento científico o tecnológico nacional o internacional
- Un Evento académico, de carácter científico, divulgativo";44,44%;18,52%;0,00%;100,00%;37,04%;0,00%;0,00%;0,00%
2024;Propuesta de Investigación Convocatoria;No Avalada;N/A;convocatoria de proyectos de CT+I de la ANE, en temáticas relacionadas con la gestión, planeación, atribución, vigilancia y control del espectro radioeléctrico en Colombia;Agencia Nacional del Espectro - ANE;Ejecutor;N/A;N/A;10;"UDFJC:
- GIDENUTAS"; $ 356.642.000 ; $ 249.499.400 ; $ 249.499.400 ; $ 107.142.600 ; $ 249.499.400,00 ; $ -   ; $ 107.142.600 ; $ -   ; $ -   ; $ -   ; $ -   ; $ -   ; $ -   ; $ -   ; $ -   ;0;"- Articulo para ponencia de evento científico nacional o internacional
- Trabajo de pregrado concluido
- Documento que identifique y analice las mejores prácticas internacionales que mitiguen el fenómeno de la clandestinidad que puedan para ser aplicadas en Colombia.
- Documento con recomendaciones para prevenir y mitigar la clandestinidad o uso no autorizado del espectro radioeléctrico que incluya el borrador de decreto, resolución de acuerdo con las competencias de las e+AD240ntidades del sector.";69,96%;30,04%;0,00%;100,00%;0,00%;0,00%;0,00%;0,00%
2024;Propuesta de Investigación Convocatoria;No Avalada;948;CONVOCATORIA ORQUIDEAS: MUJERES EN LA CIENCIA 2024;MinCiencias;Ejecutor;N/A;N/A;12;carbones; $ 44.200.000 ; $ 39.200.000 ; $ 39.200.000 ; $ 5.000.000 ; $ 39.200.000,00 ; $ -   ; $ 5.000.000 ; $ -   ; $ -   ; $ -   ; $ -   ; $ -   ; $ -   ; $ -   ; $ -   ;"Corto Plazo:
• Generación de empleo local: La implementación del proyecto involucrará a mujeres rurales de la vereda Casaquín, brindándoles oportunidades de empleo y capacitación en nuevas habilidades.
• Mejora de la economía local: Al proporcionar nuevas oportunidades económicas a través de la valorización de los subproductos agrícolas, se espera un impacto positivo en la economía de la región, especialmente para las mujeres campesinas.
• Reducción de la contaminación: La implementación de técnicas de compostaje y producción de biochar ayudará a reducir la contaminación ambiental, especialmente en áreas donde la gestión de residuos orgánicos es un problema.
Mediano Plazo:
• Autonomía económica de las mujeres rurales: A medida que las mujeres rurales adquieran habilidades en la producción de biochar y compostaje, podrán diversificar sus ingresos y depender menos de las actividades agrícolas tradicionales, aumentando su autonomía económica.
• Fomento de prácticas sostenibles: La promoción del compostaje y el uso de biofertilizantes fomentará prácticas agrícolas sostenibles, lo que contribuirá a la conservación de los recursos naturales y la biodiversidad en la región.
• Fortalecimiento de la resiliencia comunitaria: Al capacitar a las mujeres rurales en técnicas agrícolas sostenibles, se fortalecerá la resiliencia de las comunidades locales frente a los desafíos climáticos y económicos.
Largo Plazo:
• Reducción de la pobreza rural: A través de la generación de empleo y la mejora de los ingresos familiares, se espera una reducción sostenida de la pobreza en las zonas rurales, especialmente entre las mujeres cabeza de hogar.
• Conservación del medio ambiente: La implementación de prácticas agrícolas sostenibles contribuirá a la conservación de los recursos naturales y la mitigación de los impactos del cambio climático a largo plazo.
• Desarrollo de capacidades locales: El proyecto puede servir como un modelo replicable para otras comunidades rurales en Colombia y en la región, promoviendo el desarrollo de capacidades locales en la gestión sostenible de recursos naturales.
";"Generación de nuevo conocimiento 
Artículo de investigación centrado en los resultados experimentales de la obtención del biochar del café, caracterización y evaluación como absorbente de nitrógeno proveniente del compostaje. 
Productos y resultados de actividades de Apropiación Social del Conocimiento. 
• Ponencia. Participación en eventos científicos, presentando los resultados de la investigación  
• Evento de carácter científico: Participación en evento de carácter científico a través de un poster. 
• Cartilla o folleto: Medio de divulgación del proyecto para las mujeres de la zona. 
• Presentación de los resultados a las autoridades locales, nacionales y sectoriales: 
• Presentación de los trabajos de grado ante la universidad.  
• Participación ciudadana en CTeI. Reunión con las mujeres de la zona asesorando los usos de la economía circular dentro de sus actividades agroindustriales.   
Productos y resultados de Formación de Recurso Humano. 
• Jóvenes investigadores: Vinculación del joven investigador al proyecto. 
• Formación de pregrado: Formación culminada del estudiante de otro estudiante de pregrado vinculado al proyecto.
";88,69%;11,31%;0,00%;100,00%;0,00%;0,00%;0,00%;0,00%
2024;Propuesta de Investigación Convocatoria;No Avalada;34;Convocatoria de la asignación para ciencia, tecnología e innovación ambiental para el ordenamiento alrededor del agua, la justicia ambiental y la transformación productiva para la resolución de desafíos ambientales y desarrollo sostenible del país.;MinCiencias;Ejecutor;"UNIVERSIDAD DISTRITAL FRANCISCO JOSÉ DE CALDAS
FUNDACIÓN TECNALIA COLOMBIA
UNIVERSIDAD TECNOLÓGICA DEL CHOCÓ – UTCH 
ASOPATÍA
PARQUES NACIONALES NATURALES
CORPORACIÓN UNIFICADA DE EDUCACIÓN SUPERIOR – CUN 
CORPORACIÓN INNPRENDE
RED ADELCO
NEPTURA ZOMAC
ALCALDÍA DE TIMBIQUI";Linea 2 Alcance 1;36;GIIRA, PROPROBOS; $ 27.444.842.323 ; $ -   ; $ 27.328.813.680 ; $ 116.028.643 ; $ 27.328.813.680,01 ; $ -   ; $ 24.285.065 ; $ -   ; $ 17.988.937 ; $ -   ; $ 17.988.937 ; $ -   ; $ 599.631 ; $ -   ; $ 55.166.073 ;"El presente proyecto constituye un esfuerzo conjunto orientado hacia la generación de conocimiento, desarrollo tecnológico y la promoción de prácticas sostenibles en los ecosistemas estratégicos de manglares y pastos marinos en las regiones Caribe, Eje Cafetero y Pacífico. En el transcurso de este proyecto, se despliega un enfoque en la investigación científica, la aplicación de tecnologías innovadoras y la construcción de puentes colaborativos entre la comunidad científica, las entidades gubernamentales y las comunidades locales. Los resultados planteados a lo largo del desarrollo del proyecto comprenden no solo los productos de generación de conocimiento y desarrollos tecnológicos, sino también anticipan los impactos significativos que se esperan a nivel nacional y regional. De esta manera, se abordan tanto los logros tangibles como las transformaciones esperadas en las dinámicas ambientales, sociales y tecnológicas de las áreas intervenidas. La riqueza de los datos considerados para su recopilación, las innovaciones tecnológicas a desarrollar y la participación activa de las comunidades locales y actores clave, ofrecen una visión integral de cómo este proyecto no solo cumple con los objetivos inmediatos, sino que, además, sienta las bases para contribuciones de largo alcance en términos de sostenibilidad, gestión ambiental y desarrollo regional.
";"Producto Científico Tipo TOP #1.
Publicación 1. Revisión sistemática de la biomasa y las reservas de carbono de los ecosistemas de 
manglares y pastos marinos.
- Producto Científico Tipo TOP #2.
Publicación 2. Estimación de la densidad de carbono de los pastos marinos mediante aprendizaje 
profundo y teledetección multifuente
- Producto Científico Tipo TOP #3.
Publicación 3. Estimación de la densidad de carbono de los manglares mediante aprendizaje 
profundo y teledetección multifuente
Producto de Desarrollo Tecnológico tipo A: Esquema de circuito integrado para sistema de sondas para 
medir AGB (Biomasa aérea)
- Producto de Desarrollo Tecnológico tipo A: Empresa de base tecnológica Spin Off para administrar y 
generar conocimiento respecto al monitoreo de captura de carbono en los territorios.
- Producto de Desarrollo Tecnológico Tipo TOP: Creación de norma para implementar a nivel 
internacional requisitos de monitoreo para captura o secuestro de carbono utilizando tecnologías 4.0
Estaciones de monitoreo
En cada departamento de intervención se establecerá una estación de monitoreo con sensores para la 
realización del diagnóstico ambiental y el desarrollo de modelos de monitoreo y predictivos, las cuales se 
distribuyen así: 
o 3 estaciones con sensores para el ecosistema de pastos marinos
o 3 estaciones con sensores para el ecosistema de manglar
Resultados de la Estrategia de Divulgación y Apropiación Social del Conocimiento (ASCTeI):
Implementación de los cuatro (4) componentes correspondientes a Gestión del Conocimiento para la 
Apropiación Social de la CTeI (ASCTeI) - Intercambio de Conocimiento - Participación Ciudadana en Ciencia, 
Tecnología e Innovación (CTeI) y Comunicación de la CTeI en el desarrollo del proyecto. 
Ligado a esta estrategia se obtienen los siguientes resultados:
- Desarrollo e implementación de una (1) plataforma virtual para la gestión del conocimiento asegurando su 
accesibilidad y entendimiento por parte de diversas audiencias, con contenidos estructurados y relevantes
- Generación de una (1) Comunidad de Práctica
- Participación en un (1) evento científico
- Generación de una (1) Red de Colaboración
- Realización de un (1) programa de capacitación
- Seis (6) Eventos de intercambio de conocimiento (capacitación, talleres y/o seminarios presenciales y/o 
virtuales) dirigidos a comunidades locales, entidades gubernamentales y empresas, planificados y 
ejecutados de manera efectiva.
- Tres (3) artículos de investigación elaborados y publicados
";99,58%;0,09%;0,00%;100,00%;0,07%;0,07%;0,00%;0,20%
2024;Propuesta de Investigación Convocatoria;No Avalada;34;Convocatoria de la asignación para ciencia, tecnología e innovación ambiental para el ordenamiento alrededor del agua, la justicia ambiental y la transformación productiva para la resolución de desafíos ambientales y desarrollo sostenible del país.;MinCiencias;Ejecutor;"Fundación Tecnalia
Instituto Tecnológico del Putumayo – ITP 
Corporación Unificada Nacional De Educación Superior – CUN
Parques Nacionales Naturales – PNN
BIOMASNEST
Corporación Innprende
Red Adelco
Neptura Zomac
Alcaldía De Mocoa
Gobernación De Vichada";Linea 3 Alcance 1;36;Aquaformat; $ 30.134.017.580 ; $ -   ; $ 30.000.000.000 ; $ 134.017.580 ; $ 30.000.000.000,01 ; $ -   ; $ 24.285.065 ; $ -   ; $ 17.988.937 ; $ -   ; $ 17.988.937 ; $ -   ; $ 599.631 ; $ -   ; $ 73.155.010 ;"Este proyecto representa una iniciativa focalizada en el progreso del conocimiento, la innovación tecnológica y la promoción de prácticas sostenibles en el ámbito de la bioeconomía, específicamente en el manejo integral de residuos orgánicos en las regiones Centro Oriente, Llanos y Centro Sur – Amazonía. En su desarrollo, se adopta un enfoque estratégico que fusiona la investigación científica, la implementación de tecnologías vanguardistas y la construcción de alianzas efectivas entre la comunidad científica, las entidades gubernamentales y las comunidades locales.
Los resultados previstos no solo incluyen la generación de conocimiento y los avances tecnológicos, sino que también anticipan impactos significativos a nivel nacional y regional. Se persigue no solo alcanzar logros tangibles, sino también impulsar transformaciones en las dinámicas ambientales, sociales y tecnológicas de las áreas intervenidas. La diversidad de datos recopilados, las innovaciones tecnológicas planeadas y la participación activa de las comunidades y actores relevantes presentan una visión integral de cómo este proyecto no solo responde a los objetivos inmediatos, sino que también establece cimientos sólidos para 
contribuciones a largo plazo en términos de sostenibilidad, gestión ambiental y desarrollo regional.";"Publicación 1. Revisión sistemática de la biomasa de la biodiversidad local
Producto de Desarrollo Tecnológico Tipo A: Modelo de Planta de Compostaje Industrial
• Producto de Desarrollo Tecnológico Tipo A: Empresa de base tecnológica Spin Off para administrar 
y generar conocimiento respecto a la biomasa residual aprovechable de los territorios.
• Producto de Desarrollo Tecnológico Tipo TOP: Creación de norma para implementar a nivel 
internacional requisitos de aprovechamiento de biomasa residual utilizando tecnologías 4.0
Desarrollo e implementación de una (1) plataforma digital para la gestión del conocimiento asegurando su 
accesibilidad y entendimiento por parte de diversas audiencias, con contenidos estructurados y relevantes
- Generación de una (1) Comunidad de Práctica
- Generación de una (1) Red de Conocimiento
- Realización de un (1) programa de capacitación
- Un (1) artículo de investigación elaborado y publicado";99,56%;0,08%;0,00%;100,00%;0,06%;0,06%;0,00%;0,24%
2024;Propuesta de Investigación Convocatoria;No Avalada;36;Asignación para la ciencia, tecnología e innovación del sistema general de regalías para la conformación de un listado de proyectos elegibles en ciencias básicas y del espacio para mover la frontera del conocimiento en el país y fortalecer capacidades en los territorios. ;MinCiencias;Ejecutor;Universidad del Quindío, Universidad de los LLanos, Universidad de la Amazonía, Secretaría distrital de Salud SubRed sur, Car Cundinamarca, Empresa Fundación Sin Límites;N/A;60;Instrumentación Científica y Didáctica, instrumentación quimica, Bioquímica y Biología Molecular, AQUAFORMAT; $ 40.066.271.561 ; $ -   ; $ 36.500.000.000 ; $ 3.566.271.561 ; $ 36.500.000.000,00 ; $ -   ; $ 2.231.617.600 ; $ -   ; $ 824.230.000 ; $ -   ; $ 468.823.961 ; $ -   ; $ 40.800.000 ; $ -   ; $ 800.000 ;"Diagnóstico en la calidad de agua de los ríos Bogotá, Cáqueza, Cravo Sur, Caquetá, Quindío y Tunjuelo, medida a través de indicadores físico-químicos, bacteriológicos y biológicos/Documentos de investigación
Desarrollo de tecnologías innovadoras y soluciones de remediación para la recuperación de ecosistemas afectados por la contaminación mediante nanotecnologia y biotecnologia/Servicio de apoyo para la generación de prototipos de
materiales, productos o dispositivos
Fortalecimiento de la capacidad de monitoreo y gestión ambiental en las comunidades locales, mediante la implementación de programas de educación y capacitación de participación comunitaria y la apropiación social del conocimiento en la gestión ambiental y la conservación de los recursos naturales/Servicio de apropiación social del conocimiento
Creación de una Red Inter regional de laboratorios de calidad de aguas para monitoreo y búsqueda de alianzas estratégicas /Infraestructura para la I+D+i dotada";"Documentos de investigación
Servicio de apoyo para la generación de prototipos de materiales, productos o dispositivos
Prototipos desarrollados
Servicio de apropiación social del conocimiento
Infraestructura para la I+D+i dotada";91,10%;5,57%;0,00%;100,00%;2,06%;1,17%;0,10%;0,00%
2024;Propuesta de Investigación Convocatoria;No Avalada;36;Asignación para la ciencia, tecnología e innovación del sistema general de regalías para la conformación de un listado de proyectos elegibles en ciencias básicas y del espacio para mover la frontera del conocimiento en el país y fortalecer capacidades en los territorios. ;MinCiencias;Aliado;"Corporación Universitaria Remington
Universidad de Córdoba
Universidad del Magdalena
Universidad EAFIT
";N/A;60;investigacion en ciencia de materiales y minerales; $ 39.814.717.771 ; $ -   ; $ 36.498.961.372 ; $ 3.315.756.399 ; $ 36.498.961.372,00 ; $ -   ; $ 423.784.537 ; $ -   ; $ 452.946.546 ; $ -   ; $ 1.363.857.503 ; $ -   ; $ 679.053.356 ; $ -   ; $ 396.114.457 ;"Con la implementación de la alternativa, se dejará una capacidad laboratorial y talento humano formado que permitirá a las universidades y sector industrial tener acceso a herramientas tecnológicas de las cuales se carece hasta hoy en la región. Estas herramientas permitirán el avance de diversas investigaciones tanto en el área de energías como en el desarrollo y evaluación de nuevos materiales de ingeniería.
Dentro de los equipos más novedosos se encuentran:
Un microscopio electrónico de barrido (SEM) de alta resolución, una máquina de ensayos universal que permite evaluar la resistencia de materiales en ambientes ricos en hidrogeno (este tipo de ensayos no está disponible para publico académico ni sector industrial), un equipo de XPS (sería el primero con estas características en el país), un equipo de impresión 3D de metales a Laser (el primero en el país) entre otros equipos especializados para preparación y caracterización de materiales y gases.
Como una propuesta novedosa se planea que todos los equipos de la alianza sean gerenciados desde una central virtual común de tal forma que se cree una gran central laboratorial y multiusuario de forma remota, lo que permitirá el uso desde cualquier región del país y dando prioridad al departamento del Caribe que hasta hoy carece de centrales de esta categoría.";"Infraestructura para la I+D+i dotada Centros o laboratorios dotados 4
Servicio de apoyo financiero para la vinculación de jóvenes investigadores Becas de pasantías otorgadas 12
Servicio de apoyo financiero para la formación de nivel maestría Becas de maestría otorgadas 11
Servicio de apoyo financiero para la formación de nivel doctoral Becas de nivel doctoral otorgadas 2
Servicio de apoyo financiero a programas y proyectos de Ciencia, Tecnología e Innovación (CTI) para la generación de conocimiento, desarrollo tecnológico e innovación. (I+D+i) Programas y proyectos financiados 3
Servicio de apoyo para la generación de prototipos de materiales, productos o dispositivos Número de prototipos 2
Documentos de investigación Número de documentos 15";91,67%;1,06%;0,00%;100,00%;1,14%;3,43%;1,71%;0,99%
2024;Propuesta de Investigación Convocatoria;No Avalada;36;Asignación para la ciencia, tecnología e innovación del sistema general de regalías para la conformación de un listado de proyectos elegibles en ciencias básicas y del espacio para mover la frontera del conocimiento en el país y fortalecer capacidades en los territorios. ;MinCiencias;Ejecutor;"Instituto Tecnológico del Putumayo - ITP
Asociación Supradepartamental de Municipios de la Región del Alto Patía - ASOPATIA
Asociación Gremial Agroforestal Vichadense - AGAF
Red Adelco - Red Nacional de Agencias de Desarrollo Local de Colombia
Corporación Unificada nacional de educación superior CUN Eje cafetero
NEPTURA ZOMAC S.A.S
NODRIZA FABRICA DE PROYECTOS S.A.S
GUADA HOLDING S.A.S
UNIVERSIDAD NACIONAL HERMILIO VALDIZÁN – UNHEVAL HUANUCO
ASOCIACION AGROPECUARIA CAMPESINA DE NEMOCON – AGROCONSAL
ASOCIACION DE MUJERES RURALES EMPRENDEDORAS QUIPILE – ASOQUIPILENAS
ASOCIACION RED DE MONITOREO PARTICIPATIVO DEL RECURSO HIDRICO IAKU - ARMPRHIAKU";N/A;36;Núcleo investigación en datos espaciales; $ 36.595.041.549 ; $ -   ; $ 36.500.000.000 ; $ 95.041.549 ; $ 36.500.000.000,00 ; $ -   ; $ 24.285.065 ; $ -   ; $ 599.631 ; $ -   ; $ 17.988.937 ; $ -   ; $ 599.631 ; $ -   ; $ 51.568.285 ;"1.1. Levantamiento de línea base de datos geoespaciales existentes y de coberturas vegetales priorizadas por cada una de las seis (6) regiones priorizadas
Ø Informe de Línea Base: Un documento que resume los hallazgos del levantamiento inicial de datos geoespaciales, incluyendo un análisis de las firmas multiespectrales y las coberturas vegetales en las regiones priorizadas.
Ø Base de Datos de familias geoespaciales: Una colección organizada de datos geoespaciales y multiespectrales existentes que han sido recopilados y analizados durante la actividad.
Ø Mapas de Cobertura Vegetal: Mapas detallados que muestran la distribución y tipos de cobertura vegetal en las áreas estudiadas.
Ø Análisis Comparativo: Un análisis que compara los datos actuales con datos históricos o de referencia, si están disponibles, para identificar cambios o tendencias.
Ø Recomendaciones para Investigaciones Futuras: Sugerencias o guías basadas en los hallazgos de la línea base para futuras investigaciones o acciones en las regiones estudiadas.
1.2. Planeación e identificación de la información primaria relacionada con las coberturas priorizadas
Ø Documento que resume los hallazgos de la revisión de literatura y análisis de datos existentes.
Ø Un documento que detalla las fuentes de datos identificadas como más relevantes y útiles.
Ø Un informe que recopila las perspectivas y recomendaciones de expertos consultados.
Ø Un documento que describe en detalle el enfoque y cronograma para la recolección de datos primarios.
1.3. Adquisición de imágenes fuente identificadas y priorizadas
Ø Una lista detallada de todas las imágenes obtenidas, incluyendo sus especificaciones y fuentes.
Ø Un documento que evalúa la calidad y la pertinencia de las imágenes adquiridas para los objetivos del proyecto.
Ø Un sistema de almacenamiento implementada para la organización eficiente de las imágenes geoespaciales.
1.4. Diseñar y ejecutar las actividades de medición in situ del comportamiento espacial y espectral de las especies y coberturas priorizadas
Ø Un documento detallado que describe el método y las herramientas utilizadas para las mediciones in situ.
Ø Un resumen de las actividades realizadas en el campo, incluyendo datos recopilados y observaciones preliminares.
Ø Una colección de datos geoespaciales obtenidos de las mediciones in situ.
Ø Un informe que proporciona una evaluación inicial de los datos recopilados en el campo.
1.5. Identificar e interpretar las coberturas de interés en las regiones priorizadas
Ø Un documento que detalla las coberturas de interés identificadas en las regiones.
Ø Un conjunto de análisis y mapas que muestran las características de las coberturas vegetales.
Ø Un informe que proporciona una comprensión detallada de las condiciones y características de las coberturas basado en los análisis realizados.
Ø Base de datos espaciales con información vector con el resultado de la interpretación de las coberturas naturales.
1.6. Publicación de dos (2) productos de investigación tipo TOP
Ø 2 documentos finales listos para ser sometidos a revisión por pares y publicación.
Ø Aceptación de los documentos por parte de revistas o conferencias científicas.
Ø 2 documentos publicados en revistas o actas de conferencias.
1.7. Inclusión de comunidades en procesos de conservación de ecosistemas estratégicos
Ø Un documento que detalla cómo se involucrarán y capacitarán las comunidades locales en la conservación.
Ø Recursos didácticos y guías utilizados en los programas de sensibilización y capacitación.
Ø Documentación de las actividades realizadas, incluyendo la participación y retroalimentación de la comunidad.
Ø Un análisis de cómo la participación comunitaria ha contribuido a los objetivos de conservación.
2.1. Diseñar y desarrollar los laboratorios portátiles para la recopilación de datos geoespaciales in situ.
Ø 6 Prototipos funcionales de laboratorios portátiles para la recopilación de datos geoespaciales.
Ø Mejora en la eficiencia y precisión de la recopilación de datos geoespaciales en campo.
Ø Usuarios finales capacitados en el uso de tecnologías geoespaciales avanzadas
2.2. Desarrollar la estrategia de descentralización del conocimiento y manejo de equipos especializados.
Ø Un documento que describe detalladamente cómo se compartirá y distribuirá el conocimiento.
Ø Guías, manuales y otros recursos educativos desarrollados para la capacitación.
Ø Documentación sobre cómo se ha implementado la estrategia en cada región, incluyendo los desafíos y éxitos.
Ø Un análisis de la efectividad de la estrategia de descentralización y las recomendaciones para su mejora.
2.3 Creación de banco de datos del proyecto.
Ø Un documento técnico que describe la arquitectura y el diseño del banco de datos.
Ø Un sistema de base de datos implementado y listo para ser utilizado, conteniendo todos los datos relevantes del proyecto.
Ø Un documento que certifica que el banco de datos ha sido probado y cumple con los estándares de calidad requeridos.
2.4 Diseñar los métodos y protocolos de analítica de datos para publicación y uso de la información.
Ø Un conjunto completo de documentos que describen los métodos y protocolos de análisis de datos desarrollados.
Ø Manuales y guías paso a paso para la implementación de los métodos y protocolos.
Ø Recursos educativos y materiales de apoyo para la formación en el uso de los métodos y protocolos.
Ø Informes que detallan los resultados de las pruebas y validaciones realizadas, asegurando la eficacia de los métodos y protocolos.
2.5. Generar los análisis para la identificación de los datos geoespaciales de las coberturas a partir de la información de campo y de sensores remotos.
Ø Se identificarán y organizarán los datos geoespaciales para los análisis pertinentes.
Ø Un documento que resume los métodos de análisis utilizados y los hallazgos clave.
Ø Un análisis comparativo que muestra la correlación entre los datos de campo y los de sensores remotos.
Ø Informe detallado que presenta la interpretación de los datos geoespaciales y su relevancia.
3.1. Diseño e implementación de los programas de transferencia y apropiación del conocimiento a partir de los resultados de los objetivos OE1 y OE2 para la conservación de las coberturas asociadas a los ecosistemas estratégicos de las regiones priorizadas.
Ø Planes y guías detalladas para los programas educativos y de capacitación desarrollados.
Ø Conjunto de recursos didácticos creados para facilitar la transferencia de conocimiento.
Ø Documentación sobre la implementación de los programas y la retroalimentación obtenida de los participantes.
Ø Análisis sobre el impacto y la eficacia de los programas en la comunidad y en las prácticas de conservación.
3.2. Sistematización de los saberes locales para la protección y conservación de los ecosistemas a los que pertenecen las coberturas naturales priorizadas.
Ø Una colección organizada de conocimientos y prácticas tradicionales relacionadas con la conservación de ecosistemas.
Ø Documento que detalla el proceso de recopilación, análisis y organización de los saberes locales.
Ø Recursos como folletos, manuales o plataformas digitales que presentan los saberes locales integrados con conocimientos científicos.
Ø Planes o guías sobre cómo combinar efectivamente los saberes locales con prácticas de conservación modernas.
3.3. Diseñar y llevar a cabo los intercambios de saberes locales en una estratégica de cooperación horizontal y sistematizar los resultados.
Ø Documentos que describen el enfoque y la metodología de los programas de intercambio.
Ø Informes que detallan lo discutido y aprendido en cada sesión o taller.
Ø Una colección organizada de los conocimientos intercambiados, accesible para las comunidades y otros interesados.
Ø Un documento que presenta un análisis de la información recopilada y sus potenciales aplicaciones.
3.4. Desarrollo de plataformas de divulgación para compartir datos y resultados con comunidades.
Ø Plataformas digitales y/o físicas listas para ser utilizadas por las comunidades.
Ø Materiales informativos y educativos desarrollados específicamente para las plataformas.
Ø Documentación sobre la puesta en marcha y el mantenimiento de las plataformas.
Ø Análisis del uso de las plataformas por parte de las comunidades y su efectividad en la difusión de información.
3.5. Diseño del programa de transferencia de conocimiento para el uso de los equipos adquiridos y la apropiación de los resultados en beneficio de los proyectos locales actuales y futuros.
Ø Un documento que detalla el enfoque y las estrategias para la transferencia de conocimiento a las comunidades locales.
Ø Recursos educativos creados para apoyar la formación y el aprendizaje.
Ø Documentación de las actividades de capacitación realizadas, incluyendo la participación y el feedback de los asistentes.
Ø Análisis del impacto del programa en la capacidad local y en la aplicación efectiva de los resultados del proyecto.";"Servicio de apoyo financiero a programas y proyectos de Ciencia, Tecnología e Innovación (CTI) para la generación de conocimiento, desarrollo tecnológico e innovación. (I+D+i) Programas y proyectos financiados 1
Servicio de apoyo financiero para programas y proyectos de infraestructura científica y tecnológica. Programas y proyectos financiados 1
Servicio de apropiación social del conocimiento Estrategias de apropiación realizadas 1";99,74%;0,07%;0,00%;100,00%;0,00%;0,05%;0,00%;0,14%
2024;Propuesta de Investigación Convocatoria;No Avalada;36;Asignación para la ciencia, tecnología e innovación del sistema general de regalías para la conformación de un listado de proyectos elegibles en ciencias básicas y del espacio para mover la frontera del conocimiento en el país y fortalecer capacidades en los territorios. ;MinCiencias;Ejecutor;"Universidad Tecnológica Del Chocó
Corporación Innprende
Asociación de Ganaderos de la Guajira-, ASOGAGUA
Tecnología de información y telecomunicaciones SAS
BIOMASNEST
MAKERSI
EUFONIA
Jardín Botánico
Dirección de sustitución de cultivos ílicitos";N/A;36;Aquaformat, Proprobos; $ 36.593.242.655 ; $ -   ; $ 36.500.000.000 ; $ 93.242.655 ; $ 36.500.000.000,00 ; $ -   ; $ 24.285.064 ; $ -   ; $ 17.988.937 ; $ -   ; $ 599.631 ; $ -   ; $ 599.631 ; $ -   ; $ 49.769.392 ;"1. Mayor interés y motivación hacia la investigación y el desarrollo tecnológico
2. Incremento del conocimiento sobre el uso potencial de la biomasa en productos con valor agregado.
3. Desarrollo de habilidades de trabajo en equipo.
4. Aumento de la participación de las comunidades en actividades de divulgación científica y manejo de infraestructura.
5. Mejor comprensión de conceptos científicos y tecnológicos por parte de la comunidad
6. Acceso a infraestructura y servicios tecnológicos para investigación y transformación de la biomasa.
7. Generación de alianzas con instituciones y organizaciones locales.
8. Mayor vinculación de mujeres científicas colombianas en el estudio, transformación de la biomasa residual agrícola.";"Servicio de apoyo financiero a programas y proyectos de Ciencia, Tecnología e Innovación (CTI) para la generación de conocimiento, desarrollo tecnológico e innovación. (I+D+i) Programas y proyectos financiados 1
Servicio de apoyo financiero para programas y proyectos de infraestructura científica y tecnológica. Programas y proyectos financiados 1
Servicio de apropiación social del conocimiento Estrategias de apropiación realizadas 1";99,75%;0,07%;0,00%;100,00%;0,05%;0,00%;0,00%;0,14%
2024;Propuesta de Investigación Convocatoria;No Avalada;36;Asignación para la ciencia, tecnología e innovación del sistema general de regalías para la conformación de un listado de proyectos elegibles en ciencias básicas y del espacio para mover la frontera del conocimiento en el país y fortalecer capacidades en los territorios. ;MinCiencias;Aliado;"Instituto de Investigación de Recursos Biológicos Alexander von Humboldt
Instituto de Investigaciones Ambientales del Pacífico
Instituto Amazónico de Investigaciones Científicas SINCHI
Universidad Tecnológica del Chocó
Universidad de Sucre";N/A;54;uso y conservación de la diversidad forestal; $ 24.918.683.215 ; $ -   ; $ 21.971.142.096 ; $ 3.268.951.119 ; $ 21.971.142.096,00 ; $ -   ; $ 551.485.793 ; $ -   ; $ 752.683.501 ; $ -   ; $ 1.101.262.800 ; $ -   ; $ 542.109.025 ; $ -   ; $ 321.410.000 ;"Desde las diferentes instituciones que hacen parte de esta propuesta, se realizarán estudios en regiones orientados a la gestión de especies de interés, información que será el punto de partida para la gestión en biodiversidad en otros territorios. Por esta razón, la generación de una estrategia de socialización y comunicación del conocimiento permitirá que la información sea utilizada de forma eficaz y participativa, en la cual la toma de las decisiones parten de una base científica y se fortalece con el conocimiento de las comunidades locales. La participación de estos actores en algunas de las actividades planteadas, permitirá robustecer el conocimiento en las regiones y promover herramientas útiles para generar soluciones inspiradas o basadas en el manejo y uso sostenible de la biodiversidad. 

De manera particular, el desarrollo de talleres participativos y demás actividades de apropiación social del conocimiento y disposición de información aportarán herramientas para los tomadores de decisiones, lo cual redundará en la apropiación de la biodiversidad y su incorporación en los territorios, atendiendo a las demandas definidas en cada región, en especial en temas como ecología, taxonomía, monitoreo participativo y la co-gestión de la biodiversidad enfatizada en la promoción del uso y manejo sostenible.";"Documentos de investigación	Documento de investigación elaborado	24
Infraestructura para la I+D+i dotada	Centros o laboratorios dotados	4
Servicio de apropiación social del conocimiento	Estrategias de apropiación realizadas	16";88,17%;2,21%;0,00%;100,00%;3,02%;4,42%;2,18%;1,29%
2024;Propuesta de Investigación Convocatoria;No Avalada;948;CONVOCATORIA ORQUIDEAS: MUJERES EN LA CIENCIA 2024;MinCiencias;Ejecutor;N/A;N/A;12;estudio en temas de la física, de la estadística y de la matemática; $ 484.800.000 ; $ -   ; $ 424.800.000 ; $ 60.000.000 ; $ 424.800.000,00 ; $ -   ; $ 60.000.000 ; $ -   ; $ -   ; $ -   ; $ -   ; $ -   ; $ -   ; $ -   ; $ -   ;Se pretende con el desarrollo de la propuesta aportar a la paz a través de incrementar la seguridad de la tenencia de la tierra por medio del uso de teledetección para la localización de predios y reconocimiento de mejoras y asentamientos. Esta alternativa puede contribuir a la formalización de la propiedad y al saneamiento automático en áreas protegidas tanto en el departamento del Caquetá como a nivel nacional.;"Caracterización del proceso de poblamiento, la tenencia de la tierra y los usos del suelo del área de estudio.
Mapa de variación de la cobertura del suelo en la zona de estudio tras los últimos 40 años de asentamientos humanos.
Mapa de variación de cubiertas de la zona de estudio en la configuración de suelo quemado";87,62%;12,38%;0,00%;100,00%;0,00%;0,00%;0,00%;0,00%
2024;Propuesta de Investigación Convocatoria;No Avalada;6;"CONVOCATORIA PARA LA CONSERVACIÓN DE ÁREAS AMBIENTALES ESTRATÉGICAS PARA EL ORDENAMIENTO ALREDEDOR DEL AGUA Y LA JUSTICIA AMBIENTAL
";MinAmbiente (SGR);Aliado;"Aldesarrollo
Municipio de Tausa
Municipio de Zipaquirá
Municipio de Cogua
Municipio de Chía
Resguardo Indígena Muysca
";N/A;24;estudios ambientales universidad distrital (gea-ud); $ 3.161.295.030 ; $ -   ; $ 3.101.295.030 ; $ 60.000.000 ; $ 3.101.295.029,68 ; $ -   ; $ 60.000.000 ; $ -   ; $ -   ; $ -   ; $ -   ; $ -   ; $ -   ; $ -   ; $ -   ;"Consiste en un ejercicio de análisis de la pertinencia, eficacia, eficiencia e impacto del proyecto a la luz de la alternativa de solución identificada. Para lo anterior se parte de la información recopilada y el beneficio ambiental y social que de manera local, regional o nacional generaría el proyecto con su implementación

Este proyecto apunta a impulsar la implementación de acciones para el avance de la transición hacia el Crecimiento Verde en los municipios de Tausa, Cogua y Zipaquirá y la adopción de principios para el desarrollo sostenible en su dimensión económica. ";0;98,10%;1,90%;0,00%;100,00%;0,00%;0,00%;0,00%;0,00%
2024;Propuesta de Investigación Convocatoria;No Avalada;34;Convocatoria de la asignación para ciencia, tecnología e innovación ambiental para el ordenamiento alrededor del agua, la justicia ambiental y la transformación productiva para la resolución de desafíos ambientales y desarrollo sostenible del país.;MinCiencias;Ejecutor;"UNIVERSIDAD TECNOLÓGICA DEL CHOCÓ – UTCH
CORPORACIÓN UNIFICADA DE EDUCACIÓN SUPERIOR – CUN FUNDACIÓN
TECNALIA COLOMBIA
BIOMASNEST
PARQUES NACIONALES NATURALES
ASOPATÍA
ASOAGUA
CORPORACIÓN INNPRENDE
RED ADELCO
NEPTURA ZOMAC";Linea 4 Alcance 1;36;GIIRA, Proprobos; $ 29.577.204.617 ; $ -   ; $ 29.444.386.299 ; $ 132.818.318 ; $ 29.444.386.299,00 ; $ -   ; $ 24.285.065 ; $ -   ; $ 17.988.937 ; $ -   ; $ 17.988.937 ; $ -   ; $ 599.631 ; $ -   ; $ 71.955.748 ;"Este proyecto representa una iniciativa centrada en el avance del conocimiento, la innovación tecnológica y la promoción de prácticas sostenibles en el ámbito de la bioeconomía, específicamente en el manejo integral de residuos orgánicos en las regiones Caribe, Eje Cafetero y Pacífico. En su desarrollo, se adopta un enfoque estratégico que amalgama la investigación científica, la implementación de tecnologías vanguardistas y la construcción de alianzas efectivas entre la comunidad científica, las entidades gubernamentales y las comunidades locales.
Los resultados propuestos no solo abarcan la generación de conocimiento y los avances tecnológicos, sino que anticipan impactos significativos a nivel nacional y regional. Se busca no solo alcanzar logros tangibles, sino también propiciar transformaciones en las dinámicas ambientales, sociales y tecnológicas de las áreas
intervenidas. La diversidad de datos recopilados, las innovaciones tecnológicas previstas y la participación activa de las comunidades y actores relevantes presentan una visión integral de cómo este proyecto no solo responde a los objetivos inmediatos, sino que establece cimientos sólidos para contribuciones a largo plazo en
términos de sostenibilidad, gestión ambiental y desarrollo regional.";"Publicación 1. Revisión sistemática de la biomasa de la biodiversidad local
Producto de Desarrollo Tecnológico Tipo A: Modelo de Planta de Compostaje Industrial
• Producto de Desarrollo Tecnológico Tipo A: Empresa de base tecnológica Spin Off para administrar
y generar conocimiento respecto a la biomasa residual aprovechable de los territorios.
• Producto de Desarrollo Tecnológico Tipo TOP: Creación de norma para implementar a nivel
internacional requisitos de aprovechamiento de biomasa residual utilizando tecnologías 4.0
Desarrollo e implementación de una (1) plataforma digital para la gestión del conocimiento asegurando su
accesibilidad y entendimiento por parte de diversas audiencias, con contenidos estructurados y relevantes
- Generación de una (1) Comunidad de Práctica
- Generación de una (1) Red de Conocimiento
- Realización de un (1) programa de capacitación
- Un (1) artículo de investigación elaborado y publicado";99,55%;0,08%;0,00%;100,00%;0,06%;0,06%;0,00%;0,24%
2024;Propuesta de Investigación Convocatoria;No Avalada;34;Convocatoria de la asignación para ciencia, tecnología e innovación ambiental para el ordenamiento alrededor del agua, la justicia ambiental y la transformación productiva para la resolución de desafíos ambientales y desarrollo sostenible del país.;MinCiencias;Ejecutor;"Fundación Tecnalia 
Instituto Tecnológico del Putumayo – ITP   
Corporación Unificada Nacional De Educación Superior – CUN 
Parques Nacionales Naturales – PNN 
BIOMASNEST 
Corporación Innprende 
Red Adelco 
Neptura Zomac 
Alcaldía De Mocoa 
Gobernación De Vichada ";Linea 3 Alcance 2;36;GIIRA, Proprobos; $ 29.575.405.722 ; $ -   ; $ 29.443.187.036 ; $ 132.218.686 ; $ 29.443.187.036,35 ; $ -   ; $ 24.285.065 ; $ -   ; $ 17.988.937 ; $ -   ; $ 17.988.937 ; $ -   ; $ 3.597.787 ; $ -   ; $ 68.357.960 ;"Este proyecto representa una iniciativa focalizada en el progreso del conocimiento, la innovación tecnológica y la promoción de prácticas sostenibles en el ámbito de la bioeconomía, específicamente en el manejo integral  de residuos orgánicos en las regiones Centro Oriente, Llanos y Centro Sur – Amazonía. En su desarrollo, se adopta un enfoque estratégico que fusiona la investigación científica, la implementación de tecnologías  vanguardistas y la construcción de alianzas efectivas entre la comunidad científica, las entidades  gubernamentales y las comunidades locales. 
Los resultados previstos no solo incluyen la generación de conocimiento y los avances tecnológicos, sino que también anticipan impactos significativos a nivel nacional y regional. Se persigue no solo alcanzar logros tangibles, sino también impulsar transformaciones en las dinámicas ambientales, sociales y tecnológicas de las áreas intervenidas. La diversidad de datos recopilados, las innovaciones tecnológicas planeadas y la participación activa de las comunidades y actores relevantes presentan una visión integral de cómo este  proyecto no solo responde a los objetivos inmediatos, sino que también establece cimientos sólidos para contribuciones a largo plazo en términos de sostenibilidad, gestión ambiental y desarrollo regional. ";"Publicación 1. Revisión sistemática de la biomasa de la biodiversidad local
Producto de Desarrollo Tecnológico Tipo A: Modelo de Planta de Compostaje Industrial
• Producto de Desarrollo Tecnológico Tipo A: Empresa de base tecnológica Spin Off para administrar
y generar conocimiento respecto a la biomasa residual aprovechable de los territorios.
• Producto de Desarrollo Tecnológico Tipo TOP: Creación de norma para implementar a nivel
internacional requisitos de aprovechamiento de biomasa residual utilizando tecnologías 4.0
Desarrollo e implementación de una (1) plataforma digital para la gestión del conocimiento asegurando su
accesibilidad y entendimiento por parte de diversas audiencias, con contenidos estructurados y relevantes
- Generación de una (1) Comunidad de Práctica
- Generación de una (1) Red de Conocimiento
- Realización de un (1) programa de capacitación
- Un (1) artículo de investigación elaborado y publicado";99,55%;0,08%;0,00%;100,00%;0,06%;0,06%;0,01%;0,23%
2024;Propuesta de Investigación Convocatoria;No Avalada;34;Convocatoria de la asignación para ciencia, tecnología e innovación ambiental para el ordenamiento alrededor del agua, la justicia ambiental y la transformación productiva para la resolución de desafíos ambientales y desarrollo sostenible del país.;MinCiencias;Ejecutor;"FUNDACIÓN TECNALIA COLOMBIA
PARQUES NACIONALES NATURALES DE COLOMBIA
CORPORACIÓN UNIFICADA NACIONAL – CUN
CORPORACIÓN INNPRENDE
RED ADELCO
NEPTURA ZOMAC S.A.S";Linea 3 Alcance 2;36;GITUD, Aquaformat; $ 30.097.440.075 ; $ -   ; $ 30.000.000.000 ; $ 97.440.075 ; $ 30.000.000.000,00 ; $ -   ; $ 24.285.065 ; $ -   ; $ 17.988.937 ; $ -   ; $ 17.988.937 ; $ -   ; $ 599.631 ; $ -   ; $ 36.577.505 ;"6 eventos de socialización, 1 por departamento
1 Documento informe del análisis cualitativo de la retroalimentación recibida.
6 estaciones de monitoreo, 1 por departamento
2 Informes periódicos (trimestrales), sobre la salud de los ecosistemas hidrobiológicos y cargue plataforma SIRH
Se realizan dos artículos de investigación 1) Artículo de investigación con calidad A1, producto tipo TOP ART-A1: Revisión de los parámetros y descriptores comunes utilizados en los estudios sobre el impacto de la contaminación por metales pesados en los recursos hidrobiológicos: identificación de lagunas de conocimiento y necesidades futuras.
Se realizará el desarrollo de norma implementada a nivel internacional RNL_A (Producto tipo TOP)
Un Informe detallado de análisis de datos y tendencias ambientales.
Un modelo predictivo para la evaluación de la salud de ecosistemas acuáticos.
Una herramienta de visualización geográfica para la interpretación de datos.
1 Artículo científico publicado en revistas reconocidas.
Un informe accesible para el público y partes interesadas.
6 eventos de divulgación de las investigaciones (conferencias y foros ambientales).
Desarrollo de una Patente de un Método Avanzado para la Purificación de Aguas Utilizando Gas Oxido-Reductor y Adsorción para la Extracción de Metales Pesados por Biocarbón y/o Biochar (producto tipo TOP PA2).
Se diseñarán y construirán 6 plantas piloto con sistemas de descontaminación (Producto tipo A)
2 Informes técnicos detallados sobre la implementación del modelo de descontaminación.
Un informe del proceso de validación del modelo y mejoras continúas basadas en feedback y resultados de pruebas.
Creación de spin off que garantice la administración e implementación de la planta piloto (Producto tipo A).
Un informe con datos y análisis sobre la efectividad de las tecnologías de descontaminación.
Un informe de mejoras en las tecnologías y estrategias basadas en el feedback recibido.
6 eventos para la apropiación de los conceptos y plantas piloto implementados por parte de los actores ambientales y locales.
Un informe detallado sobre el impacto ambiental y social de los proyectos piloto.
Un documento con estudios de factibilidad que demuestren la viabilidad de escalar las tecnologías.
Un documento con las estrategias y recomendaciones para futuras acciones de conservación a gran escala del modelo de descontaminación.
Una plataforma colaborativa en línea establecida y operativa.
Un documento informe con amplia gama de recursos y conocimientos disponibles para los usuarios de la plataforma.
Un informe con acciones realizadas con la comunidad para incrementar la participación activa en la plataforma.
Un programa de capacitación desarrollado y ejecutado.
390 participantes capacitados en conservación de ecosistemas, uso de tecnologías y prácticas sostenibles.
Un informe del Feedback recopilado y utilizado para mejorar futuras capacitaciones
Un documento informe con los resultados de la difusión de material informativo y educativo sobre la conservación de ecosistemas acuáticos.
6 eventos realizados de sensibilización con alta participación comunitaria.
Un informe sobre la cobertura mediática en medios de comunicación que contribuye a la concienciación pública sobre la importancia de la conservación de los
ecosistemas acuáticos.";"Servicio de apoyo financiero a programas y proyectos de Ciencia, Tecnología e Innovación (CTI) para la generación de conocimiento, desarrollo tecnológico e
innovación. (I+D+i) Programas y proyectos financiados 1
Servicios de apoyo financiero para programas y proyectos de CTI que promueven la innovación, la transferencia tecnológica y el emprendimiento Programas y
proyectos financiados 1
Servicio de apropiación social del conocimiento Estrategias de apropiación realizadas 1";99,68%;0,08%;0,00%;100,00%;0,06%;0,06%;0,00%;0,12%
2024;Propuesta de Investigación Convocatoria;No Avalada;6;"CONVOCATORIA PARA LA CONSERVACIÓN DE ÁREAS AMBIENTALES ESTRATÉGICAS PARA EL ORDENAMIENTO ALREDEDOR DEL AGUA Y LA JUSTICIA AMBIENTAL
";MinAmbiente (SGR);Aliado;"Alcaldía de Puerto Carreño; Alcaldía de La Primavera; Gobernación de Vichada";N/A;24;GITUD, Aquaformat; $ 13.535.347.186 ; $ -   ; $ 13.535.347.186 ; $ -   ; $ 13.535.347.186,00 ; $ -   ; $ -   ; $ -   ; $ -   ; $ -   ; $ -   ; $ -   ; $ -   ; $ -   ; $ -   ;"Con este proyecto basado en la restauración participativa de ecosistemas naturales y en el fortalecimiento del desarrollo sostenible de los sistemas productivos en predios susceptibles a restauración presentes en la cuenca del río Bita, se esperan impactos importantes y significativos en diferentes componentes, tales como: 
Ambiental: Aumento en la cobertura boscosa, conservación de la biodiversidad, reducción de emisiones atmosféricas y huella de carbono en el sector pecuario, mejorar la calidad de los hábitats de las especies focales y aumentar la conectividad de los ecosistemas naturales del Río Bita y el DRMI Laguna de la Primavera,
Social: Aumentar la capacidad de estrategias de para adquirir información alineada con soluciones basadas en la naturaleza y gestión ambiental, fortaleciendo la conciencia ambiental de las comunidades. Además, se generará empleo local para desarrollar las diferentes acciones propuestas en el proyecto.
Económico: Fortalecimiento del desarrollo sostenible de los sistemas productivos en predios susceptibles de restauración y generando menores costos de energía eléctrica
La implementación de las diferentes estrategias de restauración y conservación, acompañadas del monitoreo participativo de las comunidades desarrollando una evaluación cuidadosa de las áreas y recursos disponibles por el proyecto, se garantizará la sostenibilidad ambiental y el incremento de los beneficios de las comunidades fomentando el desarrollo sostenible por el impacto positivo en la calidad de vida en los municipios de Arauca y La Primavera.";"Objetivo 1: Restaurar 800 hectáreas de ecosistemas naturales del Río Bita y el DRMI Laguna de la Primavera, promoviendo la recuperación de especies afectadas por la tala selectiva y mejorando la conectividad y enriquecimiento de los ecosistemas.
●	Un estudio de evaluación de la dinámica natural del fuego con información de dos años en la cuenca del Río Bita.
●	Planes veredales de prevención y control de fuego. 
●	Un estudio de evaluación de la caracterización del estado de conservación de los morichales y bosques en la parte media, alta y baja de la cuenca del río Bita.
●	Caracterización florístico estructural de 3 ecosistemas de referencia para morichales, 3 para bosques y 3 para sabanas naturales, y sus tensionantes.
●	Determinación final de 800 ha para restauración de ecosistemas de bosque, morichal y sabanas naturales.
●	Al menos 65 acuerdos de conservación firmados.
●	Un plan de restauración formulado de manera participativa para la  Cuenca baja, media y alta del Bita e implementado en los predios priorizados.
●	Construcción de al menos 2 viveros comunitarios, y capacitación a la comunidad en todas las fases de la propagación.
●	Seguimiento semestral a la supervivencia del 100% de las siembras establecidas.
●	Un protocolo de monitoreo diseñado e implementado mediante el establecimiento de parcelas permanentes. 
●	Talleres de divulgación y concertación de actividades con la comunidad local. 
●	Tres notas divulgativas y una cartilla del proceso final de restauración en los temas de interés identificados por la comunidad. 
●	Al menos dos veredas de la cuenca del río Bita que conocen el proyecto y la iniciativa de registrar RNSC como una de las estrategias para aportar en la conservación del territorio.
●	100% de los propietarios interesados en registrar sus predios como reservas son apoyados técnicamente para completar la documentación requerida para el registro de sus predios como RNSC.
●	100% de los predios potenciales a ser registrados como RNSC cuentan con línea  base de biodiversidad.
Objetivo 2: Evaluar  la integridad ecológica de la cuenca baja del río Bita en el municipio de Puerto Carreño para determinar su salud y grado de naturalidad, y la contribución de las acciones de restauración, protección y uso sostenible.
●	Síntesis de información secundaria sobre evaluación de ecosistemas y proyectos de conservación en La Cuenca del Bita y el DRMI Laguna de la Primavera. 
●	Documento con el análisis del Índice de integridad para bosques y sabanas naturales.
●	Documento con caracterización florística estructural de ecosistemas en buen estado (referencia) y en mal estado.
●	Mapa de modelamiento espacial de rendimiento hídrico InVEST.
●	Documento con acciones recomendadas para mantener y/o aumentar la integridad de la cuenca. 
Objetivo 3: Fortalecer el desarrollo sostenible de los sistemas productivos en predios susceptibles a restauración presentes en la cuenca del río Bita y la laguna La Primavera.
●	Línea base de ganadería sostenible en el DRMI Laguna de la Primavera y sitio Ramsar.
●	Documento técnico de modelos de ganadería regenerativa.
●	Al menos dos predios con sistemas de ganadería regenerativa implementados.
●	Un sistema de monitoreo implementado con información de seguimiento productivo, reproductivo, salud de suelos, administrativo y comercial.
●	Línea base de caracterización social y ambiental de núcleos marañoneros.
●	Un estudio de impacto de cultivos de marañón sobre fauna y vegetación.
●	Un estudio del movimiento de al menos  3 dantas y su relación con el cultivo de marañón. 
●	Treinta productores de marañón capacitados en lineamientos de manejo del paisaje.
●	Quince asistentes técnicos/extensionistas capacitados para la implementación de lineamientos de manejo del paisaje en predios marañoneros.
●	Planes prediales de cinco predios marañoneros.
●	Intervenciones en cinco predios marañoneros (cortafuegos, siembras, aislamientos, etc.).
●	Hectáreas de ecosistemas naturales restaurados/rehabilitados en predios marañoneros.
●	24 personas capacitadas en producción agropecuaria orgánica.
●	10 personas capacitadas en producción apícola
●	Documento de línea base de monitoreo productivo 
●	24 planes de manejo productivo de predios con incentivos en actividades agropecuarias
●	4 planes de mejoramiento productivo y ambiental para predios con incentivos en sistemas apícolas.
Objetivo 4: Realizar un estudio exhaustivo del buchón de agua (Eichhornia crassipes) para determinar estrategias de manejo y tratamiento de la especie en los cuerpos de agua del DRMI La Primavera.
●	Mapeo y diagnóstico de las áreas con ocupación de buchón en los diferentes cuerpos de agua del área de influencia y documento con estado poblacional. 
●	Un documento con el análisis químico del agua de la laguna.
●	Un documento con caracterización de flora y fauna de la laguna. 
●	Un documento técnico con rutas y causas de dispersión del buchón de agua.
●	Protocolo de actuación temprana y un piloto implementado. 
●	Un material divulgativo acerca del manejo del buchón de agua y un taller de manejo y erradicación a las comunidades locales. 
Objetivo 5:  Establecer una línea base de la Panthera onca como Valor Objeto de Conservación (VOC) en el DRMI, incluyendo un estudio de oferta alimentaria en sábanas e interacción negativa con felinos en zonas prioritarias de restauración.
●	Encuestas estructuradas y análisis de la información sobre la interacción negativa con felinos. 
●	Implementaciones realizadas en 10 predios para mitigar la interacción negativa con felinos y seguimiento a dichas acciones. 
●	Desarrollo de actividades de educación ambiental en al menos dos escuelas rurales.
●	Línea base de monitoreo de los felinos, con énfasis en el jaguar y la oferta alimentaria incluyendo sabanas. ";100,00%;0,00%;0,00%;0,00%;0,00%;0,00%;0,00%;0,00%
2024;Propuesta de Investigación Convocatoria;Seleccionada;949;Convocatoria misión soberanía sanitaria y bienestar social- territorios garantes de la salud, 2024 ;MinCiencias;Ejecutor;"CORPORACIÓN INNPRENDE;  CORPORACIÓN UNIVERSITARIA MINUTO DE DIOS; MUNICIPIO DE GUACARÍ; MUNICIPIO DE HONDA; NEPTURA ZOMAC SAS; NODRIZA FABRICA DE PROYECTOS S.A.S";OPTIMIZACIÓN DEL DIAGNÓSTICO Y MANEJO DE LA DIABETES MEDIANTE MODELOS AVANZADOS DE DATOS Y BIOMARCADORES DIGITALES EN MUNICIPIOS DE GUACARÍ - VALLE DEL CAUCA Y HONDA - TOLIMA;30;GITEM, GCEM, GICOGE; $ 9.161.152.581 ; $ -   ; $ 7.999.954.182 ; $ 1.161.198.399 ; $ 7.999.954.182,00 ; $ -   ; $ 405.510.000 ; $ -   ; $ 151.729.718 ; $ -   ; $ 289.650.000 ; $ -   ; $ 5.196.800 ; $ -   ; $ 309.111.881 ;"Diseño de biomarcadores digitales usando ML y DL en etapa funcional.
Identificación temprana de ECNT mejorada comparada con técnicas tradicionales.
Desafíos en la implementación y adopción de tecnologías avanzadas en la práctica clinica.
Aceptación de las tecnologías por parte de las entidades de salud
Modelo ML-DL socializado en los municipios categoría 6";"Productos
Desarrollo de un modelo predictivo a través de ML y DL
Una Plataforma digital funcional
20 Personal médico capacitado
Documentos de socialización del modelo y las tecnologías en los municipios categoria 6
Documentos con Análisis de Resultados y Recomendaciones: Informes analíticos y recomendaciones de politicas.
Productos CTel
* Producto Tipo TOP: ART_Al - Artículo de Investigación con Calidad Al
o Título: “Eficacia de Biomarcadores Digitales en la Detección Temprana de Diabetes Mellitus Tipo 2 en Mujeres”
* Productos Tipo A: MA4, Número de Productos tecnológicos con Patente de modelo de utilidad, vinculados al Grupo con
Calidad A4.
o Título: Patente Modelo de Utilidad para Algoritmo de ML/DL Optimizado";87,32%;4,43%;0,00%;100,00%;1,66%;3,16%;0,06%;3,37%
2024;Propuesta de Investigación Convocatoria;Desistio;951;Convocatoria fortalecimiento del conocimiento geocientífico y tecnológico de las fuentes no convencionales de energía y la captura, almacenamiento y uso de CO2 ;MinCiencias;Aliado;"INSTITUTO NACIONAL DE METROLOGIA - INM; UNIVERSIDAD PEDAGÓGICA Y TECNOLÓGICA DE COLOMBIA - SEDE SOGAMOSO";N/A;18;NIDE; $ 5.130.385.381 ; $ -   ; $ 3.499.999.901 ; $ 1.630.385.480 ; $ 3.499.999.901,00 ; $ -   ; $ 140.000.000 ; $ -   ; $ 1.266.977.500 ; $ -   ; $ 223.407.980 ; $ -   ; $ -   ; $ -   ; $ -   ;"Este proyecto tendrá impactos positivos en la matriz energética del país, teniendo en cuenta que pretende evaluar la favorabilidad
geotérmica del posible reservorio localizado en el municipio de Zetaquira, y la posibilidad de sus usos directos por parte de la
comunidad circundante del proyecto. Así mismo, se pretende aplicar una nueva metodología para el análisis multicriterio de estos
plays, combinando diferentes métodos como la caracterización geológica, caracterización petrográfica y geoquímica en rocas y
fluidos, análisis de temperatura somera mediante el uso de drones, termocronología cuantitativa, adquisición de nueva información
geofísica y otras más. Además de la generación de cerca de cuarenta y cinco (45) productos de carácter técnico condensado en
informe técnico final, artículos en revistas indexadas, ponencias en eventos académicos nacionales y/o internacionales,
fortalecimiento del talento humano y un informe de caracterización social y ambiental.
Finalmente, hay esta propuesta no deja a un lado a las comunidades circundantes si las invita hacer parte del conocimiento dándoles
conocer el uso de la geotermia y sus posibles aplicaciones en su población, mediante programa de divulgación de los resultados y
apropiación social del conocimiento por parte de ellos.";"Cuatro (4) Cursos de capacitación con expertos internacionales para el personal técnico de la ANH, en las siguientes temáticas:
-un (1) Curso sobre ""Exploración geotérmica mediante uso de Potencial Espontaneo"" orientado por Antony Finizola, con una
duración mínima de veinte (20) horas.
- un (1) curso sobre ""Métodos de exploración geológica geofísica para la geotermia"", dirigido por Rosa Ledesma, con una
duración mínima de veinte (20) horas.
- un (1) curso ""Usos directos de la geotermia, como hacerlos realidad"", orientado por Diego Aravena
- Un (1) curso “termocronología cuantitativa aplicada a geotermia” dirigido por Kerry Galleger.
Tres (3) artículos científicos publicados en revistas reconocidas que aparezcan en los índices Science Citation Index (SCI) y/o
Publindex, junto con un (1) artículo de divulgación dirigido a boletín o publicación especial de la Agencia Nacional de
Hidrocarburos.
Así mismo, para el caso de las actividades de apropiación social del conocimiento científico se propone presentación de una
serie de ponencias en eventos de carácter académico nacionales y/o internacionales.
Un informe técnico con la caracterización social y ambiental del municipio de Zetaquira donde se llevará a cabo el desarrollo de
la presente propuesta de investigación.
Un informe técnico con destino al personal técnico de la Agencia Nacional de Hidrocarburos compuesto por cerca de cuarenta y
cuatro (44) productos, anexos y reportes de la evaluación del análisis de favorabilidad geotérmica del sistema geotérmico del
municipio de Zetaquira, ubicado en el departamento de Boyacá. Junto con el informe final, se entregarán los respectivos
proyectos SIG de los nuevos datos generados en el marco del proyecto y sus respectivas bases de datos.
Una presentación de la divulgación de los resultados ante ANH en la ciudad de Bogotá
Actividades de apropiación social del conocimiento están compuestas por las siguientes: La organización y participación de un
(1) simposio sobre geotérmica, donde se presentarán a la comunidad académico-científica los resultados del proyecto de
investigación.
Talleres comunitarios con destino a la población del municipio de Zetaquira donde se abordarán autoridades locales, comunales,
estudiantiles y general sobre las ventajas del uso de la geotermia y el estudio de la misma.";68,22%;2,73%;0,00%;100,00%;24,70%;4,35%;0,00%;0,00%
2024;Propuesta de Investigación Convocatoria;No Avalada;NA;COOPERACIÓN PARA EL DISEÑO Y EJECUCIÓN DE PROYECTOS DE INVESTIGACIÓN ENFOCADOS EN LA SOLUCIÓN DE RETOS PARA LA CIUDAD DE BOGOTÁ MEDIANTE EL USO DE TECNOLOGÍAS EMERGENTES;ATENEA;Ejecutor;NA;N/A;9;Aquaformat; $ 154.000.000 ; $ -   ; $ 100.000.000 ; $ 54.000.000 ; $ 100.000.000,00 ; $ -   ; $ 54.000.000 ; $ -   ; $ -   ; $ -   ; $ -   ; $ -   ; $ -   ; $ -   ; $ -   ;"*Mejorar el seguimiento y predicción de como evoluciona o se encuentra la contaminación el recurso hídrico en lo referente a COE (Antibióticos Cefalexina, Amoxicilina y Azitromicina) mediante el uso de la IA que generen discusiones relacionadas en la toma de decisiones a nivel político en el uso y control de antibióticos y en la normativa sobre control de calidad de agua potable. (Resolucion2115 de 2007)
*La solución a la problemática de alto impacto como es la contaminación del recurso agua por Antibióticos Cefalexina, Amoxicilina y Azitromicina en relación con el monitoreo, niveles de contaminación en los cuerpos de agua, y predicciones a través de la utilización de tecnologías computacionales orientadas con Inteligencia artificial permitan optimizar los procesos de control y vigilancia.  
-Inclusión de los métodos de selección de la IA, manejo, uso y proyecciones. 
- Predicción del comportamiento de las concentraciones de los antibióticos en agua potable.
*Promover el uso de tecnologías computacionales (IA) en los procesos de simulación y modelamiento de matrices como el agua para optimizar procesos de control y vigilancia.";"*Documentar la técnica y métodos para la determinación de Antibióticos Cefalexina, Amoxicilina y Azitromicina en matrices de agua cruda y potable. Esto con el objetivo de minimizar el error analítico en la toma de muestra.
*Seleccionar la técnica de cuantificación para la determinación de Antibióticos Cefalexina, Amoxicilina y Azitromicina Azitromicina en matrices de agua cruda y potable.
*Utilizar una técnica computacional de inteligencia artificial para la predicción del comportamiento de los antibióticos Cefalexina, Amoxicilina y Azitromicina en los cuerpos de agua antes (agua cruda) y después de su tratamiento (agua potable).  ";64,94%;35,06%;0,00%;100,00%;0,00%;0,00%;0,00%;0,00%
2024;Propuesta de Investigación Convocatoria;Seleccionada;NA;Convocatoria Investigación para la toma de decisiones en salud mental en Bogotá;ATENEA;Aliado;"Universidad El Bosque; Secretaria Distrital de Salud; Universidad Externando";N/A;15;GICOGE; $ 243.828.920 ; $ -   ; $ 102.235.679 ; $ 141.593.241 ; $ 101.997.900,00 ; $ -   ; $ 35.237.115 ; $ 237.779 ; $ 50.111.746 ; $ -   ; $ 30.894.380 ; $ -   ; $ 25.350.000 ; $ -   ; $ -   ;0;0;41,83%;14,45%;0,00%;100,00%;20,65%;12,67%;10,40%;0,00%
2024;Propuesta de Investigación Convocatoria;En tramite;34;Convocatoria de la asignación para ciencia, tecnología e innovación ambiental para el ordenamiento alrededor del agua, la justicia ambiental y la transformación productiva para la resolución de desafíos ambientales y desarrollo sostenible del país.;MinCiencias;Ejecutor;"Fundación Tecnalia; Instituto Tecnológico Del Putumayo ITP; Alcaldía De Mocoa; Parques Nacionales Naturales; Corporación Unificada Nacional De Educación Superior CUN; Corporación Innprende; Neptura Zomac; Red Adelco; Gobernación De Vichada";N/A;36;"GIIRA; PROPROBOS"; $ 30.116.028.643 ; $ -   ; $ 30.000.000.000 ; $ 116.028.643 ; $ 30.000.000.000,00 ; $ -   ; $ 24.285.065 ; $ -   ; $ 17.988.937 ; $ -   ; $ 17.988.937 ; $ -   ; $ 599.631 ; $ -   ; $ 55.166.073 ;El presente proyecto constituye un esfuerzo conjunto orientado hacia la generación de conocimiento, desarrollo tecnológico y la promoción de prácticas sostenibles en los ecosistemas estratégicos de páramos y humedales en las regiones Centro Oriente, Llanos y Centro Sur – Amazonía. En el transcurso de este proyecto, se despliega un enfoque en la investigación científica, la aplicación de tecnologías innovadoras y la construcción de puentes colaborativos entre la comunidad científica, las entidades gubernamentales y las comunidades locales. Los resultados planteados a lo largo del desarrollo del proyecto comprenden no solo los productos de generación de conocimiento y desarrollos tecnológicos, sino también anticipan los impactos significativos que se esperan a nivel nacional y regional. De esta manera, se abordan tanto los logros tangibles como las transformaciones esperadas en las dinámicas ambientales, sociales y tecnológicas de las áreas intervenidas. La riqueza de los datos considerados para su recopilación, las innovaciones tecnológicas a desarrollar y la participación activa de las comunidades locales y actores clave, ofrecen una visión integral de cómo este proyecto no solo cumple con los objetivos inmediatos, sino que, además, sienta las bases para contribuciones de largo alcance en términos de sostenibilidad, gestión ambiental y desarrollo regional.;"Servicio de apoyo financiero a programas y proyectos de Ciencia, Tecnología e Innovación (CTI) para la generación de conocimiento, desarrollo tecnológico e innovación. (I+D+i) Programas y proyectos financiados 1
Servicios de apoyo financiero para programas y proyectos de CTI que promueven la innovación, la transferencia tecnológica y el emprendimiento Programas y proyectos financiados 1
Servicio de apropiación social del conocimiento Estrategias de apropiación realizadas 1";99,61%;0,08%;0,00%;100,00%;0,06%;0,06%;0,00%;0,18%
2024;Propuesta de Investigación Convocatoria;Seleccionada;34;Convocatoria de la asignación para ciencia, tecnología e innovación ambiental para el ordenamiento alrededor del agua, la justicia ambiental y la transformación productiva para la resolución de desafíos ambientales y desarrollo sostenible del país.;MinCiencias;Aliado;"CORPORACIÓN COLOMBIANA DE INVESTIGACIÓN AGROPECUARIA -AGROSAVIA
Corporación Autónoma Regional para la Defensa de la Meseta de Bucaramanga – CDMB
Corporación Autónoma Regional de Boyacá – CORPOBOYACA
Universidad de Santander – UDES
Universidad Industrial de Santander – UIS
Universidad Nacional Abierta y a Distancia – UNAD
Instituto Amazónico de Investigaciones Científicas - SINCHI
Productores Asociados de Cebolla Larga y Otras Hortalizas en Producción Más Limpia del Municipio de Aquitania - Asoparcela
Asociación de Productores Nacionales de Cebolla Larga – Pronacela
Fundación Defensa y Salvación del Humedal Lago de Tota
Cámara de Comercio de Bucaramanga";N/A;36;Uso y Conservación de la Diversidad Forestal; $ 40.226.227.382 ; $ -   ; $ 29.522.135.645 ; $ 10.704.091.737 ; $ 29.522.135.645,00 ; $ -   ; $ 38.399.263 ; $ -   ; $ 9.373.142.933 ; $ -   ; $ 1.268.800.000 ; $ -   ; $ 4.499.913 ; $ -   ; $ 19.249.628 ;"*Aportes al cumplimiento del marco legal asociado a reconversión productiva en ecosistemas de páramo.
-Aportes a la producción sostenible en Amazonia, Catatumbo y Área de manejo especial La Macarena
-Aportes al manejo de conflictos socioambientales históricos en el país.
-Consolidación de una propuesta metodológica de reconversión productiva en los sistemas productivos predominantes en los páramos Doña Juana, Tota-Bijagual y Santurbán.
-Aportes a la diversificación productiva a través de huertas caseras y actividad apícola en ecosistemas de páramos.
-Fortalecimiento de la integración institucional y sectorial en seis departamentos del país.
-Fortalecimiento de capacidades en “conservar- produciendo” en productores y técnicos en páramo, bosque húmedo tropical.
- Integración de las dimensiones productiva y ambiental en ecosistemas estratégicos.
-Integración de medidas de restauración ecosistémica y adaptación a los impactos del cambio climático en ecosistemas estratégicos.
-Integración del análisis de sostenibilidad a partir de indicadores evaluados en varios momentos del sistema productivo.
-Integración del componente de mercado para la comercialización de productos orientados a la sostenibilidad.";"Documento técnico con la línea base socioecológica de los territorios priorizados que incluye:
-Caracterización de la dinámica socioecológica.
-Identificación y evaluación de medidas de mitigación, adaptación y gestión del riesgo climático.
-Evaluación del impacto de las medidas de restauración.
PRODUCTO 2.
Documento técnico con el diseño e implementación de estrategias de manejo sostenible que incluye:
-Valoración económica e integral de servicios ecosistémicos en diferentes escenarios de conservación y uso.
-Bioeconomía y encadenamientos productivos sostenibles.
-Articulación de eslabones en la cadena productiva sostenible.
PRODUCTO 3.
Documento técnico con el diseño e implementación de estrategias para el fortalecimiento de capacidades locales, regionales y nacionales en conservar - produciendo que incluye:
-Estrategia de fortalecimiento de capacidades locales en restauración y producción sostenible
-Estrategia de fortalecimiento de capacidades en servicios ecosistémicos, bioeconomía y reconversión productiva.";73,39%;0,10%;0,00%;100,00%;23,30%;3,15%;0,01%;0,05%
2024;Propuesta de Investigación Convocatoria;No Avalada;34;Convocatoria de la asignación para ciencia, tecnología e innovación ambiental para el ordenamiento alrededor del agua, la justicia ambiental y la transformación productiva para la resolución de desafíos ambientales y desarrollo sostenible del país.;MinCiencias;Aliado;Universidad Nacional de Colombia, Instituto Nacional de Metrología, Corporación Autónoma Regional de Caldas – Corpocaldas, Corporación Autónoma Regional de Orinoquia – Corporionoquia, Instituto Geográfico Agustín Codazzi, Instituto de Investigaciones Ambientales del Pacífico John Von Neumann, SELPER Colombia;N/A;36;NIDE; $ 45.800.098.901 ; $ -   ; $ 40.000.000.000 ; $ 5.800.098.901 ; $ 40.000.000.000,36 ; $ -   ; $ 343.746.750 ; $ -   ; $ 1.055.704.176 ; $ -   ; $ 867.927.922 ; $ -   ; $ 104.732.856 ; $ -   ; $ 3.427.987.197 ;"Municipios ubicados en los ecosistemas estratégicos  intervenidos	12 Municipios	
Personas con conocimiento y formación sobre desarrollo sostenible en ecosistemas estratégicos	5.593 personas	
Departamentos apoyados en estrategias para intervención de ciencia y tecnología para el cuidado y recuperación de los ecosistemas estratégicos	4 Departamentos	";"*Servicio de apoyo financiero a programas y proyectos de Ciencia, Tecnología e Innovación (CTI) para la generación de conocimiento, desarrollo tecnológico e innovación. (I+D+i) 6 (uno por región). Proyectos que relacionen los datos de las fuentes subterráneas con los fenómenos climáticos y ambientales
*Documentos de investigación 6 artículos 1 documento diagnóstico nacional
* Servicio de apoyo financiero para programas y proyectos de infraestructura científica y tecnológica Laboratorios fortalecidos, softwares especializados 
* Servicios de apoyo para entrenamiento especializado en  I+D+i
* Servicio de apropiación social del conocimiento 4 cursos
* Servicio de apoyo financiero de estancias de investigación 4 estrategias necesarias para la sensibilización, socialización y apropiación social del conocimiento 
* Servicio de apoyo financiero de estancias de investigación 4 estancias";87,34%;0,75%;0,00%;100,00%;2,31%;1,90%;0,23%;7,48%
2024;Propuesta de Investigación Convocatoria;Seleccionada;35;CONVOCATORIA PARA LA ASIGNACIÓN DE CIENCIA, TECNOLOGÍA E INNOVACIÓN DEL SISTEMA GENERAL DE REGALÍAS PARA LA FORMACIÓN DE CAPITAL HUMANO DE ALTO NIVEL PARA LAS REGIONES;MinCiencias;Aliado;"Nombre de la entidad proponente: Agencia Distrital para la Educación Superior, la Ciencia y la Tecnología 
Nombre de la entidad aliada 1: Universidad Nacional de Colombia.
Nombre de la entidad aliada 2: Pontificia Universidad Javeriana. 
Nombre de la entidad aliada 4: Fundación Universidad de Bogotá Jorge Tadeo Lozano.
Nombre de la entidad aliada 5: Universidad el Bosque.
Nombre de la entidad aliada 6: Universidad de la Sabana.
Nombre de la entidad aliada 7: Universidad de los Andes.";N/A;96;Varios; $ 44.136.135.204 ; $ -   ; $ 40.850.348.587 ; $ 10.455.504.292 ; $ 32.400.000.000,00 ; $ -   ; $ 2.019.955.437 ; $ 373.772.000 ; $ 7.543.489.676 ; $ 302.516.121 ; $ 22.000.000 ; $ 286.000.000 ; $ 507.816.408 ; $ 318.342.791 ; $ 362.242.771 ;"•	81 becas de nivel doctoral otorgadas, que contribuya al fortalecimiento de los programas doctorales del país, al incremento de producción científica y al conocimiento disponible para aportar a sectores claves del sector productivo nacional y regional. Además, producir y aplicar conocimiento pertinente como factor estratégico para el desarrollo sostenible y el bienestar equitativo de Bogotá y Cundinamarca.
•	1 documento de estrategia de posicionamiento y articulación interinstitucional implementados, que contribuya a la generación y consolidación de sinergias entre actores y potencialice los resultados para mejorar el impacto de los proyectos que se ejecutan en la Ciudad - Región.
•	1 estrategia de divulgación y comunicación con enfoque en ciencia, tecnología y sociedad implementadas, que contribuyan a la divulgación, uso y aplicación del conocimiento científico para la democratización de la ciencia, tecnología e innovación que impacte el bienestar de las personas y comunidades, aportando a la visión de desarrollo de Bogotá y Cundinamarca.";"Servicio de apoyo financiero para la formación de nivel doctoral-Becas de nivel doctoral otorgadas 81
Documentos metodológicos Documentos de estrategias de posicionamiento y articulación interinstitucional implementados 1
Servicios de comunicación con enfoque en Ciencia Tecnología y Sociedad Estrategias de comunicación con enfoque en ciencia, tecnología y sociedad implementadas 1";73,41%;4,58%;0,00%;100,00%;17,94%;0,74%;1,80%;1,54%
2024;Propuesta de Investigación Convocatoria;No Avalada;35;CONVOCATORIA PARA LA ASIGNACIÓN DE CIENCIA, TECNOLOGÍA E INNOVACIÓN DEL SISTEMA GENERAL DE REGALÍAS PARA LA FORMACIÓN DE CAPITAL HUMANO DE ALTO NIVEL PARA LAS REGIONES;MinCiencias;Ejecutor;"Universidad Nacional de Colombia-Bogotá
Universidad Militar Nueva Granada";N/A;96;Varios; $ 40.608.210.288 ; $ -   ; $ 32.400.000.000 ; $ 8.208.210.288 ; $ 32.400.000.000,00 ; $ -   ; $ 3.522.798.312 ; $ -   ; $ 2.033.611.976 ; $ -   ; $ 2.651.800.000 ; $ -   ; $ -   ; $ -   ; $ -   ;0;"Servicio de apoyo financiero para la formación de nivel doctoral	Número de becas
Servicio de apoyo financiero a programas y proyectos de Ciencia, Tecnología e Innovación (CTI) para la generación de conocimiento, desarrollo tecnológico e innovación. (I+D+i)	Número de programas y proyectos
Servicio de apoyo financiero de estancias de investigación	Número de estancias
Servicio de apropiación social del conocimiento	Número de estrategias";79,79%;8,68%;0,00%;100,00%;5,01%;6,53%;0,00%;0,00%
2024;Propuesta de Investigación Convocatoria;No Avalada;39;CONVOCATORIA DE LA ASIGNACIÓN PARA LA CIENCIA, TECNOLOGÍA E INNOVACIÓN DEL SISTEMA GENERAL DE REGALÍAS PARA LA CONFORMACIÓN DE UN LISTADO DE PROYECTOS ELEGIBLES QUE CONTRIBUYAN A LA ERRADICACIÓN DE LA VIOLENCIA PARA LA CONSTRUCCIÓN DE SOCIEDADES MÁS SEGURAS, JUSTAS Y EQUITATIVAS DE LA POBLACIÓN EN EL TERRITORIO NACIONAL EN EL MARCO DEL RETO 5 DEL PLAN BIENAL DE CONVOCATORIAS 2023-2024 “PONER FIN A TODAS LAS FORMAS DE VIOLENCIA”;MinCiencias;Aliado;"Nombre entidad proponente: Pontificia Universidad Javeriana (Bogotá).
Nombre de la entidad aliada No. 1: CINEP/PPP
Nombre de la entidad aliada No. 2: UPTC, Tunja.
Nombre de la entidad aliada No. 3: Universidad Francisco de Paula Santander.";N/A;36;Educación, comunicación y cultura; $ 23.188.831.731 ; $ -   ; $ 19.339.889.314 ; $ 3.848.942.417 ; $ 19.339.889.313,88 ; $ -   ; $ 112.800.000 ; $ -   ; $ 69.600.000 ; $ -   ; $ 3.596.942.417 ; $ -   ; $ 69.600.000 ; $ -   ; $ -   ;"Resultado 01: 
Contribuir al mejoramiento de las condiciones materiales para la paz, la autonomía comunitaria y la resignificación de las relaciones con el territorio.
Resultado 02:
Fortalecimiento de la participación ciudadana e inclusión de diferentes actores del territorio, disminuyendo las brechas sociales y la marginación de las zonas rururbanas. 
Resultado 03: 
Apropiación social de conocimiento y adhesión a prácticas del cuidado que permiten la prevención de las violencias a través de una cultura del cuidado y la adopción de mecanismos alternativos para la resolución de conflictos.
";"Talleres colaborativos para la construcción de una memoria sobre prácticas agrícolas realizadas	Número: 11
Documento de modelos de innovación y cualificación agrícolas implementados.	Número: 11
Estrategias de apropiación implementadas	Número: 11
Talleres colaborativos para la construcción de una memoria sobre prácticas organizacionales y comunicativas.	Número: 11
Documento de modelos comunicativo y organizacional.	Número: 11
Estrategias de apropiación implementadas	Número: 17
Talleres colaborativos para la construcción de una memoria sobre prácticas de cultura de paz y resolución de conflictos.	Número: 17
Documento de modelos de cultura de paz y resolución de conflictos	Número: 17
Estrategias de apropiación implementadas	Número: 17";83,40%;0,49%;0,00%;100,00%;0,30%;15,51%;0,30%;0,00%
2024;Propuesta de Investigación Convocatoria;Seleccionada;40;Convocatoria de la asignación para la ciencia, tecnología e innovación del sistema general de regalías para la conformación de un listado de proyectos orientados al desarrollo de ecosistemas de investigación e innovación para la transición energética justa, en el marco del reto 3 del plan bienal de convocatorias 2023 – 2024 “asegurar la generación, acceso y uso de energías sostenibles para todos;MinCiencias;Ejecutor;"Nombre de la entidad aliada No. 1: Corporación Unificada Minuto de Dios
Nombre de la entidad aliada No. 2: Gobernación del Vichada
Nombre de la entidad aliada No. 3: Corporación Innprende
Nombre de la entidad aliada No. 4: RED ADELCO - ADEL ARIARI (Meta)
Nombre de la entidad aliada No. 5: Guada Holding
Nombre de la entidad aliada No. 6: Neptura";N/A;36;LIFAE, GESETIC; $ 18.713.651.561 ; $ -   ; $ 17.773.812.841 ; $ 939.838.720 ; $ 17.773.812.841,00 ; $ -   ; $ 371.051.520 ; $ -   ; $ 5.196.800 ; $ -   ; $ 10.393.600 ; $ -   ; $ 5.196.800 ; $ -   ; $ 548.000.000 ;"Implementación de Estrategia para Vinculación de Talento Humano
2. Evaluación del Potencial Hidrocinético de los Ríos
3. Caracterización de Dinámicas Socio-Culturales
4. Establecimiento de Requisitos y Restricciones para la Construcción de Sistemas de Generación
5. Diseño de la Solución y Validación en Entornos Simulados
1. Validación en entorno operativo
2. Revisión de requisitos para generar el producto final
3. Ajuste del prototipo de generación a filo de agua
4. Fabricación del prototipo de generación a filo de agua
5. Instalación y monitoreo
1. Caracterización de capacidades de Apropiación Social de Conocimiento (ASC) en el territorio
2. Cocreación e implementación de la ruta formativa de capacidades en ASC
3. Diseño e implementación de metodologías de ASC
4. Divulgación de procesos metodológicos de ASC
5. Definición de productos de ASC y divulgación pública de la ciencia
6. Sistematización del proceso de experiencias, saberes y conocimientos";"Documentos de investigación elaborados Número 12
Prototipos desarrollados Número 1
Estrategias de apropiación realizadas Número 1
";94,98%;1,98%;0,00%;100,00%;0,03%;0,06%;0,03%;2,93%
2024;Propuesta de Investigación Convocatoria;En tramite;40;Convocatoria de la asignación para la ciencia, tecnología e innovación del sistema general de regalías para la conformación de un listado de proyectos orientados al desarrollo de ecosistemas de investigación e innovación para la transición energética justa, en el marco del reto 3 del plan bienal de convocatorias 2023 – 2024 “asegurar la generación, acceso y uso de energías sostenibles para todos;MinCiencias;Ejecutor;"Nombre de la entidad aliada No. 1: CORPORACIÓN UNIVERSITARIA MINUTO DE DIOS
Nombre de la entidad aliada No. 2: NEPTURA
Nombre de la entidad aliada No. 3: NODRIZA
Nombre de la entidad aliada No. 4: ASOPATIA
Nombre de la entidad aliada No. 5: CORPORACION CHOCO VISIBLE
Nombre de la entidad aliada No. 6: ALCADIA DE MERCADERES
Nombre de la entidad aliada No. 7: ALCALDÍA DE BOLIVAR";N/A;36;LIFAE, GESETIC; $ 18.436.679.497 ; $ -   ; $ 17.502.037.577 ; $ 934.641.920 ; $ 17.502.037.577,00 ; $ -   ; $ 371.051.520 ; $ -   ; $ 192.000.000 ; $ -   ; $ 5.196.800 ; $ -   ; $ 2.598.400 ; $ -   ; $ 363.795.200 ;"Seis jóvenes investigadores e innovadores vinculados al proyecto.
Cuatro estudiantes de maestría y tres doctores en estancia postdoctoral vinculados al proyecto.
Publicación de artículos científicos y productos de apropiación social del conocimiento por parte de los participantes.
Transferencia tecnológica y conocimiento efectuada hacia las comunidades involucradas.
1 Informe técnico Características hidrográficas y de flujo de los ríos candidatos.
1 Informe técnico resultados de Modelado Hidrográfico y simulación de escenarios.
1 Informe técnico con las mejores ubicaciones para la generación de energía a filo de agua.
Informe sobre las dinámicas socio-culturales de la región, su alineación con los ODS
Informe de demanda actual en temas de energía eléctrica y proyección futura de la demanda.
Informe de Requisitos y Restricciones de sistemas de generación de energía eléctrica a filo de agua.
Informe Evaluación de aspectos técnicos y socioeconómicos para selección de la solución.
Informe Análisis comparativo de iniciativas previas con recomendaciones para el proyecto.
Informe Pruebas en Entornos Simulados.

Informes trimestrales y finales de progreso del proyecto.
Reportes financieros detallados.
Actas de reuniones del comité de seguimiento.
Documentación de cualquier ajuste o medida correctiva implementada.
Sistema de generación eléctrica validado y ajustado, listo para la implementación en entorno operativo.
Diseños revisados y producto final definido.
Diseño detallado y documentado del sistema.
Sistema fabricado y en funcionamiento en territorio.
Sistema instalado, operativo y monitoreado, con ajustes continuos para optimizar el rendimiento.
Métodos y herramientas participativas	 con enfoque diferencial e incluyentes definidos y validados para la caracterización de capacidades de ASC. 
Caracterización de capacidades en ASC realizada en el territorio, implementando las herramientas cualitativas y cuantitativas seleccionadas.
Ruta formativa de capacidades	 en Apropiación Social de Conocimiento (ASC) cocreada, con contenidos y materiales definidos.
Implementación de la ruta formativa de capacidades en ASC completada, con los beneficiarios capacitados en los siete (7) cursos temáticos.
Beneficiarios capacitados en la gestión, producción y aplicabilidad de la CTeI en sus territorios, con enfoque diferencial e incluyente.
Metodologías		de Apropiación Social del Conocimiento	(ASC) diseñadas y acordadas con los actores de la alianza

Implementación de las metodologías de ASC, con participación activa de los beneficiarios
Beneficiarios capacitados y participativos en procesos de transformación territorial a	través de las metodologías implementadas
Productos multimedia creados por los beneficiarios que narran y visibilizan los procesos de Apropiación Social del Conocimiento (ASC).
Mensajes y contenidos sobre los procesos de ASC difundidos a través de los canales más utilizados en los territorios, tanto digitales	como analógicos.
Campañas	de sensibilización	y divulgación realizadas en espacios comunitarios tradicionales, utilizando medios artísticos como teatro y música, para impulsar la ASC en los territorios.
Beneficiarios capacitados en creación de contenido para la divulgación de los procesos   de   ASC mediante	sesiones presenciales con expertos
Documento que evidencia el resultado del proceso de ASC en el territorio
Capítulos de libro sobre la ASC con los beneficiarios
Participación en eventos científicos, artísticos o ferias de ASC
Integración en redes de conocimiento especializadas en ASC
Narrativa transmedia de la sistematización del proyecto
Plataforma web como repositorio de experiencias
Campañas en redes sociales y medios comunitarios
Evaluación de impacto a través de pruebas de salida
Documentación de lecciones aprendidas y reflexiones colectivas
";"Documentos de investigación elaborados Número 12
Prototipos desarrollados Número 1
Estrategias apropiación realizadas Número 1";94,93%;2,01%;0,00%;100,00%;1,04%;0,03%;0,01%;1,97%
2024;Propuesta de Investigación Convocatoria;No Avalada;40;Convocatoria de la asignación para la ciencia, tecnología e innovación del sistema general de regalías para la conformación de un listado de proyectos orientados al desarrollo de ecosistemas de investigación e innovación para la transición energética justa, en el marco del reto 3 del plan bienal de convocatorias 2023 – 2024 “asegurar la generación, acceso y uso de energías sostenibles para todos;MinCiencias;Ejecutor;"Nombre de la entidad aliada No. 1: CORPORACIÓN UNIVERSITARIA MINUTO DE DIOS UNIMINUTO
Nombre de la entidad aliada No. 2: UNICAUCA - Grupo de investigación en ingeniería de productos y procesos agroindustriales. GIPA - UNICAUCA
Nombre de la entidad aliada No. 3: NEPTURA ZOMAC SAS
Nombre de la entidad aliada No. 4: GUADA HOLDING SAS
Nombre de la entidad aliada No. 5: BIOMASNEST S.A.S
Nombre de la entidad aliada No. 6: ECOSIMPLE
Nombre de la entidad aliada No. 7: Alcaldía de Acandí - Departamento del Chocó
Nombre de la entidad aliada No. 8: Asociación ASOGRUPOS - Departamento del Cauca, La Sierra
Nombre de la entidad aliada No. 9: Asociación Agroplatanos - Departamento del Cauca, Santander de Quilichao
Nombre de la entidad aliada No. 10: Asociación víctimas AGROMUJER - Departamento de Nariño, Corregimiento Tunja Grande, en la ciudad de La Florida
";N/A;36;GCEM, LIFAE; $ 18.805.483.401 ; $ -   ; $ 17.773.812.841 ; $ 1.031.670.560 ; $ 17.773.812.841,00 ; $ -   ; $ 275.170.560 ; $ -   ; $ 96.000.000 ; $ -   ; $ 54.000.000 ; $ -   ; $ 100.000.000 ; $ -   ; $ 506.500.000 ;"Caracterización y formulación de biopellets: El proyecto logrará una caracterización detallada de las biomasas seleccionadas para la producción de biopellets, con al menos cinco formulaciones específicas basadas en la biomasa residual disponible en el territorio. Este resultado es esencial para definir las condiciones óptimas de operación para cada tecnología, permitiendo adaptarlas a las características específicas de cada territorio, lo que es crucial para alcanzar los objetivos del proyecto.
Prototipado e implementación de tecnología: Se desarrollará un prototipo de quemador de biopellets y se implementará su uso junto con los biopellets en ambientes relevantes, tanto domésticos como comerciales. Además, se optimizarán dos formulaciones de biopellets y un prototipo de quemador. Este resultado es clave para la implementación de plantas piloto de energía no convencional, asegurando que las tecnologías sean efectivas y estén adaptadas a las necesidades locales.
Evaluaciones y análisis técnico-económico: Se llevará a cabo una evaluación técnico-económica de los productos desarrollados, un análisis de vigilancia tecnológica en regulación para biopellets, y se definirá un conjunto de estándares de calidad aplicables. También se realizará un análisis de oportunidades en comunidades rurales del departamento de Nariño y Chocó. Estos análisis son fundamentales para garantizar la sostenibilidad del modelo de negocio propuesto y asegurar que
las tecnologías desarrolladas cumplan con los estándares y regulaciones necesarios.
Transferencia de conocimiento y formación: El proyecto incluirá al menos dos capacitaciones dirigidas a las comunidades para la apropiación social de la tecnología, y se vincularán a tres doctores en estancias postdoctorales, tres estudiantes de maestría y seis jóvenes investigadores. La formación y transferencia de conocimiento son cruciales para
promover la apropiación social del conocimiento sobre energías alternativas, asegurando la sostenibilidad a largo plazo del proyecto.
Implementación y validación: Se implementarán al menos tres sistemas de biopellets en ambientes relevantes, y se desarrollará una estrategia de validación precomercial y una valoración económica de la tecnología en uso. La implementación de estos sistemas es directamente relevante para el objetivo de desarrollar un modelo de negocio de generación de energía no convencional, sostenible, eficiente y asequible para comunidades de la región pacífica.";"Documentos de investigación 3
Servicio de apoyo para la generación de prototipos de materiales, productos o dispositivos. 3
Documentos de política: Documentos de planeación. 3
Servicio de apropiación social del conocimiento: 3
Servicio de Asistencia Técnica 5
Servicio de apoyo financiero para el fortalecimiento de las vocaciones científicas en CTI: 4
Servicio de apoyo financiero para la formación de maestría ya sea nacional o en el exterior, en la modalidad de investigación 2
Servicio de apoyo financiero de estancias de investigación 3";94,51%;1,46%;0,00%;100,00%;0,51%;0,29%;0,53%;2,69%
2024;Propuesta de Investigación Convocatoria;No Avalada;41;Convocatoria de asignación para la ciencia, tecnología e innovación del sistema general de regalías para la conformación de un listado de proyectos elegibles que contribuyan a la creación de conocimiento, desarrollo de tecnología e investigación apropiada en productividad agrícola y agroecología, implementada por productores como agricultores campesinos, familiares, étnicos y comunitarios -acfec- u otras formas de producción sostenibles en el marco del reto dos del plan bienal de convocatorias 2023 – 2024 “garantizar la soberanía alimentaria y el derecho a la alimentación. ;MinCiencias;Ejecutor;"Nombre de la entidad aliada No. 1: UNIMINUTO
o Nombre de la entidad aliada No. 2: RED ADELCO
o Nombre de la entidad aliada No. 3: TECNALIA
o Nombre de la entidad aliada No. 4: NODRIZA
o Nombre de la entidad aliada No. 5: INSTITUTO TECNOLÓGICO DE PUTUMAYO – ITP
o Nombre de la entidad aliada No. 6: MAKERSI
o Nombre de la entidad aliada No. 7: GOBERNACIÓN DEL TOLIMA";N/A;36;GEIT; $ 19.204.045.168 ; $ -   ; $ 18.182.206.448 ; $ 1.021.838.720 ; $ 18.182.206.448,00 ; $ -   ; $ 371.051.520 ; $ -   ; $ 96.000.000 ; $ -   ; $ 178.000.000 ; $ -   ; $ 178.000.000 ; $ -   ; $ 198.787.200 ;"OE1: Implementar Acciones de Generación de Nuevo Conocimiento Científico en Sistemas Intensivos de Producción
Acuícola y Agroindustrial
- 50 análisis físico-químicos, bromatológicos, microbiológicos o sensoriales realizados.
- Publicación de 2 artículos científicos Tipo TOP.
- 2 talleres de difusión de resultados realizados.
- 2 socialización de resultados en congresos internacionales.
- 10 prototipos de Bioproductos de alto valor agregado creados.
- 10 pruebas de mercado realizadas.
- 2 patentes solicitadas en la oficina de la SIC.
- 3 proyectos piloto de manejo de biomasa residual implementados.
- Producción de 2000 kg de compost.
- Generación de 500 m³ de biogás.
- Un (1) articulo científico generado en la temática de Aplicación de tecnologías en la conversión de residuos para la
generación de materias primas y subproductos
- Incremento en la capacidad de investigación en temas agroindustriales en las comunidades ACFEC.
- Mejora en la transferencia de conocimientos y tecnologías hacia las comunidades.
- Fortalecimiento de las redes de colaboración entre la academia, las comunidades y el sector acuícola.
- Vinculación de 6 Jóvenes investigadores en calidad de estudiante de pregrado y profesional recién graduado
- Vinculación de 2 estudiantes de maestría en calidad de investigador
- Vinculación de un doctor(a) en calidad de estancia postdoctoral
- Artículos Científicos Producto de los Jóvenes Investigadores: Un artículo en autoría o coautoría en formato de revista
indexada con parámetros para ser sometido en una revista categorías A1, A2, B o C, o su homologación de categoría
OE2: Generar desarrollo tecnológico e innovación en las cadenas productivas acuícolas.
- Documento de Variables Identificadas para la caracterización
- Caracterización de las Dinámicas Socio-Culturales y Prácticas Ambientales elaborada
- Informe de caracterización socio-cultural y ambiental de la biomasa residual en asociaciones ACFEC.
- Recomendaciones para la adaptación de tecnologías basadas en los resultados del estudio.
- Documentación de las prácticas actuales de manejo de biomasa residual y sus impactos socio-culturales.
- Un (1) Articulo científico generado – Temática asociada: recopilación de saberes ancestrales en torno al uso y
aprovechamiento de la biomasa residual acuícola, una perspectiva desde la sostenibilidad
- Documento de especificaciones técnicas y socio-económicas para la adaptación de tecnologías en las ACFEC.
- Plan de implementación tecnológica detallado y adaptado a las necesidades locales.
- Talleres participativos realizados con las asociaciones de productores, con actas y registros de las discusiones.
- Prototipos de tecnologías validadas bajo condiciones reales de operación.
- Sistemas de alimentación energética eficiente instalados.
- Informe técnico de desempeño y recomendaciones para la optimización de las tecnologías.
- Informes de Transferencia tecnológica a productores
- Registros de capacitación inicial de productores en el uso y mantenimiento de las tecnologías. y manuales de
operación.
- 30 productores capacitados.
- 10 soluciones tecnológicas implementadas y operativas
- Sistema de Monitoreo en Tiempo Real Establecido
- Sistema Validado para Despliegue Comercial
- Una planta piloto modular de producción acuícola
- 5 diseños industriales: Cinco (5) Productos Tipo A
o Módulo A: Laboratorio Acuícola – Producción de Alevinos
o Módulo B. Producción 1
o Módulo C. Producción 2
o Módulo D. Hidropónico
o Modulo E. Agroindustrial – Transformación
- Modelos de Negocio y Estrategias Comerciales Definidos
- Plataforma de comercio digital desarrollada y lanzada.
- Empaques adecuados desarrollados y distribuidos.
- Capacitaciones y talleres de estrategia comercial realizadas
-
OE3: Desarrollar estrategias de involucramiento comunitario, divulgación pública de la ciencia y ASC de nuevas
tecnologías en la cadena agroindustrial acuícola.
- Estrategia de apropiación con escenarios de colaboración, involucramiento y de información y consulta
- Webinar “Apropiando la comunidad en el conocimiento social” realizado
- Un artículo científico que documente el proceso de ASC, publicado en revistas especializadas.
o Procesos de ASC para fortalecimiento de cadenas productivas
- Implementación de la ruta formativa
- Metodologías y herramientas de ASC diseñadas
- Campañas de divulgación multiplataforma implementadas
- Estrategia transmedia diseñada y desarrollada
- Plataforma web desarrollada
- Redes de innovación local establecidas
- Jóvenes investigadores formados.
- Estrategia de Movilidad implementada
- Misión Internacional realizada";"*Productos de generación de nuevo conocimiento generados
o Dos (2) Artículos De Investigación Tipo TOP Alto Valor Agregado
§ Prácticas de disposición de biomasa residual desde el punto de vista de impacto ambiental, y cómo afecta a las comunidades
o Generación de Bioproductos: de 5 a 10 unidades, los cuales son producto de los procesos de bioprospección a partir de la biomasa residual acuícola.
- Productos de desarrollo tecnológico e innovación generados
Cinco (5) diseños industriales: Cinco (5) Productos Tipo A
- Módulo A: Laboratorio Acuícola – Producción de Alevinos
- Módulo B. Producción 1
- Módulo C. Producción 2
- Módulo D. Hidropónico
- Modulo E. Agroindustrial – Transformación
- Productos de Apropiación social del conocimiento
o Estrategia de apropiación social del conocimiento con escenarios de colaboración, involucramiento, información y consulta
o Un artículo científico que documente el proceso de ASC, publicado en revistas especializadas.
o Procesos de ASC para fortalecimiento de cadenas productivas";94,68%;1,93%;0,00%;100,00%;0,50%;0,93%;0,93%;1,04%
2024;Propuesta de Investigación Convocatoria;No Avalada;41;Convocatoria de asignación para la ciencia, tecnología e innovación del sistema general de regalías para la conformación de un listado de proyectos elegibles que contribuyan a la creación de conocimiento, desarrollo de tecnología e investigación apropiada en productividad agrícola y agroecología, implementada por productores como agricultores campesinos, familiares, étnicos y comunitarios -acfec- u otras formas de producción sostenibles en el marco del reto dos del plan bienal de convocatorias 2023 – 2024 “garantizar la soberanía alimentaria y el derecho a la alimentación. ;MinCiencias;Ejecutor;"Red Nacional de Agencias de Desarrollo Local de Colombia - RedAdelco
NEPTURA ZOMAC S.A.S
Fundación Tecnalia Colombia
Instituto tecnológico del Putumayo - ITP
MAKERSI S.A.S
Gobernación del Caquetá
Corporación Universitaria Minuto de Dios – UNIMINUTO – Sede Centro Sur
Corporación Unificada Nacional de Educación Superior – CUN
NODRIZA PERU S.A.C";N/A;36;Interoperabilidad Tecnológica y Semántica; $ 19.343.332.368 ; $ -   ; $ 18.478.706.448 ; $ 864.625.920 ; $ 18.478.706.448 ; $ -   ; $ 371.051.520 ; $ -   ; $ 5.196.800 ; $ -   ; $ 10.393.600 ; $ -   ; $ 10.393.600 ; $ -   ; $ 467.590.400 ;"Objetivo Específico 1 (OE1): Implementar programas de generación y transferencia de conocimiento en procesos agroindustriales para agricultores.
Resultados Medibles y Cuantificables:
1. Publicación de 8 artículos científicos en revistas indexadas, incluyendo 2 de categoría TOP, que documentan innovaciones y avances en tecnologías agroindustriales aplicadas a las comunidades ACFEC.
2. Capacitación de 300 técnicos y agricultores en el uso de tecnologías agroindustriales modernas, asegurando que las innovaciones introducidas sean adoptadas y mantenidas de manera efectiva.
3. Desarrollo de 7 proyectos de investigación básica y/o aplicada, enfocados en la mejora de procesos agroindustriales y la incorporación de tecnologías sostenibles, con resultados transferidos directamente a las comunidades y actores del sector agropecuario.
4. Vinculación de 6 jóvenes investigadores en calidad de estudiantes de pregrado y profesionales recién graduados, 2 estudiantes de maestría y un doctor en estancia postdoctoral, para fortalecer la capacidad de investigación en agroindustria en las comunidades ACFEC.
5. Realización de 7 talleres de divulgación del conocimiento, para socializar los resultados de las investigaciones con las comunidades agrícolas y actores clave.
6. Misión Internacional: Misión tecnológica para 25 personas, con el objetivo de aprender y adoptar tecnologías innovadoras y prácticas avanzadas de otros contextos del nivel internacional en Brasil.
Impactos Relacionados:
• Corto Plazo: Mejora en la capacidad de innovación y adopción de tecnologías por parte de las comunidades ACFEC, resultando en un aumento de la productividad y calidad de sus productos agropecuarios. Generación de nuevo conocimiento científico que alimentará futuras investigaciones y prácticas en el sector agroindustrial.
• Mediano Plazo: Consolidación de una red de innovación y capacitación que fortalece el tejido productivo y social, facilitando la adopción continua de nuevas tecnologías y prácticas agroindustriales.
• Largo Plazo: Sostenibilidad y autosuficiencia en las comunidades, con un enfoque en la mejora continua y la innovación, lo que asegurará la permanencia de los beneficios del proyecto a largo plazo. El conocimiento generado y las tecnologías adoptadas contribuirán a un crecimiento económico sostenido y a la resiliencia de las comunidades ACFEC.
Objetivo Específico 2 (OE2): Incrementar el acceso a tecnologías modernas y maquinaria de procesamiento.
Resultados Medibles y Cuantificables:
1. 21 minifábricas agroindustriales automatizadas portátiles transferidas a asociaciones de comunidades de agricultura campesinas, familiar, étnica y comunitaria ACFEC.
2. 7 diseño industrial de las mini fábricas vinculadas al grupo de calidad A. Número de registro del diseño industrial, título de registro, nombre del titular, año de obtención, país de obtención, gaceta industrial de publicación.(Producto tipo A desarrollo tecnológico)
3. 7 plantas piloto fabricadas vinculadas al grupo con calidad.(Producto tipo A desarrollo tecnológico)
4. 7 prototipos industriales de productos agroindustriales de consumo vinculados al grupo de calidad de productos agroindustriales desarrollados, validados y registrado ante la Superintendencia de Industria y Comercio SIC. (prototipos industriales vinculados al grupo de calidad) (Producto tipo A desarrollo tecnológico)
5. 7 marcas con trámite de productos agroindustriales con Registro del Signo Distintivo
6. Implementación de 3 pilotos demostrativos de las mini fábricas móviles agroindustriales (show room).
7. Capacitación de 150 personas en el uso y mantenimiento de maquinaria agroindustrial, por la región.
8. Creación y distribución de 150 manuales de usuario con guías de mantenimiento.
9. Establecimiento de un servicio de soporte técnico para usuarios de la maquinaria.
Impactos Relacionados:
• Corto Plazo: Aumento inmediato en la capacidad productiva de las comunidades, mejorando la eficiencia y reduciendo costos gracias a la automatización de procesos en las mini fábricas. Mejora en la calidad y cantidad de productos procesados.
• Mediano Plazo: Los prototipos validados y las mini fábricas establecidas contribuyen a la expansión de las capacidades productivas, permitiendo a las comunidades competir en mercados más amplios y exigentes. La capacitación y el soporte técnico aseguran la sostenibilidad de las tecnologías implementadas.
• Largo Plazo: La capacidad instalada y la apropiación tecnológica permitirán la autosuficiencia y sostenibilidad de las actividades productivas, fortaleciendo la economía local y regional a largo plazo. Las comunidades se consolidarán como actores competitivos en la agroindustria nacional e internacional.
Objetivo Específico 3 (OE3): Desarrollar redes de colaboración e innovación en las comunidades agrícolas.
Resultados Medibles y Cuantificables:
1. Creación de una plataforma digital de colaboración e innovación, que conecte a agricultores, investigadores y empresas del sector agroindustrial.
2. Organización de 50 encuentros y talleres de innovación, que faciliten el intercambio de conocimientos y experiencias entre los actores clave.
3. Desarrollo de 20 proyectos colaborativos de I+D en agroindustria, con la participación activa de 15 instituciones educativas y centros de investigación.
4. Establecimiento de 5 comunidades agroalimentarias enfocadas en la innovación y sostenibilidad, promoviendo prácticas colaborativas en la producción y transformación de alimentos.
5. Documentación y diseminación de 15 casos de éxito en la implementación de prácticas agroalimentarias innovadoras.
Impactos Relacionados:
• Corto Plazo: Establecimiento de redes de colaboración e innovación que faciliten la transferencia de conocimiento y la implementación de prácticas agroindustriales avanzadas en las comunidades. Creación de una comunidad dinámica que impulse la innovación.
• Mediano Plazo: Fortalecimiento de la cohesión social y el empoderamiento de las comunidades ACFEC, creando un entorno favorable para la innovación y el desarrollo económico. Las comunidades agroalimentarias se consolidan como núcleos de innovación y sostenibilidad.
• Largo Plazo: Consolidación de una red robusta de actores clave en la región, que asegura la sostenibilidad del proyecto y la continuidad de las actividades innovadoras y productivas, contribuyendo a un desarrollo regional equilibrado y sostenible.";"● Obtención de productos de generación de nuevo conocimiento que genere la alianza:
6 artículos científicos en autoría o coautoría en formato de revista indexada con parámetros para ser sometido en una revista categorías A1, A2, B o C.
Publicación de 2 artículos científicos tipo TOP en revistas indexadas.
● Obtención de productos de desarrollo tecnológico e innovación que genere la alianza:
Diseños industriales de 7 mini fábricas vinculadas al grupo de calidad A, diseños industriales con número de registro del diseño industrial, título de registro, nombre del titular, año de obtención, país de obtención, gaceta industrial de publicación.(Producto tipo A desarrollo tecnológico) plantas piloto fabricadas vinculadas al grupo con
calidad.(Producto tipo A desarrollo tecnológico)
Siete (7) plantas piloto fabricadas vinculadas al grupo con calidad.(Producto tipo A desarrollo tecnológico)
Siete (7) prototipos industriales de productos agroindustriales de consumo, son prototipos industriales vinculados al grupo de calidad, estos prototipos de productos agroindustriales son desarrollados, validados y registrado ante la
Superintendencia de Industria y Comercio SIC. (prototipos industriales vinculados al grupo de calidad) (Producto tipo A desarrollo tecnológico)
Siete (7) marcas con trámite de productos agroindustriales con Registro del Signo Distintivo (producto no categorizado de desarrollo tecnológico)
● Obtención de productos de Apropiación social del conocimiento en el proyecto:
1. Proceso de Apropiación Social del Conocimiento bajo un Escenario de Colaboración
2. Proceso de Apropiación Social del Conocimiento bajo un Escenario de Involucramiento
3. Proceso de Apropiación Social del Conocimiento bajo un Escenario de Información y Consulta
● Inclusión de actividades, productos e indicadores que evidencian niveles de madurez tecnológica (Technology Readiness Level - TRL).
1. Consolidación De TRL 7 - Implementación de pilotos de la tecnología para la validación en entorno real de los Prototipos de mini plantas agroindustriales (TRL 7)
2. De TRL 7 a TRL 8 - Despliegue de las tecnologías para recopilar y analizar datos que permitan la producción en masa de las tecnologías (TRL 8)
3. De TRL 8 a TRL 9 - Evaluación y Optimización de Tecnologías para la validación comercial de la tecnología (TRL 9)";95,53%;1,92%;0,00%;100,00%;0,03%;0,05%;0,05%;2,42%
2024;Propuesta de Investigación Convocatoria;No Avalada;41;Convocatoria de asignación para la ciencia, tecnología e innovación del sistema general de regalías para la conformación de un listado de proyectos elegibles que contribuyan a la creación de conocimiento, desarrollo de tecnología e investigación apropiada en productividad agrícola y agroecología, implementada por productores como agricultores campesinos, familiares, étnicos y comunitarios -acfec- u otras formas de producción sostenibles en el marco del reto dos del plan bienal de convocatorias 2023 – 2024 “garantizar la soberanía alimentaria y el derecho a la alimentación. ;MinCiencias;Ejecutor;"1.UNIMINUTO
2.RED ADELCO
3.TECNALIA
4.NODRIZA
5.NEPTURA ZOMAC
6 GOBERNACIÓN DE VICHADA
7.CORPORACIÓN INNPRENDE";N/A;36;GEIT; $ 19.689.931.452 ; $ -   ; $ 18.668.092.732 ; $ 1.021.838.720 ; $ 18.668.092.732,00 ; $ -   ; $ 371.051.520 ; $ -   ; $ 5.196.800 ; $ -   ; $ 96.000.000 ; $ -   ; $ 178.000.000 ; $ -   ; $ 371.590.400 ;"El presente proyecto constituye un esfuerzo conjunto orientado hacia la generación de conocimiento, desarrollo tecnológico y la ASC en la región. En el transcurso de este proyecto, se despliega un enfoque en la investigación científica, la aplicación de tecnologías innovadoras y la construcción de puentes colaborativos entre la comunidad científica, las entidades gubernamentales y las comunidades locales. Los resultados planteados a lo largo del desarrollo del proyecto comprenden no solo los productos de generación de conocimiento y desarrollos tecnológicos, sino también anticipan los impactos significativos que se esperan a nivel nacional y regional. De esta manera, se abordan tanto los logros tangibles como las transformaciones esperadas en las dinámicas productivas, ambientales, sociales y tecnológicas de las áreas intervenidas.
La generación de nuevo conocimiento científico, las innovaciones tecnológicas a desarrollar y escalar de TRL7 a TRL9 y la participación activa de las comunidades locales y actores clave, ofrecen una visión integral de cómo este proyecto no solo cumple con los objetivos inmediatos, sino que, además, sienta las bases para contribuciones de largo alcance en términos de productividad, sostenibilidad y desarrollo regional.
El cumplimiento de los objetivos del proyecto se refleja en una serie de resultados medibles y cuantificables, que permiten evaluar su éxito y su impacto a corto, mediano y largo plazo en los departamentos beneficiados.";"Productos de generación de nuevo conocimiento generados
o Dos (2) Artículos De Investigación Tipo TOP
§ Innovaciones en la Transformación de Biomasa Acuícola: Prototipos de Productos de Alto Valor Agregado
§ Prácticas de disposición de biomasa residual desde el punto de vista de impacto ambiental, y cómo afecta a las comunidades
o Generación de Bioproductos: de 5 a 10 unidades, los cuales son producto de los procesos de bioprospección a partir de la biomasa residual acuícola.
• Productos de desarrollo tecnológico e innovación generados 
Cinco (5) diseños industriales: Cinco (5) Productos Tipo A
- Módulo A: Laboratorio Acuícola – Producción de Alevinos
- Módulo B. Producción 1
- Módulo C. Producción 2
- Módulo D. Hidropónico
- Modulo E. Agroindustrial – Transformación
• Productos de Apropiación social del conocimiento
o Estrategia de apropiación social del conocimiento con escenarios de colaboración, involucramiento, información y consulta
o Un artículo científico que documente el proceso de ASC, publicado en revistas especializadas.
o Procesos de ASC para fortalecimiento de cadenas productivas";94,81%;1,88%;0,00%;100,00%;0,03%;0,49%;0,90%;1,89%
2024;Propuesta de Investigación Convocatoria;No Avalada;41;Convocatoria de asignación para la ciencia, tecnología e innovación del sistema general de regalías para la conformación de un listado de proyectos elegibles que contribuyan a la creación de conocimiento, desarrollo de tecnología e investigación apropiada en productividad agrícola y agroecología, implementada por productores como agricultores campesinos, familiares, étnicos y comunitarios -acfec- u otras formas de producción sostenibles en el marco del reto dos del plan bienal de convocatorias 2023 – 2024 “garantizar la soberanía alimentaria y el derecho a la alimentación. ;MinCiencias;Ejecutor;"1.Red Nacional de Agencias de Desarrollo Local de Colombia - RedAdelco
2.NEPTURA ZOMAC S.A.S
3.Fundación Tecnalia Colombia
4.Instituto tecnológico del Putumayo - ITP
5.MAKERSI S.A.S
6.Gobernación del Caquetá
7.Corporación Universitaria Minuto de Dios – UNIMINUTO – Sede Centro Sur
8.Corporación Unificada Nacional de Educación Superior – CUN
9.NODRIZA PERU S.A.C";N/A;36;Interoperabilidad Tecnológica y Semántica; $ 19.349.521.852 ; $ -   ; $ 18.668.092.732 ; $ 681.429.120 ; $ 18.668.092.732,00 ; $ -   ; $ 371.051.520 ; $ -   ; $ 5.196.800 ; $ -   ; $ 5.196.800 ; $ -   ; $ 5.196.800 ; $ -   ; $ 294.787.200 ;"Generación de Conocimiento Científico:
Publicación de 8 artículos científicos, incluyendo 2 en revistas de alto impacto (TOP), que aporten nuevo conocimiento sobre procesos de transformación agroindustrial y fortalezcan la investigación en agroindustria dentro de las comunidades ACFEC.
Fortalecimiento de la Infraestructura Tecnológica: 
Desarrollo de 7 servicios tecnológicos especializados.
Desarrollo de un servicio tecnológico para la implementación de simuladores 3D (realidad virtual o realidad aumentada) aplicado a los equipos y procesos agroindustriales para el entrenamiento y apropiación social de la ciencia de los beneficiarios del proyecto (incluye transferencia de conocimiento y gafas de realidad virtual)
Capacitación y Transferencia de Conocimiento:
Formación de 35 miembros de la comunidad en el manejo de equipos y procesos agroindustriales, con la realización de 7 seminarios y 7 talleres para divulgar conocimientos aplicados en procesos agroindustriales.
Distribución de 1,000 manuales técnicos y guías prácticas a comunidades beneficiarias.
Implementación de un portal web educativo accesible que impacte a 210 personas, facilitando la transferencia de conocimiento y promoviendo la adopción de prácticas innovadoras en las comunidades ACFEC.
Misión tecnológica desarrollada para 25 personas, con el objetivo de aprender y adoptar tecnologías innovadoras y prácticas avanzadas de otros contextos del nivel internacional en Brasil.
Desarrollo de Capacidades Humanas:
Vinculación de 6 jóvenes investigadores, 2 estudiantes de maestría, y un doctor(a) en estancia postdoctoral, contribuyendo al incremento de la capacidad investigativa en agroindustria y fortaleciendo las redes de colaboración entre academia y comunidades.
Despliegue de Tecnología Innovadora: 
Transferencia de 21 minifábricas agroindustriales automatizadas portátiles a asociaciones de comunidades ACFEC, mejorando la capacidad de procesamiento y agregando valor a los productos agropecuarios en la región.
Registro y validación de 7 diseños industriales de minifábricas y 7 prototipos industriales de productos agroindustriales ante la Superintendencia de Industria y Comercio (SIC).
Optimización de Procesos Productivos: Fabricación de 7 plantas piloto vinculadas al grupo de calidad, con la implementación de 3 pilotos demostrativos de mini fábricas móviles
agroindustriales para evaluar y optimizar su desempeño en condiciones reales.
Capacitación Técnica y Sostenibilidad: Capacitación de 150 personas en el uso y mantenimiento de la maquinaria agroindustrial entregada, con la creación y distribución de 150
manuales de usuario para garantizar el correcto uso y la sostenibilidad de las tecnologías implementadas.
Establecimiento de un servicio de soporte técnico que asegure el mantenimiento continuo y la solución de problemas en las tecnologías transferidas.
Fomento de la Innovación y Colaboración: Creación de una plataforma de colaboración e innovación que facilite el networking y la cooperación entre agricultores, investigadores, y
empresas del sector agroindustrial, con la participación activa de al menos 150 miembros.
Organización de 50 encuentros y talleres de innovación que promuevan el intercambio de conocimientos y el desarrollo conjunto de soluciones innovadoras.
Desarrollo y Aplicación de Proyectos I+D: Inicio de 20 proyectos colaborativos de investigación y desarrollo (I+D) enfocados en la agroindustria, con la participación de al menos 5 instituciones educativas y centros de investigación.
Publicación de 10 informes y estudios de caso documentando los avances y resultados de estos proyectos, contribuyendo al desarrollo de soluciones tecnológicas aplicables a las comunidades agropecuarias.
Fortalecimiento de Capacidades Agroalimentarias: Establecimiento de 5 comunidades agroalimentarias enfocadas en la innovación y sostenibilidad, con la implementación de 30
talleres y eventos de formación en prácticas agroalimentarias colaborativas.
Documentación y diseminación de 15 casos de éxito de prácticas agroalimentarias innovadoras para inspirar y guiar a otras comunidades.
Apropiación Social del Conocimiento: Capacitación al 100% de los beneficiarios del proyecto en conceptos, metodologías y prácticas de Apropiación Social del Conocimiento (ASC), asegurando que al menos el 80% demuestre una mejora significativa en sus conocimientos y habilidades.
Diseño e implementación de 3 metodologías innovadoras de ASC, con al menos el 70% de los beneficiarios participando activamente.
Participación en al menos 2 eventos científicos o ferias de ASC, y la publicación de 1 libro y 2 capítulos en libros para documentar los resultados y diseminar el conocimiento generado.
Sistematización y difusión de experiencias y saberes a través de una plataforma colaborativa, una red de comunidades agroalimentarias, y una página web, alcanzando un público objetivo de al menos 1,000 personas.
Realización de una evaluación de impacto que muestre un incremento del 50% en la apropiación de la CTeI por parte de los beneficiarios.";"Obtención de productos de generación de nuevo conocimiento que genere la alianza:
6 artículos científicos en autoría o coautoría en formato de revista indexada con parámetros para ser sometido en una revista categorías A1, A2, B o C.
Publicación de 2 artículos científicos tipo TOP en revistas indexadas.
● Obtención de productos de desarrollo tecnológico e innovación que genere la alianza:
Diseños industriales de 7 mini fábricas vinculadas al grupo de calidad A, diseños industriales con número de registro del diseño industrial, título de registro, nombre del titular, año de obtención, país de obtención, gaceta industrial de publicación.(Producto tipo A desarrollo tecnológico) plantas piloto fabricadas vinculadas al grupo con calidad.(Producto tipo A desarrollo tecnológico)
Siete (7) plantas piloto fabricadas vinculadas al grupo con calidad.(Producto tipo A desarrollo tecnológico)
Siete (7) prototipos industriales de productos agroindustriales de consumo, son prototipos industriales vinculados al grupo de calidad, estos prototipos de productos agroindustriales son desarrollados, validados y registrado ante la Superintendencia de Industria y Comercio SIC. (prototipos industriales vinculados al grupo de calidad) (Producto tipo A desarrollo tecnológico)
Siete (7) marcas con trámite de productos agroindustriales con Registro del Signo Distintivo (producto no
categorizado de desarrollo tecnológico)
● Obtención de productos de Apropiación social del conocimiento en el proyecto:
Acción 1: Capacidades de Apropiación Social del Conocimiento (ASC) Tecnológico.
Acción 2: Metodologías de Apropiación Social del Conocimiento.
Acción 3: Investigación y generación de nuevo conocimiento de Apropiación Social del Conocimiento.
Acción 1: Caracterización de Capacidades de ASC en el Territorio.
Acción 2: Co-crear e implementar la ruta formativa de capacidades en ASC.
Acción 3: Implementar las metodologías de Apropiación Social del Conocimiento.
Acción 1: Divulgar los procesos metodológicos de Apropiación Social del Conocimiento.
Acción 2: Sistematizar el proceso de experiencias/saberes y conocimientos.
Acción 3: Definir productos de ASC y divulgación pública de la ciencia
";96,48%;1,92%;0,00%;100,00%;0,03%;0,03%;0,03%;1,52%
2024;Propuesta de Investigación Convocatoria;No Avalada;43;Convocatoria de la asignación para la ciencia, tecnología e innovación del sistema general de regalías para la conformación de un listado de proyectos elegibles para aprovechar el conocimiento, conservación y uso sostenible de la biodiversidad y los bienes y servicios ecosistémicos en el territorio nacional ;MinCiencias;Ejecutor;"Corporación Unificada nacional de Educación Superior – CUN
Asociación de Ganaderos de la Guajira -ASOGAGUA
Fundación Tecnalia Colombia
TECNNOVA
RED ADELCO
Gobernación de San Andrés y Providencia
Old Providence Harbour - San Andrés
Fundación Universitaria Cafam - UNICAFAM
Corporación Universitaria Minuto de Dios - UNIMINUTO
Alcaldía de San Andrés
Alcaldía de Providencia
Alcaldía de Bosconia
Alcaldía Puerto Libertador
Alcaldía Tierra Alta
Alcaldía Montelíbano
Guada Holding SAS
Neptura Zomac S.A.S
BIOMASNEST
CENIPALMA
Asociación de Parceleros Retornantes del Tesoro
Asociación Agropecuaria del Alto de San Jorge
ETIFORT";N/A;36;Proprobos, Didactec; $ 16.487.769.855 ; $ -   ; $ 15.649.898.098 ; $ 837.871.757 ; $ 15.649.898.098,00 ; $ -   ; $ 371.051.520 ; $ -   ; $ 10.393.600 ; $ -   ; $ 96.000.000 ; $ -   ; $ 599.631 ; $ -   ; $ 359.827.006 ;"Incremento en cada departamento de la región caribe, en la ponderación del índice de sostenibilidad ambientaldel IDC.
Fines indirectos
Adecuar la disposición de biomasa residual de la biodiversidad que genera impactos ambientales positivos.
Implementar desarrollo tecnológico y económico de las comunidades 
Incrementar la generación de ingresos por parte de las comunidades.
Fines directos
Mejorar el nivel de conocimiento y habilidades técnicas en las comunidades para implementar procesos de transformación agroindustrial de la biomasa residual.
Mejorar la capacidad de las comunidades para procesar y agregar valor a la biomasa residual de los ecosistemas.
Fortalecer la adopción de prácticas innovadoras agroindustriales en el procesamiento de biomasa residual de ecosistemas.";"Productos de nuevo conocimiento
6 artículos científicos en autoría o coautoría en formato de revista indexada con parámetros para ser sometido en una revista categorías A1, A2, B o C. y la Publicación de 2 artículos científicos tipo TOP en revistas indexadas.
Obtención de productos de apropiación social del conocimiento
Capacitar al 100% de los beneficiarios del proyecto en los conceptos, metodologías y prácticas de Apropiación Social del Conocimiento, asegurando que al menos el 80% de ellos demuestre una mejora significativa en sus conocimientos y habilidades relacionadas con la CTeI al final del proceso.
Diseñar e implementar al menos 3 metodologías innovadoras de Apropiación Social del Conocimiento, adaptadas a las necesidades y contextos específicos de las comunidades beneficiarias, y lograr que al menos el 70% de los beneficiarios participe activamente en estos procesos.
Generar y publicar al menos un libro y 2 capítulos en libros que documenten los resultados de los procesos de ASC, y asegurar la participación en al menos 2 eventos científicos o ferias de ASC para divulgar los hallazgos y conocimientos generados.
Impartir la ruta formativa en ASC a todos los beneficiarios, completando los 7 cursos temáticos diseñados, con una tasa de finalización del 90% entre los participantes.
Sistematizar y difundir las experiencias y saberes generados durante el proyecto a través de al menos una plataforma colaborativa, una red de comunidades agroalimentarias y una página Web, alcanzando a un público objetivo de al menos 1,000 personas.
Realizar una evaluación del impacto que muestre un incremento del 50% en la apropiación de la CTeI por parte de los beneficiarios, comparando las pruebas de entrada y salida, y publicar un informe de impacto que evidencie estos resultados.
Desarrollo tecnológico e Innovación en ecosistemas
10 Registro diseño industrial. Número de registro del diseño industrial, título de registro, nombre del titular, año de obtención, país de obtención, gaceta industrial de publicación.
5 Registro de la planta piloto
5 Registro del Signo Distintivo
5 Registro de prototipo industrial";94,92%;2,25%;0,00%;100,00%;0,06%;0,58%;0,00%;2,18%
2024;Propuesta de Investigación Convocatoria;Seleccionada;NA;Premios (grants) a la Investigación en Colaboración en Educación Superior;Consejo Superior Universitario CentroAmericano (CSUCA);Aliado;"Universidad de Costa Rica
Instituto de Investigaciones Forestales y Agropecuarias de Briloche";N/A;24;USO Y CONSERVACION DE LA DIVERSIDAD FORESTAL; $ 964.864.064 ; $ -   ; $ 725.690.304 ; $ 239.173.760 ; $ 637.235.904,00 ; $ -   ; $ 156.096.000 ; $ 88.454.400 ; $ 83.077.760 ; $ -   ; $ -   ; $ -   ; $ -   ; $ -   ; $ -   ;"Este proyecto comprende la importancia de generar impacto directo en la toma de
decisiones, lo que supone desde el inicio acciones que promuevan el valor público a través de
metodologías centradas en las personas vulnerables e inmersas en zonas boscosas de Argentina,
Colombia y Costa Rica. Desde el inicio, este proyecto buscará la participación activa e
involucramiento de instituciones públicas clave en la gestión del riesgo y de los recursos
forestales. Se busca comprender no solo el marco normativo en esta materia, sino identificar las
brechas y barreras existentes en la toma de decisiones a nivel nacional, regional y local. Para ello,
se buscará establecer alianzas estratégicas con estas entidades para asegurar una colaboración
constante, donde las temáticas abordadas y los productos generados sean funcionales y
aplicables a la realidad de cada país participante, especialmente en la generación de capacidades
de gestión de lo público.
Adicionalmente, a través del trabajo colaborativo se busca obtener resultados concretos
y de impacto, con recomendaciones reales y alcanzables en la gestión de los recursos forestales.
Esto se logrará a través de actividades como reuniones periódicas, presentaciones, construcción
y entrega de material informativo, sesiones informativas sobre políticas, sesiones de consulta y
construcción como talleres, entrevistas, encuestas, entre otros, donde la recolección y la
realimentación al proyecto serán esenciales.
El impacto previsto, requiere de una planificación de técnicas para la difusión de los
resultados. Así, se optimizará el flujo de información entre los socios del proyecto para garantizar
una comunicación eficiente. Los participantes recibirán actualizaciones periódicas y se tendrá
acceso abierto a los resultados a través de estrategias de apropiación social del conocimiento
basada en narrativas transmedia. Se co-crearán de videos cortos, fotografías y afiches que narren
cómo cada país maneja las SbN y cómo coinciden o difieren las visiones de riesgo y las prácticas
de manejo del territorio. Se organizarán exposiciones itinerantes y se utilizarán plataformas
sociales para divulgar los resultados del proyecto, fomentando el intercambio de experiencias
entre los actores de los tres países.
El proyecto también contará con un portal web que servirá como repositorio de recursos
y resultados del proyecto de forma abierta, así como un espacio para la interacción y
colaboración continua entre los actores involucrados. Este portal será una herramienta valiosa
que podrá ser utilizada por los tomadores de decisiones en cualquier momento.
Finalmente, este proyecto buscará la publicación de al menos un artículo académico en
una revista científica de acceso abierto, preferiblemente ruta diamante, asegurando que el
conocimiento generado esté disponible libremente. Se realizará al menos una reunión de
apertura con tomadores de decisión y dos devoluciones de avances del proyecto (parcial y final),
junto con la publicación periódica de videos, notas informativas y otros productos clave del
proyecto; todo esto con el fin de fomentar la replicabilidad de los resultados en todos los países
y continuar fortaleciendo la red.";"1) un análisis comprensivo sobre las percepciones de riesgo ante eventos extremo, CC y prácticas existentes de manejo de bosques y uso de los recursos forestales en los tres países
2) un artículo académico que analice las prácticas de manejo forestal exitosas en el contexto de SbN
3) Formación de ciudadanas/os, especialistas y funcionarias/os en SbN para la reducción del riesgo de desastres; e intercambio de experiencias y prácticas a nivel local
y regional, 
4) desarrollo de programas de mentoría e intercambio de conocimiento entre jóvenes,
5) Conjunto de prácticas de SbN co-creadas y consensuadas para el manejo forestal y gestión de eventos extremos
6) Prueba de concepto de co-gobernanza basada en el manejo forestal, orientada a mejorar la resiliencia de los socio-ecosistemas frente a eventos extremos y CC.";66,04%;16,18%;0,00%;100,00%;17,78%;0,00%;0,00%;0,00%
2024;Propuesta de Investigación Convocatoria;Seleccionada;NA;Darwin Initiative: Darwin Initiative Innovation;Sussex University;Ejecutor;"Sussex University
Coreducación";N/A;10;USO Y CONSERVACION DE LA DIVERSIDAD FORESTAL; $ -   ; $ -   ; $ -   ; $ -   ; $ -   ; $ -   ; $ -   ; $ -   ; $ -   ; $ -   ; $ -   ; $ -   ; $ -   ; $ -   ; $ -   ;"´- Collect new scientific data on the flammability and fire-induced germination of native plants, to inform the future restoration strategies
- Run a stakeholder analysis to determine the current perception of local authorities and farmers on wildfires, as the basis of our future fire-smart restoration strategy co-designed with farming communities
- Establish a new network focused on smart wildfire management and restoration across Colombia, engaging both the local community, NGOs and researchers";0;0,00%;0,00%;0,00%;0,00%;0,00%;0,00%;0,00%;0,00%
2024;Propuesta de Investigación Convocatoria;Seleccionada;NA;Convocatoria piloto para grupos de investigación Icfes 2024.;ICFES;Ejecutor;NA;N/A;5;Formación de Educadores; $ 49.500.000 ; $ -   ; $ 24.550.000 ; $ 24.950.000 ; $ 24.550.000,00 ; $ -   ; $ 24.950.000 ; $ -   ; $ -   ; $ -   ; $ -   ; $ -   ; $ -   ; $ -   ; $ -   ;"•	Construir el espacio social de los estudiantes que egresan de secundaria utilizando Saber11
•	Construir el espacio social de los estudiantes que egresan de las IES en Colombia utilizando SaberPRO
•	Analizar las diferencias en las condiciones objetivas existentes en la estructura del espacio social de Saber11 y SaberPRO
•	Comprender la incidencia que tienen determinadas instituciones educativas en las trayectorias académicas de sus estudiantes a pesar de sus condicionamientos objetivos de origen familiar";0;49,60%;50,40%;0,00%;100,00%;0,00%;0,00%;0,00%;0,00%
2025;Propuesta de Investigación Alianza Convenio;Seleccionada;NA;Convocatoria Interna de Investigación 2024;Universidad Pedagógica Nacional - UPN;Aliado;Universidad Pedagógica Nacional - UPN;N/A;12;"UDFJC:
- Infancias, pedagogías interculturales y formación docente
- Equidad y diversidad en la educación
UPN:
- Educación Infantil, pedagogía y contextos"; $ 169.768.000 ; $ -   ; $ 35.980.000 ; $ 133.788.000 ; $ -   ; $ -   ; $ 41.569.600 ; $ 35.980.000 ; $ 92.218.400 ; $ -   ; $ -   ; $ -   ; $ -   ; $ -   ; $ -   ;"- Construir al menos 20 narrativas sobre la experiencia de práctica.
- Identificar como mínimo 4 asuntos recurrentes presentes en las narrativas.
- Identificar al menos 6 preguntas problematizadoras que emergen de la práctica y que se encuentran implícitas en las narrativas.
- Construir una matriz de análisis que permita identificar en diálogo con las estudiantes los saberes y sentidos construidos en las narrativas.
- Realizar un converzatorio con maestros asesores de práctica de las dos universidades vinculadas a la investigación";"- Escribir un artículo publicable
- Participar en un evento internacional en calidad de ponentes
- Diseño de un curso libre, taller y/o diplomado dirigido a estudiantes de pregrado, posgrado, o estudiantes del IPN o a población externa";0,00%;24,49%;0,00%;100,00%;75,51%;0,00%;0,00%;0,00%
2025;Propuesta de Investigación Convocatoria;No Avalada;N/A;apoyar proyectos de investigación que tengan como objetivo contribuir significativamente al desarrollo científico y tecnológico y a la innovación del país, en cualquier área del conocimiento» (CNPq/MCTI/FNDCT Convocatoria nº 44/2024 - UNIVERSAL);El Consejo Nacional de Desarrollo Científico y Tecnológico (CNPq) de Brasil;Colaborador;"1- Universidade Federal do Triângulo Mineiro (UFTM), campus Uberaba - Brasil (entidad ejecutora)
2- Universidade Federal de Uberlândia (UFU), campus Ituiutaba e campus Uberlândia - Brasil (entidad colaboradora)
3- Universidade Federal de São Paulo (Unifesp) - campus Diadema - Brasil (entidad colaboradora)
4- Universidad de Santiago de Chile (USACH) - Chile (entidad colaboradora)
5- Universidade de Aveiro (UA) - Portugal (entidad colaboradora)
6- Universidad Nacional de Córdoba (UNC) - Argentina (entidad colaboradora)";N/A;36;N/A; $ -   ; $ -   ; $ -   ; $ -   ; $ -   ; $ -   ; $ -   ; $ -   ; $ -   ; $ -   ; $ -   ; $ -   ; $ -   ; $ -   ; $ -   ;Entre los productos esperados están: eventos, seminarios de formación dirigidos al público en general, estudiantes escolares y universitarios (en particular de grado), campañas sobre la importancia de la comunicación de la ciencia en los espacios investigados para combatir el negacionismo científico, un sitio web para divulgar ampliamente los materiales producidos en el proyecto: infografías, vídeos y material educativo para las escuelas. Al final de la investigación, se producirá un libro con los resultados de la investigación, artículos científicos publicados en revistas, contribuciones a disertaciones y tesis, así como la participación en eventos nacionales e internacionales para ampliar la comunidad académica especializada en este campo de estudio. Navas, Contier y Marandino (2007, p.1) mencionan «que la comunicación entre ciencia y sociedad no es unidireccional, sino que la sociedad desempeña un papel decisivo -y podría desempeñar un papel aún mayor- en la dirección de la ciencia». De esta forma, el diálogo con los espacios participantes en la investigación y la promoción de cursos de extensión para el público universitario, la formación de profesores y el público en general se encuentran entre los resultados esperados de la investigación. Por último, como anexo a esta propuesta, hemos enviado un «Plan de Gestión de Datos» (como se indica en el punto 6.6.3 de la Convocatoria), que es un instrumento que establece cómo los investigadores gestionarán los datos de investigación construidos durante el curso de la investigación, facilitando la reproducibilidad de la investigación en pantalla para el público. ;0;0,00%;0,00%;0,00%;0,00%;0,00%;0,00%;0,00%;0,00%
2025;Propuesta de Investigación Alianza Convenio;Seleccionada;PR3;Convocatoria PR3 2025: Financiación (contrapartidas) de Proyectos de Investigación, Investigación-Creación e Innovación en el marco de Convenios y/o Acuerdos Interinstitucionales.;Universidad Científica del Sur (Perú);Aliado;Universidad Científica del Sur (Perú);N/A;12;"UDFJC:
- Dramaturgias Del Cuerpo y Escrituras Del Espacio
- Áulide (Grupo Proponente)
   Técnica y Utopía (semillero)
- Investigación para la Creación Artística

UCS:
- Voces Escénicas del Sur"; $ 120.309.393 ; $ -   ; $ 57.107.590 ; $ 63.201.803 ; $ -   ; $ 30.042.378 ; $ 30.092.368 ; $ 27.065.212 ; $ 33.109.435 ; $ -   ; $ -   ; $ -   ; $ -   ; $ -   ; $ -   ;Se espera generar un conocimiento nuevo sobre las estrategias estéticas en el teatro contemporáneo, fortalecer el diálogo interuniversitario y la internacionalización del currículo;"- La realización de una obra teatral
- una dramaturgia propia
- Dos presentaciones socializaciones de la obra
- Una memoria audiovisual del proyecto
- Una conferencia a presentar en La tercera residencia investigativa de La RIITLE
- Una ponencia en evento internacional
- Participación en eventos investigativos externos e internos con dos ponencias
- Dos artículos en revista indexada estado de aceptación en revista de no pago
- Tres bitácoras o cuadernos de actor
- Dos trabajos de grado";0,00%;49,98%;49,96%;50,04%;50,02%;0,00%;0,00%;0,00%
2025;Propuesta de Investigación Alianza Convenio;Seleccionada;PR3;Convocatoria PR3 2025: Financiación (contrapartidas) de Proyectos de Investigación, Investigación-Creación e Innovación en el marco de Convenios y/o Acuerdos Interinstitucionales.;Ministerio de la Igualdad y la Equidad;Ejecutor;Ministerio de la Igualdad y la Equidad;N/A;9;"UDFJC:
- Vivencias"; $ 1.060.000.000 ; $ 800.000.000 ; $ 1.000.000.000 ; $ 60.000.000 ; $ 800.000.000,00 ; $ 200.000.000 ; $ 60.000.000 ; $ -   ; $ -   ; $ -   ; $ -   ; $ -   ; $ -   ; $ -   ; $ -   ;"- Elaboración de un instrumento que dé cuenta de la multiplicidad cuantitativa en relación con el cuidado en una población de jóvenes Rrom de Colombia: el instrumento se ocupa de entender de manera cuantitativa y cualitativa la estructuración de tiempos y espacios dedicados al cuidado en las comunidades Rrom de Colombia y la percepción de los jóvenes sobre estas formas de organización y estructuración.
- En la dimensión investigativa de estos talleres se contempla realizar ejercicios escriturales y análisis cualitativos que permitan avanzar en la comprensión de las prácticas de cuidado en estos jóvenes. En estos espacios se articulan diversas intervenciones: presentación breve de conceptos, ejercicios donde prima la reflexión afectiva sobre la propia vida, espacios de conversación y, finalmente, retroalimentaciones grupales.
- Documento que incluye el análisis de segundo orden que da cuenta de las percepciones de los jóvenes, referidas a su forma particular de entender el cuidado, de realizar una reflexión afectiva sobre la manera como cuidan de sí mismo y los otros y sus apreciaciones respecto de las prácticas de cuidado estructuradas en su comunidad.
- Análisis de tercer orden que muestra la manera como se configura un devenir cuidador en jóvenes Rrom resaltando las resistencias a las capturas de las existencias, los planos de composición, las afecciones que surgen en la revelación estética, y las formas alternativas de vincularse a la comunidad.
- Diseño y aplicación de estrategias de caracterización lingüística a una muestra de niños, niñas y adolescentes de la comunidad Rrom, en contextos prácticos, como la narración de historias, canciones, leyendas, etc.";"- Cartilla del Análisis cuantitativo sobre prácticas de cuidado en la población Rrom de Colombia que dé cuenta de la multiplicidad cuantitativa en relación con el cuidado. estructuración. La información se recoge a través de respuestas de los jóvenes Rrom al instrumento y de sus propias narrativas.
- Implementación y desarrollo de talleres vivenciales correspondientes al DIPLOMADO que tiene la intención de formar en el tema del cuidado, y, al mismo tiempo, realizar procesos de investigación en temas asociados al cuidado como son el autoconocimiento, los vínculos afectivos cercanos, el cuidado de si y de los otros, las relaciones de afecto y cuidado en la comunidad.
- Implementación y desarrollo de 4. talleres vivenciales correspondientes a los módulos que conforman el diplomado: articulación procesos formativo e investigativo: 
a. Taller no 1: Cuidado y autocuidado. Puente de amor, lazos familiares, y de contexto en la familia Rrom.
b. Taller No 2: El autoconocimiento como herramienta para potenciar el bienestar Psicológico y emocional
c. Taller No 3. La práctica de la atención plena para el cuidado del cuidador
d. Taller No 4: Cuidarse y cuidar: consciencia y responsabilidad
- Narrativas elaboradas por los jóvenes Rrom que participan del proceso formativo-investigativo, referidas a prácticas de
cuidado.
- Elaboración de cinco (5) cartografías que reflejan el devenir cuidador en jóvenes Rrom.
- Proyecto construido y formulado para cada comunidad Rrom participante que evidencie la concepción de la acción prospectiva como un ejercicio profundamente conectado con la potencia de la vida y la estructuración de lazos y posibilidades afirmativas que potencien las interconexiones que dan sustento u oportunidad de construcción de multiplicidades al interior de la comunidad; y, por otro, la posibilidad de generar acciones que, a partir de la centralidad de la cuestión del cuidado permitan responder a las necesidades, problemáticas y/o potencialidades propias de los entornos y contextos situados
de las comunidades.
COMPONENTE PRESERVACIÓN DE LA LENGUA
- Informe de caracterización sobre el uso de la lengua romaní en las prácticas culturales.
- Identificación de las prácticas culturales más relevantes para la enseñanza y el aprendizaje de la lengua.
- Caracterización lingüística de los niños, niñas y adolescentes de la comunidad Rrom.
- Estrategia didáctica escrita que integra prácticas culturales específicas, usos y costumbres de la comunidad Rrom.
- Materiales didácticos culturalmente pertinentes.
- Ajustes al Plan de formación para sabedoras y sabedores centrado en el uso de prácticas culturales en la enseñanza.
- Informe de evaluación del piloto, incluyendo las fortalezas y debilidades de la estrategia didáctica diseñada.
- Retroalimentación de los participantes sobre la efectividad e incidencia de las prácticas culturales en el aprendizaje de la lengua Romaní.
- Ajustes y mejoras en la estrategia didáctica basados en los resultados de la implementación piloto.
- Informe de evaluación final con recomendaciones para fortalecer la estrategia.
- Versión ajustada de la estrategia didáctica.
- Informe sobre la replicabilidad y sostenibilidad de la estrategia.
- DISEÑO E IMPLEMENTACION DE UN DIPLOMADO EN ""SHIB ROMANI: UN VIAJE A TRAVES DE LA LENGUA"" con una
duración de 120 horas

Divulgación:
- En primera instancia se elaborarán diferentes materiales tipo flyer conforme cada una de las actividades contempladas. Estos elementos se complementarán con la estructuración de notas informativas que se
divulgarán en la página web y redes sociales del Doctorado en Estudios Sociales.
- Construcción de materiales tipo podcast para difusión en audio 
- Se elaborarán un total de 5 audios tipo podcast que se caracterizarán por contener entrevistas dirigidas a:investigadores, participantes, docentes y demás voces participantes en proceso de investigación – formación, los cuales se difundirán en la emisora LAUD 90.4 f.m. estéreo en el programa Voces y Devenires.
- Elaboración de videos de síntesis de los procesos realizados 
- En los dos grandes procesos que componen la acción formativa se elaborarán para cada uno un video de máximo 5 minutos que tendrá como propósito dar cuenta de las acciones realizadas en el marco del proceso
investigativo-formativo y que fungirá como memoria de los procesos adelantados.
- Consolidación de memoria audiovisual del proceso
- Se construirá un video de síntesis de todo el proceso, apoyado con materiales fotográficos de las acciones que se lleven a cabo con la comunidad y que permitirá dar cuenta de todo el conjunto de procesos realizados en el marco del proyecto.";75,47%;24,53%;76,92%;23,08%;0,00%;0,00%;0,00%;0,00%
2025;Propuesta de Investigación Alianza Convenio;En tramite;PR3;Convocatoria PR3 2025: Financiación (contrapartidas) de Proyectos de Investigación, Investigación-Creación e Innovación en el marco de Convenios y/o Acuerdos Interinstitucionales.;Universidad Pedagógica Nacional - UPN;Aliado;Universidad Pedagógica Nacional - UPN;N/A;18;"UDFJC:
- Representación, Discurso y Poder

UPN:
- Filosofía y enseñanza de la filosofía"; $ 366.109.120 ; $ -   ; $ 9.107.200 ; $ 357.001.920 ; $ -   ; $ 9.107.200 ; $ 166.651.200 ; $ -   ; $ 190.350.720 ; $ -   ; $ -   ; $ -   ; $ -   ; $ -   ; $ -   ;"Articulación de los diferentes resultados; por un lado, la fuente primaria y los documentos del marco teórico. Es decir, se cruzan las temáticas que conformarían series, base de la interpretación. Durante este proceso de articulación se caracterizarán los conceptos y se establecerán relaciones entre los conceptos formación y salida técnica para la educación. De este modo, se elaborarán matrices analíticas y formalización del campo del diseño.";"- Un Capítulo en Libro Resultado de Investigación(CAP_LIB_C)
- Un Procesos de Apropiación Social Del Conocimiento para el Fortalecimiento o Solución de Asuntos de Interés Social(FIS)
- Un Evento Científico con Componente de Apropiación(EC_A) 
- Dos Opción de Grado(Trabajo de Investigación Dirigido)
- Informes técnico y financiero de avance en el mes 6 y 12 de la ejecución del proyecto
- Informe técnico y financiero final en el mes 18 finalizando el proyecto";0,00%;48,01%;5,18%;94,82%;51,99%;0,00%;0,00%;0,00%
2025;Propuesta de Investigación Convocatoria;No Avalada;37;CONVOCATORIA DE LA ASIGNACIÓN PARA LA CIENCIA, TECNOLOGÍA E INNOVACIÓN DEL SISTEMA GENERAL DE REGALÍAS PARA LA CONFORMACIÓN DE UN LISTADO DE MACROPROYECTOS NACIONALES ELEGIBLES PARA CONTRIBUIR A LA CREACIÓN DE CONOCIMIENTO, DESARROLLO DE TECNOLOGÍA E INVESTIGACIÓN SOBRE EL CLIMA, LOS RECURSOS HÍDRICOS, EL AIRE, LOS SUELOS Y LA CAPA VEGETAL EN EL TERRITORIO NACIONAL;MinCiencias;Aliado;"UP HOLDING S.A.S PROPONENTE
ASOCIACION DE RECICLADORES DE PAIPA RECIPAIPA 
MUNICIPIO DE BARRANCABERMEJA 
GOBERNACION DE BOYACA 
GOBERNACION DEL META 
CENTRO REGIONAL DE GESTIÓN PARA LA PRODUCTIVIDAD Y LA INNOVACIÓN DE BOYACÁ - CREPIB 
ASOCIACION CAMARA DE COMERCIANTES LGBT DE COLOMBIA 
MUNICIPIO DE VIOTA 
FUNDACION MUJER Y FUTURO 
CORPOBOYACA 
UNIVERSIDAD DE BOYACÁ 
UNIVERSIDAD DISTRITAL FRANCISCO JOSÉ DE CALDAS 
UNIVERSIDAD SANTO TOMÁS 
CAMARA DE COMERCIO DE DUITAMA 
FUNDACION RED COMUNITARIA TRANS";N/A;30;"UDFJC: Grupo de Investigación Internacional en Informática,Comunicación y Gestión del Conocimiento
UNIVERSIDAD DE BOYACÁ: Grupo Investigaciones Sectoriales Empresariales y Desarrollo Económico GISEDE"; $ 42.556.430.833 ; $ -   ; $ 41.664.829.907 ; $ 891.600.926 ; $ 41.664.829.907,00 ; $ -   ; $ 511.850.926 ; $ -   ; $ 79.450.000 ; $ -   ; $28.700.000 ; $ -   ; $ 28.700.000 ; $ -   ; $ 242.900.000 ;"Objetivo específico 1 (OE1): Dinamizar la articulación entre actores para generar estrategias de Ctel en el desarrollo de materiales y/o productos sostenibles
Objetivo específico 2 (OE2): Generar conocimiento Ctel para desarrollar materiales y/o productos sostenibles a mayor escala.
Objetivo específico 3 (OE3): Fortalecer la capacidad técnica e infraestructura para crear nuevos materiales y/o productos sostenibles a través de Ctel";"-Implementación de un modelo de registro, calificación y priorización de ideas sobre aprovechamiento productivo de residuos y uso-aprovechamiento de la biodiversidad E2A05 - Implementación de desarrollo tecnológico para el modelado de capacidades de los actores participantes frente al reto posterior de escalabilidad de los prototipos E3A04 - Definición del modelo de negocio con soporte tecnológico, orientado a procesos comerciales de los prototipos.(3)
-Apoyo a creación de programas de pregrado (Analizar la información de caracterización de participantes)(3)
(-Vinculación de estudiantes de doctorado (1)
-Vinculación de estudiantes de maestria (2)
-Vinculación de estudiantes de pregrado (3)
";97,90%;1,20%;0,00%;100,00%;0,19%;0,07%;0,07%;0,57%
2025;Propuesta de Investigación Convocatoria;No Avalada;37;CONVOCATORIA DE LA ASIGNACIÓN PARA LA CIENCIA, TECNOLOGÍA E INNOVACIÓN DEL SISTEMA GENERAL DE REGALÍAS PARA LA CONFORMACIÓN DE UN LISTADO DE MACROPROYECTOS NACIONALES ELEGIBLES PARA CONTRIBUIR A LA CREACIÓN DE CONOCIMIENTO, DESARROLLO DE TECNOLOGÍA E INVESTIGACIÓN SOBRE EL CLIMA, LOS RECURSOS HÍDRICOS, EL AIRE, LOS SUELOS Y LA CAPA VEGETAL EN EL TERRITORIO NACIONAL;MinCiencias;Aliado;"-UNIVERSIDAD NACIONAL ABIERTA Y A DISTANCIA – UNAD
- CUANTICORE S.A.S.
- PONTIFICIA UNIVERSIDAD JAVERIANA (CALI)
- FUNDACIÓN TECNALIA COLOMBIA
- ALCALDÍA MUNICIPAL DE NERIA, CALDAS
- ALCALDÍA DE GUASCA, CUNDINAMARCA
- ALCALDIA DISTRITAL DE TUMACO, NARIÑO
- ALCALDIA DE ACACIAS, META
- ASOCIACIÓN ALIANZA SINERTIC
- ASOCIACIÓN COLOMBIANA DE BIOMETRIA E IDENTIDAD - ACOBI
- ASOCIACION DE PRODUCTORES DE PANELA DE NEIRA CALDAS-ASOPROPNEIRA
- ASOCIACIÓN DE GANADEROS Y AGRICULTORES DE GUACA - AGAG
- ESCUELA CAMPESINA DE ESTUDIOS TÉCNICOS DE CUNDINAMARCA
- CORPORACION ABRIENDO CAMINOS DEL CORREDOR ORIENTAL- CORPOAC";N/A;36;GICOECOL; $ 44.176.324.942 ; $ -   ; $ 41.733.874.258 ; $ 2.442.450.684 ; $ 41.685.874.258,33 ; $ -   ; $ 403.200.000 ; $ -   ; $ 1.448.983.687 ; $ 48.000.000 ; $ 374.467.050 ; $ -   ; $ 56.662.397 ; $ -   ; $ 159.137.550 ;0;"• Entrega de 15 Biodomos por municipio (total 150),gestionados a través de Asociaciones productivas.
• Adecuación de un Nodo de Monitoreo Departamental. Software
• App Móvil de asistencia técnica al campesino.
• Software predicción de clima
• Software de análisis de vulnerabilidad, gestión de riesgos y alerta temprana
• Software de control de la biodiversidad terrestre y marítima (mediante eco-acustica , visión artificial y sensores)
• Acceso a Formación a funcionarios de la alcaldía y asociaciones productivas a cursos MOOC
• Participación del congreso internacional";94,36%;0,91%;0,00%;100,00%;3,28%;0,96%;0,13%;0,36%
2025;Propuesta de Investigación Convocatoria;No Avalada;37;CONVOCATORIA DE LA ASIGNACIÓN PARA LA CIENCIA, TECNOLOGÍA E INNOVACIÓN DEL SISTEMA GENERAL DE REGALÍAS PARA LA CONFORMACIÓN DE UN LISTADO DE MACROPROYECTOS NACIONALES ELEGIBLES PARA CONTRIBUIR A LA CREACIÓN DE CONOCIMIENTO, DESARROLLO DE TECNOLOGÍA E INVESTIGACIÓN SOBRE EL CLIMA, LOS RECURSOS HÍDRICOS, EL AIRE, LOS SUELOS Y LA CAPA VEGETAL EN EL TERRITORIO NACIONAL;MinCiencias;Aliado;"• Universidad de Pamplona
• Universidad Francisco de Paula Santander
• Gobernación de Santander
• Municipio de Aguazul, Casanare
• Municipio de San José de Cucuta, Norte de Santander
• Asociación Mujer Rural de Cucuta
• Asociación de agricultores del municipio de Motiscua
• Asociación de agroindustrial de fruticultores de la Floresta
• Asociación de asociaciones de productores de Cacao del Norte de Santander y su Región del Catatumbo
•  Cámara de comercio de Ocaña";N/A;36;N/A; $ 42.203.225.074 ; $ -   ; $ 41.639.305.522 ; $ 563.919.552 ; $ 41.639.305.522,00 ; $ -   ; $ 99.645.000 ; $ -   ; $ 99.645.000 ; $ -   ; $ 99.645.000 ; $ -   ; $ 34.164.000 ; $ -   ; $ 230.820.552 ;Este proyecto constituye una estrategia multidimensional diseñada no solo para incrementar la productividad agrícola, sino también para transformar la gestión de recursos y los sistemas de producción en las zonas rurales más vulnerables, integrando la generación de conocimientos, la innovación tecnológica y la sabiduría tradicional de manera que permita una transición hacia modelos de producción más sostenibles, resilientes y eficientes, al tiempo que se fortalece la seguridad alimentaria y la conservación del medio ambiente;"11 Articulos
Un (1) documento con el modelo de innovación tecnológica dirigido a 480 productores en los doce municipios beneficiarios que adopten la transferencia de conocimiento
Dotación con de equipos de análisis";98,66%;0,24%;0,00%;100,00%;0,24%;0,24%;0,08%;0,55%
2025;Propuesta de Investigación Convocatoria;No Avalada;37;CONVOCATORIA DE LA ASIGNACIÓN PARA LA CIENCIA, TECNOLOGÍA E INNOVACIÓN DEL SISTEMA GENERAL DE REGALÍAS PARA LA CONFORMACIÓN DE UN LISTADO DE MACROPROYECTOS NACIONALES ELEGIBLES PARA CONTRIBUIR A LA CREACIÓN DE CONOCIMIENTO, DESARROLLO DE TECNOLOGÍA E INVESTIGACIÓN SOBRE EL CLIMA, LOS RECURSOS HÍDRICOS, EL AIRE, LOS SUELOS Y LA CAPA VEGETAL EN EL TERRITORIO NACIONAL;MinCiencias;Aliado;"• Universidad de Pamplona
• Universidad Francisco de Paula Santander
• Gobernación de Santander
• Municipio de Tarqui
• Municipio de Combita
• Cooperativa Multiactiva Agropecuaria de Colombia
• Asociación de productores agropecuarios de Santurban
• Asociación de mujeres agricultoras Sotaquireñas
•  Cámara de comercio de Ocaña
•  Asociacion Colombiana de Micro, Pequeña y Mediana Empresa-ACOPI Regional Noret de Santander";N/A;36;N/A; $ 42.179.848.594 ; $ -   ; $ 41.615.929.042 ; $ 563.919.552 ; $ 41.615.929.042,00 ; $ -   ; $ 99.645.000 ; $ -   ; $ 99.645.000 ; $ -   ; $ 99.645.000 ; $ -   ; $ 34.164.000 ; $ -   ; $ 230.820.552 ;0;0;98,66%;0,24%;0,00%;100,00%;0,24%;0,24%;0,08%;0,55%
2025;Propuesta de Investigación Convocatoria;No Avalada;37;CONVOCATORIA DE LA ASIGNACIÓN PARA LA CIENCIA, TECNOLOGÍA E INNOVACIÓN DEL SISTEMA GENERAL DE REGALÍAS PARA LA CONFORMACIÓN DE UN LISTADO DE MACROPROYECTOS NACIONALES ELEGIBLES PARA CONTRIBUIR A LA CREACIÓN DE CONOCIMIENTO, DESARROLLO DE TECNOLOGÍA E INVESTIGACIÓN SOBRE EL CLIMA, LOS RECURSOS HÍDRICOS, EL AIRE, LOS SUELOS Y LA CAPA VEGETAL EN EL TERRITORIO NACIONAL;MinCiencias;Aliado;"Gobernación de Cundinamarca
Connect Bogotá
Universidad de la Salle
Universidad de América
Universidad del Rosario
Universidad Corpas
Universidad Manuela Beltrán
Universidad de Ciencias Aplicadas y ambientales UDCA
Alcaldía de Junín
Alcaldía de Sopó
Alcaldía de Sapuyes
Alcaldía de Yopal
Gobernación de Valle del Cauca
Cámara de Comercio de Bogotá
Cámara de Comercio de Pasto
Alpina
Compensar
Sirius
Colgas
Agromil
Sumicol
Asociación Agropecuaria e Industrial Montaña Negra
Asociación de Caficultores de la Vereda La enfadosa
Asociación Agropecuaria Espino Comunidad ESCO
Instituto de Investigación de Recursos Biológicos Alexander Von Humboldt";N/A;36;N/A; $ 43.266.687.429 ; $ -   ; $ 41.010.531.429 ; $ 2.256.156.000 ; $ 41.010.531.429,17 ; $ -   ; $ 108.000.000 ; $ -   ; $ 114.156.000 ; $ -   ; $ 108.000.000 ; $ -   ; $ 108.000.000 ; $ -   ; $ 1.818.000.000 ;Fortalecer la innovación en el desarrollo y transferencia de tecnologías, aceleración de emprendimientos verdes y diseño de nuevos productos de alto valor agregado, basados en el aprovechamiento sostenible de la biodiversidad y en estrategias de mitigación al cambio climático en los Departamentos de Bogotá, Cundinamarca, Nariño, Valle de Cauca, Meta, Casanare.;"1 Documento de Planeación
27 Prototipos
18 Documentos de Investigación
6 Estrategias";94,79%;0,25%;0,00%;100,00%;0,26%;0,25%;0,25%;4,20%
2025;Propuesta de Investigación Convocatoria;No Avalada;37;CONVOCATORIA DE LA ASIGNACIÓN PARA LA CIENCIA, TECNOLOGÍA E INNOVACIÓN DEL SISTEMA GENERAL DE REGALÍAS PARA LA CONFORMACIÓN DE UN LISTADO DE MACROPROYECTOS NACIONALES ELEGIBLES PARA CONTRIBUIR A LA CREACIÓN DE CONOCIMIENTO, DESARROLLO DE TECNOLOGÍA E INVESTIGACIÓN SOBRE EL CLIMA, LOS RECURSOS HÍDRICOS, EL AIRE, LOS SUELOS Y LA CAPA VEGETAL EN EL TERRITORIO NACIONAL;MinCiencias;Ejecutor;"Universidad Surcolombiana
Universidad Internacional del Trópico Americano 
Municipios de Floridablanca 
Municipio de Saravena 
Municipio de Pitalito 
Municipio de Hato 
Municipio de Aguazul 
Fundación Viracocha 
Escuela de Empresarios de Quebec 
Corporacion Regional de la Productividad Agropecuaria Arauca 
Corporación Nacional de I+D+i 
Corporación Autónoma Regional de la Orinoquia - Corporinoquia 
Centro Internacional de Física 
Centro de Microscopía y Microanálisis 
Asociación Internacional Identi";N/A;36;N/A; $ -   ; $ -   ; $ -   ; $ -   ; $ -   ; $ -   ; $ -   ; $ -   ; $ -   ; $ -   ; $ -   ; $ -   ; $ -   ; $ -   ; $ -   ;0;0;0,00%;0,00%;0,00%;0,00%;0,00%;0,00%;0,00%;0,00%
2025;Propuesta de Investigación Convocatoria;No Avalada;37;CONVOCATORIA DE LA ASIGNACIÓN PARA LA CIENCIA, TECNOLOGÍA E INNOVACIÓN DEL SISTEMA GENERAL DE REGALÍAS PARA LA CONFORMACIÓN DE UN LISTADO DE MACROPROYECTOS NACIONALES ELEGIBLES PARA CONTRIBUIR A LA CREACIÓN DE CONOCIMIENTO, DESARROLLO DE TECNOLOGÍA E INVESTIGACIÓN SOBRE EL CLIMA, LOS RECURSOS HÍDRICOS, EL AIRE, LOS SUELOS Y LA CAPA VEGETAL EN EL TERRITORIO NACIONAL;MinCiencias;Ejecutor;"Universidad del Tolima 
Universidad de Antioquia 
Institución Universitaria Colegio Mayor de Antioquia 
Corporación para Investigaciones Biológicas - CIB 
Alcaldía de Guamo 
Alcaldía de Santa Isabel 
Alcaldía de Armero 
Alcaldía de Natagaima 
Alcaldía de Chaparral 
Alcaldía de Coyaima 
Alcaldía de Carmen de Viboral 
Resguardo Indígena Totarco Tamarindo 
Asociación de familias vulnerables de Santa Isabel ASOFAVURSI 
Asociación de productores agropecuarios de San Pedro ASOSANPEDRO 
Asociación de mujeres de corozo ASOMUCORO 
Comité de Ganaderos del Tolima 
Camara de comercio de Medellín ";N/A;36;N/A; $ -   ; $ -   ; $ -   ; $ -   ; $ -   ; $ -   ; $ -   ; $ -   ; $ -   ; $ -   ; $ -   ; $ -   ; $ -   ; $ -   ; $ -   ;0;0;0,00%;0,00%;0,00%;0,00%;0,00%;0,00%;0,00%;0,00%
2025;Propuesta de Investigación Convocatoria;No Avalada;37;CONVOCATORIA DE LA ASIGNACIÓN PARA LA CIENCIA, TECNOLOGÍA E INNOVACIÓN DEL SISTEMA GENERAL DE REGALÍAS PARA LA CONFORMACIÓN DE UN LISTADO DE MACROPROYECTOS NACIONALES ELEGIBLES PARA CONTRIBUIR A LA CREACIÓN DE CONOCIMIENTO, DESARROLLO DE TECNOLOGÍA E INVESTIGACIÓN SOBRE EL CLIMA, LOS RECURSOS HÍDRICOS, EL AIRE, LOS SUELOS Y LA CAPA VEGETAL EN EL TERRITORIO NACIONAL;MinCiencias;Ejecutor;"Fundación Universitaria Los Libertadores
Universidad Tecnológica de Bolívar
Sierra Consulting (Empresa Ambiental)
IIP S.A. (Ingeniería, Integridad & Protección)
Fundación Labriegos por la Paz
Fraunhofer Chile
CIMA S.A.S
Alcaldía del Municipio de Tuchín (Dpto. de Córdoba) 
Comunidad Indígena La Pista del pueblo Zenú
Cámara de Comercio de Montería ((Dpto. de Córdoba)
Asociación de Mujeres Exitosas al Frente (Dpto. de Sucre)
FENALCO (Federación Nacional de Comerciantes Empresarios) seccional Córdoba
Alcaldía de Apartadó (Dpto. de Antioquia)
Instituto Nacional de MetrologíaFísica (Laboratorio de Temperatura)";N/A;36;GCEM; $ 45.342.386.946 ; $ -   ; $ 38.718.593.074 ; $ 6.623.793.872 ; $ 38.718.593.073,83 ; $ -   ; $ 398.000.000 ; $ -   ; $ 108.565.520 ; $ -   ; $ 1.007.473.257 ; $ -   ; $ 487.600.000 ; $ -   ; $ 4.622.155.095 ;"Implementar tecnologías 4.0 para la restauración y monitoreo de ecosistemas hídricos en áreas de Influencia energética para la toma de decisiones basada en datos y la apropiación territorial del conocimiento.";"Implementar tecnologías 4.0 para la restauración y monitoreo de ecosistemas hídricos en áreas de Influencia energética para la toma de decisiones basada en datos y la apropiación territorial del conocimiento.
1 prototipo, 2 artículos científicos, 1 Software, 1 proyecto de maestría, 3 jornadas de socialización, 1 página web del Instituto del Agua
6 diplomados,1 Congreso, 2 Conversatorios, 2 documentos de política, 1 prototipo, 2 artículos científicos, 2 jornadas de socialización
10 talleres, 2 artículos científicos, 2 cartillas
";85,39%;0,88%;0,00%;100,00%;0,24%;2,22%;1,08%;10,19%
2025;Propuesta de Investigación Convocatoria;No Avalada;37;CONVOCATORIA DE LA ASIGNACIÓN PARA LA CIENCIA, TECNOLOGÍA E INNOVACIÓN DEL SISTEMA GENERAL DE REGALÍAS PARA LA CONFORMACIÓN DE UN LISTADO DE MACROPROYECTOS NACIONALES ELEGIBLES PARA CONTRIBUIR A LA CREACIÓN DE CONOCIMIENTO, DESARROLLO DE TECNOLOGÍA E INVESTIGACIÓN SOBRE EL CLIMA, LOS RECURSOS HÍDRICOS, EL AIRE, LOS SUELOS Y LA CAPA VEGETAL EN EL TERRITORIO NACIONAL;MinCiencias;Ejecutor;"CORPORACIÓN UNIFICADA NACIONAL DE EDUCACIÓN SUPERIOR – CUN, SEDE SINCELEJO
ASOCIACIÓN SUPRADEPARTAMENTAL DEL ALTO PATÍA – ASOPATÍA
FUNDACIÓN TECNALIA COLOMBIA 
RED NACIONAL DE AGENCIAS DE 
DESARROLLO LOCAL DE COLOMBIA- RED ADELCO
MUNICIPIO DE CERETÉ 
CORPORACIÓN UNIVERSITARIA ANTONIO JOSÉ DE SUCRE
MUNICIPIO DE SANTA CRUZ DE LORICA 
GOBERNACIÓN DE SUCRE 
MUNICIPIO DE TOLUVIEJO 
CORPORACIÓN INCUBADORA DE EMPRESA DE SUCRE
ASOCIACIÓN COLOMBIANA DE LA MICRO, PEQUEÑA Y MEDIANA EMPRESA – ACOPI BOLIVAR
BIOMASNEST 
CORPORACIÓN INNPRENDE 
NEPTURA ZOMAC SAS 
FUNDACIÓN JUVENTUDES DINÁMICAS";N/A;36;GCEM, DIMSI, INVID, ORION; $ 42.902.016.466 ; $ -   ; $ 41.666.666.666 ; $ 1.235.349.800 ; $ 41.666.666.666,00 ; $ -   ; $ 681.571.800 ; $ -   ; $ 32.038.750 ; $ -   ; $ 2.847.000 ; $ -   ; $ 32.038.750 ; $ -   ; $ 486.853.500 ;Fortalecer capacidades en CTeI para la mitigación de la degradación acelerada y aprovechamiento sano de los ecosistemas marinos y costeros afectados por la sobreexplotación de los recursos naturales en los departamentos de Chocó, Magdalena, y La Guajira;Documentos de investigación elaborados 3, Prototipos desarrollado 6, Estrategias de apropiación realizadas 1;97,12%;1,59%;0,00%;100,00%;0,07%;0,01%;0,07%;1,13%
2025;Propuesta de Investigación Convocatoria;No Avalada;37;CONVOCATORIA DE LA ASIGNACIÓN PARA LA CIENCIA, TECNOLOGÍA E INNOVACIÓN DEL SISTEMA GENERAL DE REGALÍAS PARA LA CONFORMACIÓN DE UN LISTADO DE MACROPROYECTOS NACIONALES ELEGIBLES PARA CONTRIBUIR A LA CREACIÓN DE CONOCIMIENTO, DESARROLLO DE TECNOLOGÍA E INVESTIGACIÓN SOBRE EL CLIMA, LOS RECURSOS HÍDRICOS, EL AIRE, LOS SUELOS Y LA CAPA VEGETAL EN EL TERRITORIO NACIONAL;MinCiencias;Ejecutor;"CORPORACIÓN UNIFICADA NACIONAL DE EDUCACIÓN SUPERIOR – CUN, SEDE SINCELEJO
ASOCIACIÓN SUPRADEPARTAMENTAL DEL ALTO PATÍA – ASOPATÍA
FUNDACIÓN TECNALIA COLOMBIA 
RED NACIONAL DE AGENCIAS DE DESARROLLO LOCAL DE COLOMBIA- RED ADELCO
MUNICIPIO DE CERETÉ 
CORPORACIÓN UNIVERSITARIA ANTONIO JOSÉ DE SUCRE
MUNICIPIO DE SANTA CRUZ DE LORICA 
GOBERNACIÓN DE SUCRE 
MUNICIPIO DE TOLUVIEJO 
CORPORACIÓN INCUBADORA DE EMPRESA DE SUCRE
ASOCIACIÓN COLOMBIANA DE LA MICRO,PEQUEÑA Y MEDIANA EMPRESA – ACOPI BOLIVAR
BIOMASNEST 
CORPORACIÓN INNPRENDE 
NEPTURA ZOMAC SAS 
FUNDACIÓN JUVENTUDES DINÁMICAS";N/A;36;N/A; $ 42.941.233.716 ; $ -   ; $ 41.666.666.666 ; $ 1.274.567.050 ; $ 41.666.666.666,00 ; $ -   ; $ 681.571.800 ; $ -   ; $ 32.038.750 ; $ -   ; $ 2.847.000 ; $ -   ; $ 32.038.750 ; $ -   ; $ 526.070.750 ;Fortalecer capacidades de ciencia, tecnología e innovación para la valorización de la biodiversidad y la economía circular en las regiones de Córdoba, Sucre y Cauca;"Productos de Generación de Nuevo Conocimiento
− Producto Científico Tipo TOP #1.
Publicación 1. Artículo de Investigación en Revista A1 (Acceso Abierto) relacionado estudios de especies autóctonas), que mide la calidad y el impacto de la investigación sobre la biodiversidad local.
− Producto Científico Tipo TOP #2.
Publicación 2. Libro de Investigación de Calidad A1, que recopila y difunde de manera exhaustiva los hallazgos científicos y saberes tradicionales referentes a la biodiversidad local.
− Producto Científico Tipo TOP #3.
Publicación 3. Capítulo en Libro de Investigación de Calidad A1, que permite profundizar en aspectos específicos de la bioprospección y la economía circular.
Productos de Desarrollo Tecnológico
− Producto de Desarrollo Tecnológico tipo A: Patente de Invención de Calidad A1 de los bioproductos desarrollados
− Producto de Desarrollo Tecnológico tipo A: Producto de Creación o Investigación-Creación de Calidad A1";97,03%;1,59%;0,00%;100,00%;0,07%;0,01%;0,07%;1,23%
2025;Propuesta de Investigación Convocatoria;No Avalada;37;CONVOCATORIA DE LA ASIGNACIÓN PARA LA CIENCIA, TECNOLOGÍA E INNOVACIÓN DEL SISTEMA GENERAL DE REGALÍAS PARA LA CONFORMACIÓN DE UN LISTADO DE MACROPROYECTOS NACIONALES ELEGIBLES PARA CONTRIBUIR A LA CREACIÓN DE CONOCIMIENTO, DESARROLLO DE TECNOLOGÍA E INVESTIGACIÓN SOBRE EL CLIMA, LOS RECURSOS HÍDRICOS, EL AIRE, LOS SUELOS Y LA CAPA VEGETAL EN EL TERRITORIO NACIONAL;MinCiencias;Ejecutor;"FUNDACION ALIANZA TECNOLÓGICA Y DESARROLLO EDUCATIVO
FUNDACIÓN UNIÓN GLOBAL 
FUNDACIÓN TECNALIA COLOMBIA
RED NACIONAL DE AGENCIAS DE DESARROLLO LOCAL DE COLOMBIA- RED ADELCO
MUNICIPIO DE POLONUEVO 
FUNDACIÓN UNIVERSITARIA CAFAM
MUNICIPIO DE VILLANUEVA 
MUNICIPIO DE SANTA ROSA BOLÍVAR
MUNICIPIO DE SANTO TOMÁS 
SOCIEDAD DE MEJORAS PUBLICAS DE CARTAGENA";N/A;36;N/A; $ 43.122.016.466 ; $ -   ; $ 41.666.666.666 ; $ 1.455.349.800 ; $ 41.666.666.666,00 ; $ -   ; $ 681.571.800 ; $ -   ; $ 16.019.375 ; $ -   ; $ 2.847.000 ; $ -   ; $ 32.038.750 ; $ -   ; $ 722.872.875 ;Fortalecer capacidades en CTeI para la mitigación de la degradación acelerada y aprovechamiento sano de los ecosistemas marinos y costeros afectados por la sobreexplotación de los recursos naturales en los departamentos de Chocó, Magdalena, y La Guajira.;Documentos de investigación elaborados 4, Prototipos desarrollado 6, Estrategias de apropiación realizadas 1;96,63%;1,58%;0,00%;100,00%;0,04%;0,01%;0,07%;1,68%
2025;Propuesta de Investigación Convocatoria;No Avalada;37;CONVOCATORIA DE LA ASIGNACIÓN PARA LA CIENCIA, TECNOLOGÍA E INNOVACIÓN DEL SISTEMA GENERAL DE REGALÍAS PARA LA CONFORMACIÓN DE UN LISTADO DE MACROPROYECTOS NACIONALES ELEGIBLES PARA CONTRIBUIR A LA CREACIÓN DE CONOCIMIENTO, DESARROLLO DE TECNOLOGÍA E INVESTIGACIÓN SOBRE EL CLIMA, LOS RECURSOS HÍDRICOS, EL AIRE, LOS SUELOS Y LA CAPA VEGETAL EN EL TERRITORIO NACIONAL;MinCiencias;Ejecutor;"UNIVERSIDAD TECNOLÓGICA DE PEREIRA
UNIVERSIDAD DEL ATLÁNTICO 
UNIVERSIDAD MANUELA BELTRÁN 
UNIVERSIDAD SANTO TOMAS 
EMPRESA DE ACUEDUCTO Y ALCANTARILLADO DE PEREIRA S.A.S E.S.P
ASOCIACIÓN COMUNITARIA YARUMO BLANCO
GUADUA Y SECADO DE COLOMBIA SAS 
MACONDOLAB CENTRO DE INNOVACIÓN Y PRODUCTIVIDAD DEPENDIENTE DE LA UNIVERSIDAD SIMÓN BOLÍVAR
FÁBRICA DE LA FELICIDAD SAS 
MUNICIPIO DE GARAGOA 
ALCALDÍA MUNICIPAL DE NEMOCÓN
MUNICIPIO DE PESCA 
MUNICIPIO DE SATIVANORTE
MUNICIPIO DE SOMONDOCO 
MUNICIPIO DE CAMPOHERMOSO 
MUNICIPIO DE UBALA 
JUNTA DE ACCIÓN COMUNAL VEREDA QUIGUA ARRIBA. GARAGOA
";N/A;36;N/A; $ 48.684.890.425 ; $ -   ; $ 41.652.208.527 ; $ 7.032.681.898 ; $ 41.652.208.527,00 ; $ -   ; $ 1.150.038.606 ; $ -   ; $ 1.902.196.744 ; $ -   ; $ 713.210.792 ; $ -   ; $ 1.981.349.100 ; $ -   ; $ 1.285.886.656 ;Generar nuevo conocimiento y desarrollo tecnológico para el cuidado del agua y la restauración ecológica participativa, fortaleciendo la resiliencia ambiental y social en los territorios de Cundinamarca, Boyacá, Risaralda y Atlántico ;"Participación en evento de investigación internacional como ponente  Número de ponencias  2 
Estudiantes de maestría.  Número de estudiantes de maestría  2 
Jóvenes investigadores  Número Jóvenes investigadores  2 
Informe de Validación Línea Base Ambiental y Cartografía  Número de Informes 1 
Número de estudiantes de maestria 2 
Número de artículos 2 
Participación en evento internacional por grupo de investigación OLEOQUIMICA NUMERO DE PONENCIAS 1 
Video divulgativo a cargo del grupo OLOEQUIMICA con los principales resultados de la caracterización de las prácticas agricolas, el diagnóstico de residualidad y la obtención de los diferentes tipos de biochar y sus aplicaciones en la remoción de contaminantes
NÚMERO DE VIDEOS 1 
Doctor en Estancia posdoctoral Número de Doctor 1
Estudiante de Maestría Número de maestrantes 1 
Joven investigador Número de investigadores 1 
Artículos de investigación Número de artículos 2 
Documentos de investigación Número de libros /o capítulos de libro. 2 
Ponencias internacionales Número de ponencias 4 
Ponencias nacionales Número de ponencias 4 
Libro resultado de investigación   Número de libros 1 
Guía metodológica de lineamientos ecológicos de intervención con actores locales    Número de Guías Metodológicas  1 
Intormes trimestrales administrativos  Número de informes  4 
Intormes trimestrales de supervisión.  Número de informes  4 
Artículo Clasificación A Open Access (resultados de la remoción de productos farmacéuticos y de cuidado personal y plaguicidas por medio de los diferentes tipos de biochar obtenidos), Responsable Grupo de Investigación Oleoquímica UTP-USTA Número de artículos publicados1 
Ponencia Internacional Presentación de los resultados de la aplicación del biocarbón obtenido en remoción de contaminantes, en congreso internacional especializado Responsable Grupo de Investigación Oleoquímica UTP-USTA Número de Ponencias 3 
Estudiante de Maestría eje cafetero Implementación de metodologías HPLC y GC- MS /QQQ evaluación de la remoción de productos farmacéuticos y de cuidado personal y plaguicidas por medio de los diferentes tipos de biochar a cargo del grupo OLEOQUIMICA UTP Número de estudiantes de maestría 1 
Artículos Clasificación A Open Access (Resultados de la caracterización materias primas y la simulación del proceso de pirólisis y su evaluación económica con el análisis de escala usando los residuos), Responsable Grupo de Investigación DPQ - UTP Número de artículos Pblicados  2 
Ponencias Internacionales (Resultados de la caracterización materias primas y la simulación del proceso de pirólisis y su evaluación económica con el análisis de escala usando los residuos), Responsable Grupo de Investigación DPQ - UTP Número de ponencias 2 
Estudiantes de Maestría eje cafetero. Realizar la caracterización materias primas y la simulación del proceso de pirólisis y su evaluación económica con el análisis de escala usando los residuos), Responsable Grupo de Investigación DPQ - UTP Número de estudiantes de maestría 2 
Artículo publicado en revista indexada derivado de los procesos de oxidación avanzada realizados por el Grupo de Investigación en Fisicoquímica Aplicada y Modelamiento Molecular GIFAMol UTP Número de Artículos 1 
Artículos de investigación Número de artículos 4 
Libros resultados de investigación Número de libros /o capítulos de libro. 1 
Productos tecnológicos patentados o en proceso de solicitud de patente Número de patentes o solicitud de patentes 1 
Dotación de equipos a escala piloto para la pirolisis de residuos agroindustriales (PML-UTP) Equipos comprados  1 
Servicio de evaluación del comportamiento a escala piloto de biomasa residual agroindustrial a procesos de transformación pirolítica (PML-UTP) materias primas paralizadas a escala piloto 3 
Socialización de resultados comunidad científica (PML-UTP) Articulo publicada 1 
Socialización de resultados potenciales usuarios de la tecnología (PML-UTP) Evento de socialización  3 
Diseño de estrategia para Incrementar el Nivel de Disponibilidad Tecnológica (TRL) (PML-UTP) Ruta de maduración tecnológica 1 
Ponencias nacionales  Número de ponencias  6  
Ponencias internacionales  Número de ponencias   4 
Joven investigador Número de jóvenes investigadores 4 
Patentes dron Numero de patentes  1  
Artículos de investigación A1 Numero de artículos  4 
Estudiante de Maestria Numero estudiantes de maestria 1  
Libro de divulgación  Número de libros de divulgación 1 
Ponencia nacional Número de ponencias 1 
Kits de transferencia por tecnología Número de kits documentados, validados y listos para transferencia 3 
Intormes trimestrales administrativos.  Número de informes  4 
Intormes trimestrales de supervisión. Número de informes  4 
Estrategia territorial de apropiación comunitaria Documento de estrategia formulado y validado 1 
Modelos de negocio sostenibles validados Número de modelos por tecnología validados con actores del ecosistema 3 
Programa de formación técnica y social implementado Número de cursos 1 
Pilotos de implementación comunitaria Número de pilotos instalados y en funcionamiento autónomo 3 
Informe de implementación y validación de la estrategia participativa de restauración ecológica Número de Informes 2 
Informes trimestrales administrativos  Número de informes  4 
Informes trimestrales de supervisión.   Número de informes  4";85,55%;2,36%;0,00%;100,00%;3,91%;1,46%;4,07%;2,64%
2025;Propuesta de Investigación Convocatoria;No Avalada;963;Orquídeas: Mujeres en Inteligencia Artificial, Ciencias y Tecnologías Cuánticas 2025;MinCiencias;Ejecutor;N/A;N/A;12;N/A; $ 274.732.000 ; $ -   ; $ 220.332.000 ; $ 54.400.000 ; $ 220.332.000,00 ; $ -   ; $ 54.400.000 ; $ -   ; $ -   ; $ -   ; $ -   ; $ -   ; $ -   ; $ -   ; $ -   ;Se propone la creación de modelos de dimensionamiento que recurran a imágenes satelitales de las posibles comunidades energéticas y con apoyo de la inteligencia artificial, determinar las capacidades máximas que pueden ser instaladas en los techos y azoteas de la comunidad. La herramienta de inteligencia artificial que se genere de la metodología propuesta debe ser capaz de replicar las soluciones a diferentes comunidades lo cual facilitará el proceso de dimensionamiento y futura implementación de estas soluciones en las comunidades el Registro de Comunidades Energéticas (RCE). Este proyecto se alinea con la Misión de Transición Energética de las Políticas de Investigación e Innovación Orientadas por Misiones y particularmente apunta al eje de Inteligencia artificial y la línea temática de Optimización y gestión de energías renovables en territorio;"• Modelo desarrollado a partir de Inteligencia Artificial para el Aprovechamiento de Techos en Sistemas Fotovoltaicos en Comunidades Energéticas. 
• 1 Articulo de Investigación 
• 1 Trabajo de pregrado aprobado. 
• 1 Informe técnico final de investigación. 
• Recursos educativos abiertos 
o Cartillas digitales o Manuales no especializados o Cápsulas de videos explicativos 
o Recursos gráficos, tipo presentaciones e inforgrafias 
• 1 Vinculación de jóven Investigadora.";80,20%;19,80%;0,00%;100,00%;0,00%;0,00%;0,00%;0,00%
2025;Propuesta de Investigación Convocatoria;Seleccionada;963;Orquídeas: Mujeres en Inteligencia Artificial, Ciencias y Tecnologías Cuánticas 2026;MinCiencias;Ejecutor;N/A;N/A;12;N/A; $ 249.956.000 ; $ -   ; $ 232.956.000 ; $ 17.000.000 ; $ 232.956.000,00 ; $ -   ; $ 17.000.000 ; $ -   ; $ -   ; $ -   ; $ -   ; $ -   ; $ -   ; $ -   ; $ -   ;Los resultados esperados del proyecto incluyen el desarrollo de un modelo mecanocuántico que describa con precisión la respuesta óptica de fluoróforos acoplados a nanopartículas metálicas bajo excitación láser y en presencia de un baño térmico a temperatura finita. Se generarán simulaciones computacionales que permitan predecir cómo el tamaño, el recubrimiento de la nanopartícula, la temperatura del medio y la intensidad del láser afectan la emisión de los fluoróforos. Además, se llevarán a cabo experimentos que validen estos modelos teóricos mediante la síntesis, caracterización y funcionalización de nanopartículas de oro con fluoróforos como fluoresceína y rodamina, y su posterior análisis óptico bajo diferentes condiciones de excitación. A nivel medible y cuantificable, el proyecto dará lugar a la publicación de al menos un artículo científicos en una revista indexada de primer cuartil, la presentación de los resultados en un congresos internacional, y la formación de al menos una estudiante de pregrado (vincuada bajo la modalidad de joven investigadora) en técnicas avanzadas de modelado, simulación y caracterización óptica. También se espera el desarrollo de herramientas computacionales que puedan ser utilizadas en futuras investigaciones sobre interacción luz-materia a nanoescala. En el corto plazo, este proyecto fortalecerá la capacidad investigativa en nanotecnología y óptica en las instituciones participantes, fomentando colaboraciones entre grupos de investigación. A mediano plazo, se espera que los resultados permitan la optimización de nanosistemas híbridos con aplicaciones en bioimagenología, sensores ópticos y terapias fotodinámicas. A largo plazo, los avances en esta área podrían contribuir al desarrollo de estrategias más precisas y efectivas en el tratamiento del cáncer mediante hipertermia localizada, con impacto en la salud pública y en la consolidación de Colombia como un actor relevante en la investigación en nanomedicina. ;"Articulos A1 1
Reporte de criterios de diseño para mejorar la sensibilidad térmica de los nanosistemas. 1
Informes tecnicos de avance y final 2
Publicación en revistas científicas de divulgación de la Universidad Distrital (""Revista Científica"" o ""Tecnura"") 1
Comunicación social del conocimiento Estrategias de comunicación del conocimiento Participación del equipo en un evento de divulgación científica,como una feria universitaria o un encuentro de ciencia abierta.1
Comunicación social del conocimiento Generación de contenidos Se crearán infografías y videos cortos sobre los hallazgos del proyecto, difundidos en plataformas digitales de la universidad y redes sociales. 2
Comunicación con enfoque en las relaciones entre ciencia, tecnología y sociedad Estrategias de comunicación del conocimiento Coloquio sobre nanotecnología y biofotónica en medicina para docentes y estudiantes , y un seminario abierto para la comunidad académica sobre los avances y aplicaciones biomédicas del proyecto.2
Vinculación de jóvenes investigadores mediante becaspasantías a las actividades de CTeI Estudiante recien graduada de la Licenciatura en Física de la Universidad Distrital 1";93,20%;6,80%;0,00%;100,00%;0,00%;0,00%;0,00%;0,00%
2025;Propuesta de Investigación Convocatoria;Seleccionada;963;Orquídeas: Mujeres en Inteligencia Artificial, Ciencias y Tecnologías Cuánticas 2027;MinCiencias;Ejecutor;N/A;N/A;12;N/A; $ 248.612.000 ; $ -   ; $ 216.612.000 ; $ 32.000.000 ; $ 216.612.000,00 ; $ -   ; $ 32.000.000 ; $ -   ; $ -   ; $ -   ; $ -   ; $ -   ; $ -   ; $ -   ; $ -   ;"Corto plazo
Resultados medibles:
Obtención de configuraciones estructurales estables para los compuestos Cys+AlF3 y Gly+AlF3 intercalados en HOPG mediante simulaciones DFT.
Generación de imágenes simuladas STM comparables con datos experimentales de intercalación.
Identificación de las energías de adsorción y las barreras de difusión de las biomoléculas intercaladas.
Impacto a nivel nacional:
Iniciar el intercambio científico y técnico entre investigadores de Argentina y otras regiones mediante colaboraciones con el LASUI-IFIS y el Departamento de Física de Neutrones de la CNEA.
Fomentar el uso de métodos de modelización computacional avanzados como DFT en instituciones científicas nacionales, fortaleciendo la infraestructura de investigación en física y materiales.
Aportar avances en la investigación de materiales sostenibles para el almacenamiento de energía: Escritura de un paper científico, participación en congresos.
Mediano plazo
Resultados medibles:
Validación experimental de los compuestos intercalados a través de técnicas como XPS, STM y RBS, con resultados que confirmen la estabilidad y la morfología esperadas.
Identificación de las condiciones óptimas para la intercalación y comportamiento de los sistemas biomoleculares en el sustrato de HOPG.
Impacto a nivel regional:
Generación de conocimiento nuevo. Publicación de un artículo científico basado en los resultados del proyecto, consolidando su impacto académico.
Transferencia científica a través de la participación en congresos especializados, permitiendo la difusión del conocimiento generado.
Formación de una joven investigadora a través de su pasantía, promoviendo el desarrollo de nuevos talentos en el campo de la física de materiales y tecnologías cuánticas.
Establecimiento de vínculos más sólidos entre instituciones de América Latina, como LASUI-IFIS y CNEA en Argentina, promoviendo la cooperación en ciencia y tecnología.
Contribución a la formación de recursos humanos en áreas avanzadas de física de materiales y tecnologías cuánticas en América Latina.
Establecimiento de una línea de investigación en el Grupo de Instrumentación Científica & Didáctica de la Facultad de Ciencias de la Universidad Distrital, enfocada en el modelado computacional de materiales para almacenamiento de energía, promoviendo la continuidad del trabajo desarrollado en el proyecto.
Largo plazo
Resultados medibles:
Desarrollo de nuevos electrolitos híbridos más sostenibles y eficientes para su futura implementación en baterías recargables, mejorando la estabilidad y la eficiencia energética.
Publicación de artículos científicos y participación activa en congresos internacionales sobre energías renovables y materiales avanzados, consolidando la visibilidad internacional del proyecto.
Impacto a nivel nacional y regional:
Contribuir al estudio de materiales avanzados para baterías, reduciendo la dependencia de materiales tóxicos o contaminantes, como los derivados del litio.
Fomentar la investigación aplicada en energías renovables y tecnologías sostenibles, alineándose con los objetivos nacionales y regionales de transición energética y desarrollo tecnológico.
Posible transferencia de conocimiento a industrias locales relacionadas con el almacenamiento de energía, promoviendo el desarrollo de materiales más sostenibles y eficientes.";"Artículo de investigación Artículos categoría A1 Artículo Teórico-Experimental de la intercalación de Cys+AlF3 y Ala+AlF3, con aplicaciones en electrodos híbridos para baterías recargables. 1
Circulación de conocimiento especializado Participaciones u organizaciones de eventos científicos, tecnológicos y de innovación (congresos, seminarios, foros, conversatorios, talleres, entre otros) La joven investigadora y la doctora, participarán en los Coloquio de Licenciatura en Física y Semana de la Enseñanza de la Física en la Universidad Distrital Francisco José de Caldas.2
Ponencias Ponencias La Doctora presentará los avances del proyecto en un congreso internacional.1
Otros Otros Informe Final del Proyecto 1
Comunicación social del conocimiento Estrategias de comunicación del conocimiento Cuenta de TikTok del Proyecto. Creación de videos cortos (30-60 segundos) que expliquen de manera concisa las generalidades de la investigación. 1 o 2 por semana.1
Circulación de conocimiento especializado Participaciones u organizaciones de eventos científicos, tecnológicos y de innovación (congresos, seminarios, foros, conversatorios, talleres, entre otros) La Joven Investigadora participará en un congreso Internacional en modalidad póster. Discutirá sus resultados con expertos en el área y recibirá retroalimentación de otros investigadores interesados. 1
Joven investigador Vinculación de jóvenes investigadores mediante becaspasantías a las actividades de CTeI Se vinculará a la Joven Investigadora de este proyecto a becas y pasantías en el exterior. 1
Apoyo a la creación de programas o cursos de formación de investigadores, especialistas, tecnólogos o técnicos Apoyo a creación de cursos de pregrado Curso de Modelado Cuántico mediante DFT para Aplicaciones en  Materiales. 30 Estudiantes de pregrado";87,13%;12,87%;0,00%;100,00%;0,00%;0,00%;0,00%;0,00%
2025;Propuesta de Investigación Convocatoria;No Avalada;NA;Wellcome Discovery Award;Wellcome Trust;Ejecutor;NA;N/A;48;Aquaformat; $ 1.299.500.000 ; $ -   ; $ 1.299.500.000 ; $ -   ; $ 1.299.500.000,00 ; $ -   ; $ -   ; $ -   ; $ -   ; $ -   ; $ -   ; $ -   ; $ -   ; $ -   ; $ -   ;"Se pretende mejorar el control del uso de los medicamentos para reducir las descargas de los no metabolizados a los cuerpos de agua. 
Finalmente, se busca que este proyecto se convierta en un referente para la normatividad emitida por los Ministerios de Ambiente y Desarrollo Sostenible y Ministerio de Salud y Protección Social de Colombia que permitan modificar el Decreto 1575 de 2007 y la Resolución 2115 de 2007 en lo relacionado con agua potable, siendo Colombia así un referente a los países de Latinoamérica 
";"•	Protocolos de muestreo en agua cruda y potable para la detección de antibióticos (Cefalexina, Amoxicilina y Azitromicina).
•	Participación en congresos nacionales e internacionales
•	Protocolos de estandarización y validación de técnicas analíticas de UV-VIS y HPLC para cuantificación de antibióticos (Cefalexina, Amoxicilina y Azitromicina).
•	Generación de artículos científicos en revistas indexadas. 
";100,00%;0,00%;0,00%;0,00%;0,00%;0,00%;0,00%;0,00%
2025;Propuesta de Investigación Convocatoria;No Avalada;NA;"CONVOCATORIA DE INVESTIGACIÓN PARA GRUPOS DE INVESTIGACIÓN 2025";ICFES;Ejecutor;NA;N/A;4,5;N/A; $ 105.060.000 ; $ -   ; $ 34.500.000 ; $ 70.560.000 ; $ 34.500.000,00 ; $ -   ; $ 70.560.000 ; $ -   ; $ -   ; $ -   ; $ -   ; $ -   ; $ -   ; $ -   ; $ -   ;Determinar el efecto de las instituciones educativas en las trayectorias de los estudiantes de bajo capital cultural, con resultados superiores al promedio nacional de las pruebas Saber 11 admitidos en la Educación Superior;"•un artículo científico para una revista indexada
•presentación de resultados en eventos académicos internacionales especializados en educación, desigualdad y políticas públicas, 
• elaboración de un informe técnico dirigido a las instituciones educativas participantes.";32,84%;67,16%;0,00%;100,00%;0,00%;0,00%;0,00%;0,00%
2025;Propuesta de Investigación Convocatoria;No Avalada;966;CONVOCATORIA COLOMBIA INTELIGENTE: CIENCIA Y TECNOLOGÍAS CUÁNTICAS E INTELIGENCIA ARTIFICIAL PARA LOS TERRITORIOS;MinCiencias;Aliado;"Universidad America
Escuela Tecnológica Instituto Técnico Central
Empresa B&V Ingenieros SAS
Asociación principal: Asociación Departamental de Usuarios Campesinos de Cundinamarca. ANUC Cundinamarca";N/A;18;GIIRA; $ 2.051.819.892 ; $ -   ; $ 1.500.000.000 ; $ 551.819.892 ; $ 1.500.000.000,00 ; $ -   ; $ 218.400.000 ; $ -   ; $ 221.099.892 ; $ -   ; $ 52.416.000 ; $ -   ; $ 59.904.000 ; $ -   ; $ -   ;"La propuesta para la valorización sostenible de residuos orgánicos mediante el uso de Hermetia illucens aporta beneficios económicos, sociales y ambientales coherentes con el perfil de las comunidades beneficiarias.
En términos económicos, la bioconversión de 100 kg de residuos orgánicos húmedos genera aproximadamente entre 10 y 15 kg de larvas frescas (con alta humedad, alrededor del 60-70%) y alrededor de 50 a 60 kg de frass húmedo, que puede usarse como fertilizante orgánico. Esta estimación es consistente con estudios recientes donde se reportan tasas de conversión (de residuos a biomasa larvaria) entre 10 y 15% en peso fresco y producción de frass que mantiene un contenido de humedad cercano al 60% (Diener et al., 2011; Nguyen et al., 2015). Esto permite transformar un residuo que inicialmente no tiene valor comercial en productos con valor agregado, generando oportunidades de negocio y emprendimiento local. La venta o uso de larvas como alimento para animales y el uso del frass para agricultura generan ahorro en insumos para las familias y organizaciones participantes (Lalander et al., 2019). Además, experiencias globales muestran que estas iniciativas pueden convertirse en modelos de negocio socialmente inclusivos, fomentando la sostenibilidad económica de las comunidades (Joly & Nikiema, 2022; Beesigamukama et al., 2020).
Desde el punto de vista social, el proyecto fomenta la generación de empleo local, especialmente para jóvenes y mujeres en las comunidades, promoviendo la inclusión social y equidad. Estudios de casos en comunidades vulnerables indican que iniciativas similares generan entre 1 y 2 empleos directos por cada 1000 kg de residuos procesados mensualmente (Sheppard et al., 2018). Se espera que al menos un 15-20% de los miembros activos de las organizaciones participen directamente en las actividades de recolección, manejo y transformación de residuos, fortaleciendo el tejido comunitario y el empoderamiento local. La capacitación en tecnologías 4.0 e inteligencia artificial aumenta las capacidades técnicas y la participación activa de la comunidad en procesos innovadores, fortaleciendo además la cohesión social y la equidad (Montenegro-Marín et al., 2025; Beesigamukama et al., 2020).
En el ámbito ambiental, la reducción del volumen y la carga contaminante de los residuos orgánicos evita emisiones de gases de efecto invernadero y la contaminación de suelos y cuerpos de agua. La transformación biológica con Hermetia illucens contribuye a una gestión sostenible de residuos, disminuyendo hasta un 30-40% la materia orgánica que termina en vertederos o en disposición inadecuada (Diener et al., 2011). La generación de frass con alto valor como fertilizante orgánico favorece la recuperación de suelos y promueve prácticas agrícolas sostenibles, cerrando ciclos dentro de una bioeconomía circular (Lalander et al., 2019; Menegon et al., 2020). Además, la experiencia internacional señala que estos sistemas integrados en comunidades fomentan una economía circular con impactos positivos en la resiliencia ambiental local (Joly & Nikiema, 2022).
Cuantitativamente, para cada 100 kg de residuos tratados, se estima una reducción efectiva del 30-40% del residuo inicial en forma de gases y agua evaporada, manteniendo un balance hídrico coherente con la entrega de frass húmedo (Nguyen et al., 2015). El sistema favorece la creación de aproximadamente 1 a 2 empleos directos por cada 1000 kg de residuo procesado mensualmente, generando ahorro en insumos y mejorando la calidad de vida de las familias involucradas (Sheppard et al., 2018). La participación comunitaria se traduce en mayor conciencia ambiental, mejora en las condiciones sanitarias locales y fortalecimiento del capital social (Montenegro-Marín et al., 2025; Beesigamukama et al., 2020).
";"Nuevo conocimiento
(2)  Artículos científicos de los primeros dos cuartiles de indexación en scopus, publindex
Objetivo asociados 2 y 3
Desarrollo tecnológico e innovación
(1) Prototipo funcional de sistema inteligente de cría y monitoreo de Hermetia illucens (TRL 4-7).
(1) Software registrado para monitoreo y análisis ambiental en procesos de bioconversión.
(1) Modelo de IA entrenado para clasificación de residuos y predicción de eficiencia de conversión.
Objetivos asociados 1 y 2
Apropiación social del conocimiento
(1) Módulo de formación para organizaciones comunitarias en bioeconomía circular e IA. con enfoque poblacional- Estrategia de formación y fortalecimiento de capacidades
(1) Sistematización del proceso de apropiación tecnológica con comunidades 
(2) Eventos de transferencia tecnológica y socialización de resultados.
(1)Videos educativos
(1) cartilla sobre bioconversión y tecnologías 4.0.
Objetivos asociados 4
";73,11%;10,64%;0,00%;100,00%;10,78%;2,55%;2,92%;0,00%
2025;Propuesta de Investigación Convocatoria;No Avalada;03 de 2025;Chamada MCTI/CNPq nº 03/2025;Conselho Nacional de Desenvolvimento Científico e Tecnológico - CNPq;Aliado;"Facultad de Ingeniería Química (FEQ) y Facultad de Física (FAFIS) – Universidad Federal del Sur y  Sudeste de Pará (UNIFESSPA)
• Departamento Académico de Ingeniería (DAENG) - Universidad Tecnológica Federal de Paraná(UTFPR)
• Centro de Energías Alternativas y Renovables (CEAR) - Universidad Federal de Paraíba (UFPB)
• Departamento de Ingeniería Química (DEQ) - Universidad Federal de Santa Maria (UFSM)
• Departamento de Ingeniería Química y Ambiental - Universidad Nacional de Colombia (UNAL)
• Curso de Ingeniería Química - Universidad Franciscana (UFN)";N/A;24;N/A; $ 141.404.460 ; $ -   ; $ 141.404.460 ; $ -   ; $ 141.404.460,00 ; $ -   ; $ -   ; $ -   ; $ -   ; $ -   ; $ -   ; $ -   ; $ -   ; $ -   ; $ -   ;"Estudiar el potencial de aplicación del biocarbón de semillas de açaí en el suelo en cuanto a su capacidad de
captura de CO2 y desarrollar una tecnología popular y de bajo costo para que los pequeños agricultores produzcan
biocarbón a partir de este residuo";"Productos esperados - Año 1:
• Informes detallados sobre las propiedades de las semillas de açaí utilizadas como materia prima
para la producción de biocarbón.
• Informes sobre las características físico-químicas de las muestras de suelo recogidas.
• Desarrollo y montaje del horno de pirólisis de bajo costo.
• Documentación técnica y fotos del prototipo construido, acompañadas del manual de operación y
análisis de costo-beneficio.
• Producción y caracterización inicial de biocarbones.
• Informes parciales de actividades técnicas y científicas.
• Participación en eventos regionales y talleres de extensión.
• Presentación de al menos dos artículos en revistas internacionales de alto impacto.
• Realización de al menos dos eventos de participación comunitaria, incluyendo conferencias y
demostraciones prácticas de la tecnología desarrollada.
Productos esperados – Año 2:
• Informes detallados sobre las propiedades de los biocarbones sintetizados en el laboratorio y en el
reactor de bajo coste.
• Informes con las características físico-químicas del suelo que contiene biocarbón tras el proceso
de incubación.
• Informes detallados sobre la evaluación de la capacidad de adsorción de CO₂ de los biocarbones,
el suelo y los biocarbones incubados en el suelo.
• Informes con el análisis de viabilidad técnica, económica y medioambiental.
• Presentación de al menos dos artículos a revistas internacionales de alto impacto y participación en
congresos nacionales y/o internacionales con presentación oral o póster.
• Formación de recursos humanos.
• Materiales de divulgación científica y concienciación medioambiental.
• Producción de folletos educativos, vídeos explicativos y podcasts con un lenguaje accesible,
dirigidos a la comunidad local y escolar.
• Consolidación de alianzas y fortalecimiento institucional.
• Ampliación de la red de colaboración entre investigadores, comunidades locales e instituciones
involucradas, promoviendo nuevas oportunidades de cooperación científica y tecnológica.";100,00%;0,00%;0,00%;0,00%;0,00%;0,00%;0,00%;0,00%
2025;Propuesta de Investigación Convocatoria;No Avalada;N/A;Vision Grant;Spencer Foundation;Ejecutor;N/A;N/A;13;N/A; $ 288.562.500 ; $ -   ; $ 288.562.500 ; $ -   ; $ 288.562.500,00 ; $ -   ; $ -   ; $ -   ; $ -   ; $ -   ; $ -   ; $ -   ; $ -   ; $ -   ; $ -   ;"Estableceremos un plan para cambiar las prácticas de enseñanza en las escuelas públicas de Bogotá (Colombia). Indicadores como los resultados PISA revelan que existe un bajo nivel de rendimiento educativo en Colombia. El sistema educativo de Bogotá es un referente nacional, y la ciudad alberga un alto número de estudiantes. Un cambio en el sistema educativo de Bogotá podría incubar transformaciones más amplias a nivel nacional. Además, la disminución en la matrícula estudiantil en Bogotá presenta una oportunidad para mejorar el desarrollo profesional docente.

Perseguimos una transformación significativa en las prácticas docentes reales del día a día, incluyendo las actividades de desarrollo profesional (ADP) como parte integral de su trabajo. Seguiremos el enfoque de comunidades de mejora en red. Por lo tanto, nuestro objetivo es establecer un centro en red mientras identificamos las condiciones reales de las prácticas docentes para integrar las ADP. Este centro en red debe estar compuesto por diferentes investigadores, docentes, líderes docentes, parte del personal administrativo escolar y representantes del gobierno. Asimismo, identificaremos las condiciones necesarias para implementar comunidades de práctica sistémicas dentro de las prácticas pedagógicas docentes. De este modo, el principal resultado será un plan integral para integrar las ADP en las prácticas de los docentes de las escuelas públicas de Bogotá, permitiéndoles identificar áreas de reflexión y acción.";"•Participación en una conferencia
•Un informe final";100,00%;0,00%;0,00%;0,00%;0,00%;0,00%;0,00%;0,00%
2025;Propuesta de Investigación Convocatoria;No Avalada;N/A;Convocatoria interna de investigación 2026;Universidad Pedagógica Nacional - UPN;Aliado;Universidad Pedagogica Nacional;N/A;12;N/A; $ 57.945.768 ; $ -   ; $ 46.972.884 ; $ 10.972.884 ; $ 46.972.884,00 ; $ -   ; $ 10.972.884 ; $ -   ; $ -   ; $ -   ; $ -   ; $ -   ; $ -   ; $ -   ; $ -   ;Explorar la posibilidad teórica de que la filosofía pueda ser comprendida como derecho. ;"Objetivo 1: Texto publicable sobre la idea de derecho y se explore su relación con los ideales de vida democráticos.
Objetivo 1. Ponencia en evento académico o divulgativo
Objetivo 2: Texto publicable sobre las distintas tipologías de derecho, los asuntos a los que se refiere y las posibles vías en las que puede hablarse de derecho a la filosofía. 
Objetivo 2. Ponencia en evento académico o divulgativo.
Objetivo 3: Texto publicable sobre las distintas formas de comprender la filosofía y se explore las formas en las que ella puede ser comprendida cuando se establece como derecho.
Objetivo 3. Ponencia en evento académico o divulgativo.
Objetivo 4: Texto publicable en el que se diagnostique o se exprese la necesidad de que la filosofía sea comprendida como derecho
Objetivo 4: Texto publicable en el que se revelen y exploren formas fundamentales en las que la filosofía ha estado presente social y culturalmente, previo a su consideración como derecho.
Objetivo 4. Ponencia en evento académico o divulgativo.
";81,06%;18,94%;0,00%;100,00%;0,00%;0,00%;0,00%;0,00%
2025;Propuesta de Investigación Convocatoria;Seleccionada;N/A;"CONVOCATORIA CITECDES:
IMPULSO A LA INVESTIGACIÓN PARA EL DESARROLLO SOSTENIBLE 2026 UNIVERSIDAD SANTO TOMÁS SECCIONAL TUNJA";Universidad Santo Tomas Seccional Tunja;Aliado;"Universidad Santo Tomas Seccional Tunja
Escuela Tecnológica Instituto Técnico Central (ETITC)";N/A;10;Grupo de Investigación en Energías Alternativas GIEAUD; $ 40.645.800 ; $ -   ; $ 6.000.000 ; $ 34.645.800 ; $ 6.000.000,00 ; $ -   ; $ 10.081.800 ; $ -   ; $ 15.573.000 ; $ -   ; $ 8.991.000 ; $ -   ; $ -   ; $ -   ; $ -   ;"Obtener una geometría de rotor optimizada que, que, al ser reemplazada en una bomba hidráulica comercial, le permita operar como turbina (PAT) con un aumento significativo en la eficiencia hidrodinámica respecto al rotor original.
➢
Generar modelos numéricos que sirvan como base para futuros desarrollos en turbomáquinas reversibles.
➢
Validar numéricamente el desempeño hidráulico de las geometrías propuestas.
➢
Fortalecer la capacidad investigativa interinstitucional en el área de ingeniería hidroambiental aplicada a energías renovables.";"Artículo en revista indexada categoría B 1
Desarrollo Tecnológico e Innovación software de cálculo hidrodinámico 1
Apropiación Social del Conocimiento Divulgación en evento científico con componente de apropiación 1
Formación de Recurso Humano Trabajos de grado de pregrado 2";14,76%;24,80%;0,00%;100,00%;38,31%;22,12%;0,00%;0,00%
2025;Propuesta de Investigación Convocatoria;En tramite;971;"CONVOCATORIA PARA LA FINANCIACIÓN DE PROYECTOS DE CTEI CON ENFOQUE EN
APROPIACIÓN SOCIAL DEL CONOCIMIENTO PARA EL DESARROLLO DE COMUNIDADES
ENERGÉTICAS EN EL PAÍS";MinCiencias;Proponente;"CONSEJO COMUNITARIO LOS ANDES
OSI COLOMBIA ENERGÍA SOLAR SAS
NODRIZA FÁBRICA DE PROYECTOS SAS
NEPTURA ZOMAC SAS
GUADA HOLDING SAS";N/A;36;GCEM; $ 3.669.679.393 ; $ -   ; $ 3.420.851.593 ; $ 248.827.800 ; $ 3.420.851.593,00 ; $ -   ; $ 188.329.050 ; $ -   ; $ 49.110.750 ; $ -   ; $ 11.388.000 ; $ -   ; $ -   ; $ -   ; $ -   ;"Línea base socio-energética y térmica; inventarios y mapas de recurso; modelo de demanda; estudio de
factibilidad (CAPEX/OPEX) y ruta regulatoria para la microred comunitaria.
Prototipos validados a nivel de campo; documentación técnica (planos, unifilares, especificaciones, SOPs);
software EMS y gemelo digital básico; expediente regulatorio para operación.
Solución energética operando en sitio; indicadores de disponibilidad, continuidad y calidad del suministro;
plan de O&M, plan de respuesta a emergencias y esquema de sostenibilidad financiera (tarifas
internas/fondo de reposición)
Operadores locales certificados; comunidad empoderada y participando en la gestión; productos de
Apropiación Social del Conocimiento (ASC) y manuales implementados.
Reducción de brechas tecnológicas; paquetes tecnológicos replicables; acuerdos de cooperación para
escalamiento y adopción en nuevas comunidades rurales.";"Informe técnico
Documento de análisis financiero.
Documento de evaluación ambiental.
Análisis de factibilidad global del proyecto con enfoque en sostenibilidad.
Documento jurídicoregulatorio.
Actas de participación comunitaria.
Estrategia inicial de formación y transferencia hacia la comunidad beneficiaria.
Plan que detalla cómo el proyecto genera beneficios comunitarios sostenibles.
Documento de diagnóstico socioenergético participativo.
Registro de talleres y encuestas.
";93,22%;5,13%;0,00%;100,00%;1,34%;0,31%;0,00%;0,00%
2025;Propuesta de Investigación Convocatoria;En tramite;971;"CONVOCATORIA PARA LA FINANCIACIÓN DE PROYECTOS DE CTEI CON ENFOQUE EN
APROPIACIÓN SOCIAL DEL CONOCIMIENTO PARA EL DESARROLLO DE COMUNIDADES
ENERGÉTICAS EN EL PAÍS";MinCiencias;Aliado;"*EFICIENCIA ENERGETICA Y GENERACION ALTERNATIVA DE ENERGIA SAS 
* AGRO360 SAS COEJECUTOR
* ASOCIACION DE PRODUCTORES AGROPECUARIOS AGUAS VIVAS TOTORO 
* UNIVERSIDAD TECNOLÓGICA DE PEREIRA";N/A;24;"Grupo de Compatibilidad e Interferencia
Electromagnética GCEM"; $ 3.289.733.475 ; $ -   ; $ 2.278.021.904 ; $ 1.011.711.571 ; $ 2.278.021.904,00 ; $ -   ; $ 45.449.342 ; $ -   ; $ 60.000.000 ; $ -   ; $ 806.262.229 ; $ -   ; $ 100.000.000 ; $ -   ; $ -   ;"Con esta convocatoria se busca fortalecer las relaciones de tecnociencia respecto a la posibilidad de la adaptación de la tecnología
que pueda ser adquirida o creada a los contextos sociales, culturales y ambientales donde se calcule impacten en el desarrollo de los
proyectos.
Implementación, dotación, promoción y operación de comunidades energéticas con foco en acceso a la energía y/o mejora en el
servicio o reducción de costos.";"Estudio de viabilidad
Modelo de gobernanza
Sistema de generación solar fotovoltaico
Estrategía de comunicación y difusión
Plan de operación y mantenimiento";69,25%;1,38%;0,00%;100,00%;1,82%;24,51%;3,04%;0,00%
2025;Propuesta de Investigación Convocatoria;Avalada;50;CONVOCATORIA EN INVESTIGACIÓN BÁSICA;MinCiencias;Proponente;N/A;N/A;36;Aquaformat; $ 10.051.193.271 ; $ -   ; $ 9.891.583.333 ; $ 159.609.938 ; $ 9.891.583.333,00 ; $ -   ; $ 159.609.938 ; $ -   ; $ -   ; $ -   ; $ -   ; $ -   ; $ -   ; $ -   ; $ -   ;Incrementar la participación de proyectos I+D +i del área OCDE ciencias biológica en el departamento del Vichada y financiados por MinCiencias;"36 Informes de Supervisión
3 Documentos de Investigación
1Estrategia de ASC
2 Estancias de Investigación
6 Jovenes Investigadores";98,41%;1,59%;0,00%;100,00%;0,00%;0,00%;0,00%;0,00%
2025;Formacion de Alto Nivel;No Avalada;44;FORTALECIMIENTO DE CAPACIDADES REGIONALES MEDIANTE LA FORMACIÓN DE TALENTO HUMANO A NIVEL DE DOCTORADO Y MAESTRÍA, ALINEADO CON LOS RETOS ESTRATÉGICOS DE CTeI DEL PLAN BIENAL 2025-2026;MinCiencias;Aliado;Universidad de la Sabana;N/A;96;"Uso y conservación de la diversidad forestal 
Aquaformat
Propobos
Indesos
Grupo de Estudios Ambientales GEAUD
Fluoreciencia
Poiesis XXI
Contexto,Música y Arte- COMA
Investigación para la Creación Artística
Dramaturgías del cuerpo y Escrituras del Espacio
Vivencias  
AQUAFORMAT
ARCO-SES
ARMOS
GCEM
GEFEM
GESETIC
GICE
GICOECOL
GICOGE
GIDENUTAS
GIDPAD
GIICUD
GIIRA
GISE3
GITEM++
GITUD
GRECO
IDEAS
INTECSE
INTERNET INTELIGENTE
ITI
LASER
LIDER
LIFAE
MULTIMEDIA INTERACTIVA Y ANIMACIÓN DIGITAL
NIDE
Diseño, Modelamiento y Simulación DIMSI
Grupo de investigación en cadenas de abastecimiento, logística y trazabilidad GICALyT
Ingeniería y Nanotecnología para la Vida INVID
LAMIC
GEIT"; $ 17.265.991.587 ; $ -   ; $ 16.149.061.715 ; $ 1.116.929.872 ; $ 16.149.061.715,00 ; $ -   ; $ 132.800.000 ; $ -   ; $ 984.129.872 ; $ -   ; $ -   ; $ -   ; $ -   ; $ -   ; $ -   ;"El proyecto FORTALECIMIENTO DE LAS CAPACIDADES DEL TALENTO HUMANO PARA LA GENERACIÓN Y DIVULGACIÓN DE CONOCIMIENTO, DESARROLLO TECNOLÓGICO E INNOVACIÓN EN LA REGIÓN CENTRO ORIENTE BOGOTÁ Y CUNDINAMARCA, entregará 67 estudiantes con beca para estudio de doctorado y 20 estudiantes con beca para estudio de maestría, mediante recursos de Asignaciones CTeI del SGR y recursos de contrapartida de la Universidad de La Sabana y la Universidad Distrital Francisco José de Caldas. De acuerdo con el Observatorio Laboral para la Educación, durante los últimos 5 años en el Departamento de Cundinamarca se han graduado de doctorado en promedio 11,4 personas por año, por lo tanto, se incrementará en más de un 200% esta cifra durante los años 4 y 5 de este proyecto cuando se espera que se gradúen los beneficiarios.

Cada uno de los doctores formados generará una producción mínima de un (1) artículo de investigación publicado en una revista indexada en la base de datos Scopus o WoS, así como la divulgación de los resultados de su investigación en el marco de la estrategia institucional de divulgación descrita en este documento.

El desarrollo de los trabajos de investigación con calidad e impacto por parte de cada estudiante de doctorado será orientado a atender las demandas territoriales de Bogotá D.C. y el Departamento de Cundinamarca desde los diferentes alcances temáticos definidos por la convocatoria, en materia de ciencia, tecnología e innovación dentro de los retos establecidos por el Plan Bienal de convocatorias 2025-2026 de la Asignación para la Ciencia Tecnología e Innovación del Sistema General de Regalías, de la siguiente manera:

•	Tesis doctorales dirigidas a atender las demandas de Bogotá D.C: 40.
•	Tesis doctorales dirigidas a atender las demandas del Departamento de Cundinamarca: 27.
•	Tesis de maestría dirigidas a atender las demandas de Bogotá D.C: 16.
•	Tesis de maestría dirigidas a atender las demandas del Departamento de Cundinamarca: 4.

Se espera que los resultados de las tesis de estos 87 nuevos profesionales de alto nivel incrementen la contribución de la CTeI al desarrollo social, ambiental, económico y sostenible de la Región Centro Oriente y el país, una de las metas definidas en la Política Nacional de Ciencia Tecnología e Innovación, y a largo plazo al crecimiento económico de Colombia.

Así mismo, al aumentar el número de investigadores reconocidos por el SNCTI, mejore el empleo intensivo en conocimiento acercando al país a esa meta de ser un referente regional y el tercer país más innovador de Latinoamérica. Así mismo, al aumentar el acervo de capital científico del país con formación de alto nivel, se espera que a mediano y largo plazo aumente la capacidad nacional de generación de conocimiento científico de calidad e impacto, lo que sitúe a Colombia más arriba en los rankings internacionales.
Finalmente, la ciencia al servicio de las comunidades y territorios, con resultados relevantes para las necesidades de la región, contribuirá a aumentar el bienestar social y las políticas públicas orientadas a mejorar la calidad de vida de los(las) ciudadanos(as).
";"67 Becas DOctorales 
20 Becas de maestria";93,53%;0,77%;0,00%;100,00%;5,70%;0,00%;0,00%;0,00%
2026;Restauración Ecologica;Avalada;9;CONVOCATORIA PARA LA CONSERVACIÓN DE ÁREAS AMBIENTALES ESTRATÉGICAS Y LUCHA NACIONAL CONTRA LA DEFORESTACIÓN;MinAmbiente (SGR);Ejecutor;Alcaldia Municipal de Atrato;N/A;24;No Presentado;   ; $ -   ; $ 12.000.000.000 ; $ -   ; $ 12.000.000.000,00 ; $ -   ; $ -   ; $ -   ; $ -   ; $ -   ; $ -   ; $ -   ; $ -   ; $ -   ; $ -   ;Disminuir la pérdida progresiva de la biodiversidad y deterioro de la provisión de servicios ecosistémicos en áreas ambientales estratégicas en el Municipio de Atrato – Chocó;"Áreas en proceso de restauración Hectáreas 410
Número de asistencias técnicas Asistencias técnicas realizadas 36";0,00%;0,00%;0,00%;0,00%;0,00%;0,00%;0,00%;0,00%
2026;Restauración Ecologica;Avalada;9;CONVOCATORIA PARA LA CONSERVACIÓN DE ÁREAS AMBIENTALES ESTRATÉGICAS Y LUCHA NACIONAL CONTRA LA DEFORESTACIÓN;MinAmbiente (SGR);Ejecutor;Alcaldía de Murindo;N/A;24;No Presentado; $ 12.000.000.000 ; $ -   ; $ 12.000.000.000 ; $ -   ; $ 12.000.000.000,00 ; $ -   ; $ -   ; $ -   ; $ -   ; $ -   ; $ -   ; $ -   ; $ -   ; $ -   ; $ -   ;Disminuir la pérdida progresiva de la biodiversidad y deterioro de la provisión de servicios ecosistémicos en áreas ambientales estratégicas del municipio de Murindó.;"Áreas en proceso de restauración Hectáreas 401,6
Número de asistencias técnicas Asistencias técnicas realizadas 5";100,00%;0,00%;0,00%;0,00%;0,00%;0,00%;0,00%;0,00%
2026;Restauración Ecologica;Avalada;9;CONVOCATORIA PARA LA CONSERVACIÓN DE ÁREAS AMBIENTALES ESTRATÉGICAS Y LUCHA NACIONAL CONTRA LA DEFORESTACIÓN;MinAmbiente (SGR);Ejecutor;Municipio de Nóvita;N/A;24;No Presentado; $ 12.000.000.000 ; $ -   ; $ 12.000.000.000 ; $ -   ; $ 12.000.000.000,00 ; $ -   ; $ -   ; $ -   ; $ -   ; $ -   ; $ -   ; $ -   ; $ -   ; $ -   ; $ -   ;"Disminuir la pérdida progresiva de la biodiversidad y deterioro de la
provisión de servicios ecosistémicos en áreas ambientales estratégicas del Municipio de Novita – Choco.";"Áreas en proceso de restauración Hectáreas 411,02
Número de asistencias técnicas Asistencias técnicas realizadas 30";100,00%;0,00%;0,00%;0,00%;0,00%;0,00%;0,00%;0,00%
2026;Restauración Ecologica;Avalada;9;CONVOCATORIA PARA LA CONSERVACIÓN DE ÁREAS AMBIENTALES ESTRATÉGICAS Y LUCHA NACIONAL CONTRA LA DEFORESTACIÓN;MinAmbiente (SGR);Ejecutor;Institución Universitaria del Putumayo;N/A;24;No Presentado; $ 12.000.000.000 ; $ -   ; $ 12.000.000.000 ; $ -   ; $ 12.000.000.000,00 ; $ -   ; $ -   ; $ -   ; $ -   ; $ -   ; $ -   ; $ -   ; $ -   ; $ -   ; $ -   ;Contribuir en la recuperación de coberturas estratégicas de conectividad asociadas a planos de inundación y corredores riparios del sistema hídrico Caño la Hormiga – Tomo – río Orinoco (PNN El Tuparro).;"Áreas en proceso de restauración Hectáreas 167,56
Número de asistencias técnicas Asistencias técnicas realizadas 20";100,00%;0,00%;0,00%;0,00%;0,00%;0,00%;0,00%;0,00%
2026;Restauración Ecologica;Avalada;10;Conservación de áreas ambientales estratégicas y lucha nacional contra la deforestación para pueblos y comunidades indígenas;MinAmbiente (SGR);Ejecutor;"• Autoridades indígenas del resguardo Chaquenodá
• Familias del resguardo Chaquenodá
• CORANTIOQUIA
• Fundación Genene";N/A;24;No Presentado; $ 8.000.000.000 ; $ -   ; $ 8.000.000.000 ; $ -   ; $ 8.000.000.000,00 ; $ -   ; $ -   ; $ -   ; $ -   ; $ -   ; $ -   ; $ -   ; $ -   ; $ -   ; $ -   ;Contribuir a la conservación y manejo sostenible de áreas ambientales estratégicas en el Resguardo Indígena Emberá Katío de Chaquenodá mediante procesos de restauración ecológica participativa, fortalecimiento de la gobernanza ambiental indígena y desarrollo de economías de la naturaleza que promuevan la reducción de la deforestación y la sostenibilidad socioecológica del territorio.;"Área de ecosistemas estratégicos intervenidos mediante restauración ecológica participativa.	450 hectáreas intervenidas.
5 jornadas de formación comunitaria.
50 hectáreas con sistemas productivos sostenibles implementados.";100,00%;0,00%;0,00%;0,00%;0,00%;0,00%;0,00%;0,00%
2026;Restauración Ecologica;Avalada;10;Conservación de áreas ambientales estratégicas y lucha nacional contra la deforestación para pueblos y comunidades indígenas;MinAmbiente (SGR);Ejecutor;"• Resguardo Ancestral Del Pueblo Tamaz Dujos Del Caguán Paniquita
• Familias del resguardo indígena
• Departamento del Huila";N/A;24;No Presentado; $ 7.895.500.000 ; $ -   ; $ 7.895.500.000 ; $ -   ; $ 7.895.500.000,00 ; $ -   ; $ -   ; $ -   ; $ -   ; $ -   ; $ -   ; $ -   ; $ -   ; $ -   ; $ -   ;Disminuir la pérdida progresiva de la biodiversidad y deterioro de la provisión de servicios ecosistémicos en el territorio del Resguardo Ancestral Del Pueblo Tamaz Dujos Del Caguán Paniquita.;"Áreas en proceso de restauración Hectáreas 304,76
Número de asistencias técnicas Asistencias técnicas realizadas 41";100,00%;0,00%;0,00%;0,00%;0,00%;0,00%;0,00%;0,00%
2026;Restauración Ecologica;Avalada;10;Conservación de áreas ambientales estratégicas y lucha nacional contra la deforestación para pueblos y comunidades indígenas;MinAmbiente (SGR);Ejecutor;"• Resguardo Indígena De Tóez De Caloto - Cooperante
• Familias del resguardo indígena - Beneficiario
• Departamento del Cauca - Beneficiario";N/A;24;No Presentado; $ 7.798.500.000 ; $ -   ; $ 7.798.500.000 ; $ -   ; $ 7.798.500.000,00 ; $ -   ; $ -   ; $ -   ; $ -   ; $ -   ; $ -   ; $ -   ; $ -   ; $ -   ; $ -   ;Disminuir la pérdida progresiva de la biodiversidad y deterioro de la provisión de servicios ecosistémicos en áreas ambientales estratégicas del Resguardo Indígena de Toez en Caloto Cauca.;"Áreas en proceso de restauración Hectáreas 307,43
Número de asistencias técnicas Asistencias técnicas realizadas 11";100,00%;0,00%;0,00%;0,00%;0,00%;0,00%;0,00%;0,00%
2026;Restauración Ecologica;Avalada;11;Conservación de áreas ambientales estratégicas y lucha nacional contra la deforestación para comunidades negras, afrocolombianas, raizales y palenqueras;MinAmbiente (SGR);Ejecutor;Consejo Comunitario General del Río Baudó (ACABA);N/A;24;No Presentado; $ 7.895.000.356 ; $ -   ; $ 7.895.000.356 ; $ -   ; $ 7.895.000.356,08 ; $ -   ; $ -   ; $ -   ; $ -   ; $ -   ; $ -   ; $ -   ; $ -   ; $ -   ; $ -   ;Disminuir la pérdida de la biodiversidad y sus servicios ecosistémicos de áreas ambientales estratégicas en el Consejo Comunitario General del Río Baudó y sus Afluentes (ACABA);"Áreas en proceso de restauración Hectáreas 312,23
Número de asistencias técnicas Asistencias técnicas realizadas 7";100,00%;0,00%;0,00%;0,00%;0,00%;0,00%;0,00%;0,00%
2026;Restauración Ecologica;Avalada;11;Conservación de áreas ambientales estratégicas y lucha nacional contra la deforestación para comunidades negras, afrocolombianas, raizales y palenqueras;MinAmbiente (SGR);Ejecutor;Consejo Comunitario Mayor de Unión Panamericana;N/A;24;No Presentado; $ 7.991.600.100 ; $ -   ; $ 7.991.600.100 ; $ -   ; $ 7.991.600.100,00 ; $ -   ; $ -   ; $ -   ; $ -   ; $ -   ; $ -   ; $ -   ; $ -   ; $ -   ; $ -   ;Disminuir la pérdida progresiva de la biodiversidad y deterioro de la provisión de servicios ecosistémicos en áreas ambientales estratégicas del Consejo Comunitario Mayor de Unión Panamericana - COCOMAUPA.;"Áreas en proceso de restauración Hectáreas 308,1
Número de asistencias técnicas Asistencias técnicas realizadas 5";100,00%;0,00%;0,00%;0,00%;0,00%;0,00%;0,00%;0,00%
2026;Restauración Ecologica;Avalada;11;Conservación de áreas ambientales estratégicas y lucha nacional contra la deforestación para comunidades negras, afrocolombianas, raizales y palenqueras;MinAmbiente (SGR);Ejecutor;Consejo Comunitario Afrocolombiano de Bajo de Polo ;N/A;24;No Presentado; $ 7.950.850.800 ; $ -   ; $ 7.950.850.800 ; $ -   ; $ 7.950.850.800,00 ; $ -   ; $ -   ; $ -   ; $ -   ; $ -   ; $ -   ; $ -   ; $ -   ; $ -   ; $ -   ;Recuperar el BST y los servicios ecosistémicos en el territorio del Consejo Comunitario Afrocolombiano de Bajo Polo del Corregimiento de Rotinet;"Áreas en proceso de restauración Hectáreas 167,56
Número de asistencias técnicas Asistencias técnicas realizadas 41";100,00%;0,00%;0,00%;0,00%;0,00%;0,00%;0,00%;0,00%
2026;Restauración Ecologica;Avalada;11;Conservación de áreas ambientales estratégicas y lucha nacional contra la deforestación para comunidades negras, afrocolombianas, raizales y palenqueras;MinAmbiente (SGR);Ejecutor;Consejo Comunitario de Campesinos y Pescadores de la Vereda Leticia (Proponente);N/A;24;No Presentado; $ 7.375.100.000 ; $ -   ; $ 7.375.100.000 ; $ -   ; $ 7.375.100.000,00 ; $ -   ; $ -   ; $ -   ; $ -   ; $ -   ; $ -   ; $ -   ; $ -   ; $ -   ; $ -   ;Reducir la degradación progresiva de los ecosistemas estratégicos del DRMI Bahía de Cispatá en el territorio colectivo del C.C.C.P.C.N.L., asociada a procesos de deforestación y fortalecer el control y gobernanza comunitaria.;"Áreas en proceso de restauración Hectáreas 167,56
Número de asistencias técnicas Asistencias técnicas realizadas 41";100,00%;0,00%;0,00%;0,00%;0,00%;0,00%;0,00%;0,00%
2026;Restauración Ecologica;Avalada;11;Conservación de áreas ambientales estratégicas y lucha nacional contra la deforestación para comunidades negras, afrocolombianas, raizales y palenqueras;MinAmbiente (SGR);Ejecutor;Consejo Comunitario Legado Ancestral ;N/A;24;No Presentado; $ 7.649.900.050 ; $ -   ; $ 7.649.900.050 ; $ -   ; $ 7.649.900.050,00 ; $ -   ; $ -   ; $ -   ; $ -   ; $ -   ; $ -   ; $ -   ; $ -   ; $ -   ; $ -   ;Disminuir la pérdida progresiva de la biodiversidad y deterioro de la provisión de servicios ecosistémicos en áreas ambientales estratégicas del Consejo comunitario Legado Ancestral de Tumaco en Nariño.;"Áreas en proceso de restauración Hectáreas 307,43
Número de asistencias técnicas Asistencias técnicas realizadas 10";100,00%;0,00%;0,00%;0,00%;0,00%;0,00%;0,00%;0,00%
2026;Propuesta de Investigación Convocatoria;Avalada;1;FAPMIG 01/2026;Fundação de Amparo à Pesquisa do Estado de Minas Gerais – FAPEMIG, Brasil;Aliado;"1- Universidade Federal do Triângulo Mineiro (UFTM), campus Uberaba - Brasil
2- Universidade Federal de Uberlândia (UFU), campus Ituiutaba e campus Uberlândia - Brasil
3- Universidad Nacional de Córdoba (UNC) - Argentina";N/A;36;Enseñanza y Aprendizaje de la Física; $ 320.507.100 ; $ -   ; $ 320.507.100 ; $ -   ; $ 320.507.100,00 ; $ -   ; $ -   ; $ -   ; $ -   ; $ -   ; $ -   ; $ -   ; $ -   ; $ -   ; $ -   ;"Los datos generados en la investigación podrán interpretarse a partir de: transcripciones de entrevistas con mediadores, gestores y visitantes de las instituciones investigadas; grabaciones de audio y video; grupos focales; cuestionarios estructurados tabulados en software estadístico; registros in situ en museos; elaboración de matrices comparativas entre datos de espacios de Argentina, Colombia y Brasil; registros de intercambios realizados por el equipo; e informes de actividades conjuntas.
Participación en:
•Eventos académicos. (grupos de investigación, talleres y grupos de discusión entre investigadores)
•Eventos científicos nacionales e internacionales.
Se creará un espacio de difusión donde se presentarán los resultados finales de la investigación, el cual estará disponible en el canal Genfec o en los canales de los participantes.";"Se generarán estrategias planificadas para la preservación de datos, estos se protegerán de acuerdo con la LGPD (Ley General de Protección de Datos de Brasil) en servidores institucionales. En consonancia con las regulaciones de Ciencia Abierta y de la FAPEMIG. La colección estará disponible en repositorios institucionales, garantizando la transparencia y el acceso futuro.
Publicaciones:
•Artículos científicos en revistas del área de Educación con calificación Qualis/Capes A
•Libro electrónico de acceso abierto al final de la investigación.
•Actividades de extensión, talleres y exposiciones itinerantes.";100,00%;0,00%;0,00%;0,00%;0,00%;0,00%;0,00%;0,00%
2026;Propuesta de Investigación Convocatoria;No Avalada;976;CONVOCATORIA 976 COLOMBIA INTELIGENTE 2026;MinCiencias;Ejecutor;"•	Empresa Agencia ÁGATA
•	Red de Docentes Investigadores REDDI
";N/A;14;N/A; $ 2.400.000.000 ; $ -   ; $ 2.000.000.000 ; $ 400.000.000 ; $ 2.000.000.000,00 ; $ -   ; $ 400.000.000 ; $ -   ; $ -   ; $ -   ; $ -   ; $ -   ; $ -   ; $ -   ; $ -   ;"Resultados susceptibles de protección
•	Software del sistema TutorIA para Matemáticas y Programación (código fuente completo): protegido por derecho de autor como obra de software.
•	Modelo de IA entrenado con datos colombianos: protegible como obra científica y como know-how tecnológico.
•	Banco de ejercicios matemáticos contextualizados: protegible como base de datos y como obra colectiva.
•	Metodología de co-diseño para IA educativa en contextos rurales colombianos: publicable como conocimiento científico (artículo).
";"Productos tecnológicos
Sistema TutorIA funcional y validado: plataforma multiplataforma (aplicación Android y versión web progresiva) con motor de Inteligencia Artificial adaptativo, banco de más de 5.000 ejercicios, panel docente y panel de política pública, con código fuente completo publicado bajo licencia GNU AGPL v3 en repositorio público. Modelo de IA entrenado con datos reales de estudiantes colombianos de zonas rurales, documentado y publicado en repositorio abierto con sus pipelines de entrenamiento y evaluación.
Productos de nuevo conocimiento
Mínimo un artículo científico enviado a revista indexada en cuartil Q1 o Q2 en las áreas de Educational Technology, Artificial Intelligence in Education o Learning Analytics, con resultados del piloto cuasi-experimental. Ponencia en evento científico nacional o internacional de IA aplicada a educación. Grafo de conocimiento matemático multi-marco (estándares curriculares del MEN, Pruebas Saber del ICFES y PISA 2022) documentado y publicado como recurso educativo abierto.
Productos de formación
Mínimo 250 niñas, niños, adolescentes y jóvenes formados en pensamiento computacional y programación en los territorios del piloto. Mínimo 50 docentes rurales capacitados en pedagogía mediada por Inteligencia Artificial y uso del panel de analítica de aprendizaje. Guía metodológica de implementación del sistema en instituciones educativas rurales de baja conectividad, publicada bajo licencia Creative Commons CC BY-SA 4.0.
Productos de apropiación social
Piloto validado en mínimo 10 instituciones educativas de zonas rurales, PEDET y ZOMAC de al menos 3 departamentos, con informe técnico de resultados. Acuerdos de adopción institucional firmados con mínimo 2 Secretarías de Educación departamentales. Hoja de ruta de despliegue nacional acordada con el Ministerio de Educación Nacional.
";83,33%;16,67%;0,00%;100,00%;0,00%;0,00%;0,00%;0,00%
2026;Propuesta de Investigación Convocatoria;Avalada;976;CONVOCATORIA 976 COLOMBIA INTELIGENTE 2026;MinCiencias;Ejecutor;"•
Grupo De Investigación Y Desarrollo En Tecnologías De La Información Zeety S A S (Empresa Aliada)
•
Universidad Pedagógica y Tecnológica de Colombia (Co-ejecutora)";N/A;14;N/A; $ 2.400.000.000 ; $ -   ; $ 2.000.000.000 ; $ 400.000.000 ; $ 2.000.000.000,00 ; $ -   ; $ 400.000.000 ; $ -   ; $ -   ; $ -   ; $ -   ; $ -   ; $ -   ; $ -   ; $ -   ;"Mejora en las competencias matemáticas de estudiantes de primaria y secundaria en instituciones rurales, mediante el uso de aprendizaje adaptativo basado en IA.•
Personalización del aprendizaje, permitiendo que cada estudiante avance a su propio ritmo, reduciendo brechas de aprendizaje.
•
Aumento del rendimiento académico, evidenciado en mejores resultados en evaluaciones diagnósticas y finales.
•
Refuerzo continuo del aprendizaje, gracias a la disponibilidad de herramientas de apoyo educativo accesibles en cualquier momento.
•
Fortalecimiento de habilidades de pensamiento lógico y resolución de problemas, fundamentales para el desarrollo académico y profesional.
Beneficios tecnológicos
•
Implementación de una solución basada en Inteligencia Artificial aplicada a la educación, validada en entornos reales.
•
Desarrollo y optimización de modelos de IA educativos, adaptados a contextos rurales.
•
Generación de una plataforma escalable y replicable, que puede ser extendida a otras regiones del país.
•
Funcionamiento en entornos de baja conectividad, mediante soluciones híbridas u offline, garantizando accesibilidad.
•
Generación de analítica de aprendizaje, permitiendo la toma de decisiones basada en datos.
Beneficios en términos de impacto e innovación
•
Reducción de brechas educativas, especialmente en el área de matemáticas en zonas rurales.
•
Transformación de los procesos de enseñanza-aprendizaje, mediante la integración de Inteligencia Artificial en el aula.
•
Generación de conocimiento aplicado, que contribuye al desarrollo de políticas y estrategias educativas basadas en tecnología.
•
Avance en el nivel de madurez tecnológica (TRL 8), con una solución validada en condiciones reales.";"Una versión optimizada de la aplicación, con mejor desempeño técnico, mayor capacidad adaptativa y una experiencia de usuario mejorada.
•
Validación funcional de la solución en contextos reales, identificación de ajustes necesarios y evidencia de adopción inicial.
•
Evidencia cuantitativa del impacto de la solución en el fortalecimiento de competencias y reducción de brechas educativas, así como modelos de trayectorias de aprendizaje.
•
Una solución validada en entorno real (TRL 8), con modelo claro de sostenibilidad y lineamientos para su replicabilidad en otros territorios.";83,33%;16,67%;0,00%;100,00%;0,00%;0,00%;0,00%;0,00%
2026;Propuesta de Investigación Convocatoria;No Avalada;976;CONVOCATORIA 976 COLOMBIA INTELIGENTE 2026;MinCiencias;Ejecutor;SINNETIC;N/A;14;N/A; $ 2.200.000.000 ; $ -   ; $ 1.800.000.000 ; $ 400.000.000 ; $ 1.800.000.000,00 ; $ -   ; $ 400.000.000 ; $ -   ; $ -   ; $ -   ; $ -   ; $ -   ; $ -   ; $ -   ; $ -   ;"RE1. Modelo bayesiano geoespacial mejorado con integración IoT, capaz de generar alertas
accionables en tiempo real con una precisión predictiva superior al 80% (medida como
porcentaje de alertas confirmadas por inspección de campo). Indicador: precisión del modelo
≥ 80%; latencia de alertas ≤ 4 horas desde la detección.
RE2. Sistema de actuación IoT funcional compuesto por al menos 2 drones de diagnóstico y
aplicación, 20 electroválvulas inteligentes y 30 nodos de sensado desplegados en parcelas
piloto. Indicador: 100% de dispositivos operativos y comunicados con la plataforma central.
RE3. Plataforma CañaIA-IoT operativa con dashboard accesible desde dispositivos móviles,
probada por al menos 20 usuarios finales con una puntuación de usabilidad ≥ 70/100 en
escala SUS. Indicador: SUS score ≥ 70; adopción ≥ 80% de usuarios piloto.
RE4. Evidencia cuantitativa de impacto en productividad: incremento ≥ 8% en TCH o
rendimiento de sacarosa en parcelas tratadas vs. control, y reducción ≥ 15% en costos de
agroquímicos. Indicador: diferencia estadísticamente significativa (p < 0.05) en las variables
de productividad.
RE5. Al menos 250 jóvenes (14-24 años) hijos de agricultores y trabajadores cañicultores
formados en programación con Python y matemáticas aplicadas al agro, con certificación de
competencias. Un (1) producto de Apropiación Social del Conocimiento y un (1) producto de
Divulgación Pública de la Ciencia.
RE6. Al menos 3 artículos científicos tipo publicable sometidos a revistas indexadas (1 por el
doctor postdoctoral, 1 por cada estudiante de maestría, 1 por los jóvenes investigadores).
Una solicitud de patente o registro de software para la plataforma CañaIA-IoT.";"Los productos esperados del proyecto, alineados con los objetivos de la convocatoria,
incluyen: un prototipo funcional de la plataforma CañaIA-IoT validado en entorno operativo
(TRL 7); un producto tecnológico (software) nuevo, validado y con potencial de certificación;
documentación técnica completa para replicación en otros cultivos; artículos científicos
sometidos a revistas indexadas; productos de apropiación social del conocimiento y
divulgación pública de la ciencia; y fortalecimiento de capacidades regionales en IA y IoT
aplicadas al agro.";81,82%;18,18%;0,00%;100,00%;0,00%;0,00%;0,00%;0,00%
2026;Propuesta de Investigación Convocatoria;Avalada;976;CONVOCATORIA 976 COLOMBIA INTELIGENTE 2026;MinCiencias;Ejecutor;"• Universidad de Cundinamarca
• Universidad Pedagógica y Tecnológica de Colombia UPTC
• LogOn Colombia SAS
• Asociación de Productores Agropecuarios de La Calera
• Asociación Agropecuaria en Unión de la mujer Rural municipio de Silvania";N/A;14;LIDER|; $ 2.400.000.000 ; $ -   ; $ 2.000.000.000 ; $ 400.000.000 ; $ 2.000.000.000,00 ; $ -   ; $ 400.000.000 ; $ -   ; $ -   ; $ -   ; $ -   ; $ -   ; $ -   ; $ -   ; $ -   ;"Los resultados del proyecto se alinean directamente con los objetivos específicos y generan
conocimiento aplicado en inteligencia artificial para agricultura de precisión, contribuyendo al
desarrollo ambiental, social y económico de las regiones rurales beneficiadas.
Resultado 1 (OE1): Infraestructura de monitoreo WSN-IoT-LPWAN operativa y
escalable
Red de sensores que cubre el 95% del área agrícola objetivo (mínimo 200 hectáreas en
múltiples zonas piloto) con monitoreo 24/7 de temperatura (±0.5°C), humedad (±2%), viento
y precipitación; 98.5% de uptime; transmisión de alertas tempranas con mínimo 360 minutos
de antelación a eventos de helada; y conectividad comunitaria mediante radioenlaces que
reduce la brecha digital para al menos 150 estudiantes del área de influencia. Indicador
verificable: número de nodos operativos, porcentaje de uptime y registros de alertas
enviadas.
Resultado 2 (OE2): Modelos de IA validados para predicción agroclimática y
detección de plagas
Plataforma con precisión predictiva del 87±3% (RMSE temperatura ≤0.8°C), F1-score de
detección de plagas ≥0.89±0.04, AUC heladas ≥0.93; sistema difuso evolutivo con ECM
<0.15 para optimización hídrica. Los modelos incluyen LSTM bidireccional, Random Forest
complementado con GAN para imágenes sintéticas de plagas, y sistemas difusos con 25
reglas Mamdani.
Producción científica obligatoria asociada a este resultado, por responsable:
• Doctor en estancia postdoctoral: 1 artículo Tipo TOP o Tipo A (Scopus Q1-Q2)
sobre predicción de temperatura mínima con LSTM multivariante en zonas
altoandinas colombianas.
• Joven Investigador 2: 1 artículo categoría A1-C (Publindex) sobre Random Forest y
GAN para detección temprana de plagas en cultivos de ciclo corto.
DOCUMENTO CONFIDENCIAL UNIVERSIDAD DISTRITAL FRANCISCO JOSÉ DE CALDAS
• Estudiante de Maestría 1: 1 artículo categoría A1-B (Publindex) sobre sistemas
difusos evolutivos para optimización hídrica en invernaderos de montaña tropical.
• Universidad de Cundinamarca (aliada): coautoría en 1 artículo A2-C (Publindex)
sobre validación de la plataforma e impacto en la resiliencia agroclimática regional.
Indicador verificable: artículos sometidos o en proceso de sometimiento antes del cierre del
proyecto, certificados por el Investigador Principal; métricas RMSE ≤0,8°C, F1-score ≥0,89
y AUC ≥0,93 validadas en campo contra datos IDEAM.
Resultado 3 (OE3): Plataforma PREDICAMPO 2.0 funcional y desplegada
Dashboard web y aplicación móvil accesibles en modo offline-first, con capacidad para 200
usuarios concurrentes, latencia de inferencia <3 segundos, y puntuación SUS de usabilidad
≥85/100 evaluada con 45 agricultores. Repositorio de código fuente abierto (GitHub, licencia
MIT). Ecosistema de datos históricos con mínimo 2.5 millones de registros climáticos
validados disponibles bajo licencia Creative Commons. Indicador verificable: número de
usuarios activos, registros de uso de la plataforma, puntaje SUS.
Resultado 4 (OE4): Sistema validado con comunidades y organizaciones
campesinas
Validación con mínimo 5 comunidades piloto, ROI ≥300% en el primer año de operación,
adopción del ≥80% por parte de agricultores beneficiarios, reducción del ≥20% en pérdidas
productivas medida en las fincas participantes. Manual de replicabilidad técnica (mínimo 120
páginas) con especificaciones de arquitectura, protocolos de calibración y plan de
escalabilidad para municipios altoandinos similares. Indicador verificable: encuestas de
impacto productivo, registros de pérdidas antes/después, número de organizaciones activas
en la plataforma.
Resultados en formación y capacidades:
Los productos científicos, tecnológicos y de apropiación social del conocimiento son de
carácter obligatorio conforme a los numerales 5, 6, 7 y 12 de los Términos de Referencia de
la convocatoria ColombIA Inteligente 2026 y al Anexo 1 de la Convocatoria 957 de 2024 de
Minciencias. A continuación se detallan por responsable:";"Univ. Distrital FJDC (ejecutora): Plataforma PREDICAMPO 2.0 · Manual de
replicabilidad (120 pp.) · Ecosistema de datos (2,5M registros) · Código abierto
MIT/GitHub · 1 ponencia en congreso nacional/internacional.
• Univ. de Cundinamarca (aliada): 1 artículo A2-C Publindex en coautoría sobre
impacto en resiliencia agroclimática + 1 ponencia en evento regional.
• Doctor en estancia postdoctoral (14 meses): 1 artículo Tipo TOP/A Scopus Q1-Q2
sobre LSTM altoandino + 1 producto Divulgación Pública de la Ciencia + 1 informe
técnico final.
• Joven Investigador 1 (12 meses): 1 artículo A1-C Publindex sobre WSN-LPWAN en
zonas sin conectividad + informe de avance (mes 6) + informe final (mes 12).
• Joven Investigador 2 (12 meses): 1 artículo A1-C Publindex sobre Random Forest y
GAN para detección de plagas + informe de avance (mes 6) + informe final (mes 12).
• Estudiante de Maestría 1 (12 meses): 1 artículo A1-B Publindex sobre sistemas
difusos evolutivos para optimización hídrica + informe técnico final.
• Estudiante de Maestría 2 (12 meses): 1 artículo A1-B Publindex sobre impacto de
PREDICAMPO 2.0 en comunidades campesinas + informe técnico final.
• Semillero de Investigación (10+ estudiantes): 2 productos ASC — taller
comunitario IoT (250 jóvenes) + cartilla/infografía divulgativa.
• Empresa nacional aliada: 1 prototipo tecnológico co-desarrollado (Desarrollo
Tecnológico e Innovación, Convocatoria 957/2024) + contrapartida + soporte técnico
en campo. Sin obligación de artículos indexados propios según TDR.
• Organización Local-Regional: Participación activa en validación de pilotos y
apropiación de PREDICAMPO 2.0. Sin obligación de producción académica indexada
según TDR.
• Consolidado mínimo: 6 artículos indexados + 2 ponencias + 2 productos ASC + 1
producto Divulgación Pública de la Ciencia + 7 informes técnicos + 1 plataforma + 1
prototipo + 1 manual + 2 trabajos de grado.
• Programa formativo: 3 talleres para 45+ agricultores sobre plataformas predictivas y
uso de la app; kit de replicación hardware con nodos sensores preconfigurados;
helpdesk técnico 24/7 durante 12 meses post-implementación.
• Capital humano formado: Jóvenes investigadores con certificación en programación
de IA (Python, TensorFlow, LoRaWAN), estudiantes de maestría y semillero de
investigación activo.
• Acuerdos institucionales: Convenios de cooperación formalizados con al menos 5
organizaciones campesinas y alianzas con entidades de apoyo (IDEAM, SENA,
gobernaciones) para sostenibilidad y escalamiento.";83,33%;16,67%;0,00%;100,00%;0,00%;0,00%;0,00%;0,00%
2026;Propuesta de Investigación Convocatoria;Avalada;976;CONVOCATORIA 976 COLOMBIA INTELIGENTE 2026;MinCiencias;Aliado;INSTITUCIÓN UNIVRSITARIA DEL PUTUMAYO (IES) [antes Instituto Tecnológico del Putumayo], SOFTPROJECT COLOMBIA ZOMAC S.A.S, ASOCIACION DE AFRODESENDIENTES DE SAN JOSE DEL FRAGUA- CAQUETA. AAFROSA,;N/A;14;Gitem++; $ 2.400.000.000 ; $ -   ; $ 2.000.000.000 ; $ 400.000.000 ; $ 2.000.000.000,00 ; $ -   ; $ -   ; $ -   ; $ 400.000.000 ; $ -   ; $ -   ; $ -   ; $ -   ; $ -   ; $ -   ;0;0;83,33%;0,00%;0,00%;0,00%;16,67%;0,00%;0,00%;0,00%
